,Date,Use_kWh,AvgTempF,AvgDewPF
0,2009-01-08,12671.0,37.8,25.2
1,2009-01-09,12659.0,32.5,14.6
2,2009-01-10,11910.0,34.9,21.4
3,2009-01-11,11772.0,36.7,29.7
4,2009-01-12,12613.0,32.0,18.1
5,2009-01-13,12647.0,33.2,25.4
6,2009-01-14,12437.0,29.2,11.2
7,2009-01-15,12390.0,26.0,9.4
8,2009-01-16,12379.0,15.6,-6.9
9,2009-01-17,12186.0,14.4,-4.9
10,2009-01-18,12193.0,30.7,10.3
11,2009-01-19,12126.0,30.3,22.1
12,2009-01-20,12198.0,25.5,11.9
13,2009-01-21,12422.0,25.1,5.4
14,2009-01-22,12868.0,28.5,11.1
15,2009-01-23,12666.0,35.2,21.7
16,2009-01-24,12038.0,41.3,23.4
17,2009-01-25,11960.0,25.8,7.0
18,2009-01-26,12649.0,28.0,13.0
19,2009-01-27,12875.0,29.4,21.6
20,2009-01-28,12909.0,30.8,29.1
21,2009-01-29,12819.0,34.0,20.9
22,2009-01-30,12894.0,32.2,21.6
23,2009-01-31,12610.0,28.5,6.6
24,2009-02-01,12630.0,39.4,19.4
25,2009-02-02,13106.0,45.3,28.6
26,2009-02-03,12927.0,36.0,27.0
27,2009-02-04,13059.0,30.1,15.3
28,2009-02-05,13229.0,21.7,1.3
29,2009-02-06,13054.0,26.8,7.2
30,2009-02-07,12545.0,37.9,24.6
31,2009-02-08,12756.0,53.1,32.7
32,2009-02-09,13206.0,43.0,28.3
33,2009-02-10,13282.0,45.9,34.4
34,2009-02-11,13482.0,57.5,45.7
35,2009-02-12,13300.0,58.2,34.7
36,2009-02-13,13037.0,47.1,19.8
37,2009-02-14,11136.0,39.5,23.9
38,2009-02-15,10572.0,37.6,22.1
39,2009-02-16,10688.0,35.8,17.4
40,2009-02-17,12173.0,33.6,13.2
41,2009-02-18,13081.0,36.2,26.5
42,2009-02-19,13333.0,44.2,33.4
43,2009-02-20,13076.0,29.7,4.6
44,2009-02-21,12509.0,33.8,10.1
45,2009-02-22,12472.0,37.8,23.8
46,2009-02-23,13073.0,31.6,10.4
47,2009-02-24,13330.0,28.8,7.0
48,2009-02-25,13106.0,35.1,14.2
49,2009-02-26,13141.0,42.7,23.8
50,2009-02-27,13254.0,52.5,40.2
51,2009-02-28,12605.0,45.2,32.5
52,2009-03-01,12606.0,34.6,26.9
53,2009-03-02,12825.0,24.3,14.6
54,2009-03-03,12887.0,20.8,1.0
55,2009-03-04,12930.0,28.3,4.7
56,2009-03-05,13279.0,35.4,19.8
57,2009-03-06,13375.0,47.9,31.8
58,2009-03-07,12689.0,56.0,44.5
59,2009-03-08,12286.0,63.2,47.5
60,2009-03-09,13303.0,61.7,41.5
61,2009-03-10,13147.0,45.0,32.9
62,2009-03-11,13339.0,52.1,42.6
63,2009-03-12,11439.0,46.1,15.5
64,2009-03-13,10168.0,39.0,24.1
65,2009-03-14,9956.0,39.2,33.2
66,2009-03-15,11436.0,41.1,37.2
67,2009-03-16,13196.0,45.6,40.7
68,2009-03-17,13033.0,45.2,38.9
69,2009-03-18,13390.0,47.7,41.9
70,2009-03-19,13580.0,52.4,43.8
71,2009-03-20,13207.0,44.5,27.1
72,2009-03-21,12510.0,39.9,17.8
73,2009-03-22,12675.0,46.1,25.2
74,2009-03-23,13236.0,45.7,18.4
75,2009-03-24,13228.0,39.4,5.8
76,2009-03-25,13188.0,42.5,15.2
77,2009-03-26,13216.0,45.2,35.4
78,2009-03-27,13419.0,52.0,44.6
79,2009-03-28,12913.0,50.3,47.4
80,2009-03-29,12963.0,55.9,49.0
81,2009-03-30,13180.0,51.3,29.8
82,2009-03-31,13159.0,48.6,29.6
83,2009-04-01,13404.0,51.1,43.0
84,2009-04-02,13622.0,54.8,52.3
85,2009-04-03,13513.0,61.7,53.2
86,2009-04-04,12753.0,57.2,29.2
87,2009-04-05,12835.0,57.6,29.8
88,2009-04-06,13619.0,58.8,45.9
89,2009-04-07,12952.0,44.5,23.5
90,2009-04-08,13249.0,45.1,22.2
91,2009-04-09,13367.0,51.6,26.9
92,2009-04-10,13507.0,57.4,38.5
93,2009-04-11,13041.0,55.7,46.7
94,2009-04-12,12753.0,47.6,22.9
95,2009-04-13,13141.0,46.4,20.0
96,2009-04-14,13099.0,47.1,43.0
97,2009-04-15,13203.0,46.5,43.8
98,2009-04-16,13373.0,49.7,35.4
99,2009-04-17,13392.0,56.3,34.0
100,2009-04-18,12851.0,61.7,37.3
101,2009-04-19,13058.0,61.0,44.4
102,2009-04-20,13637.0,53.5,47.5
103,2009-04-21,13566.0,57.5,49.4
104,2009-04-22,13388.0,51.6,42.3
105,2009-04-23,13181.0,54.0,32.7
106,2009-04-24,13511.0,57.6,40.5
107,2009-04-25,13551.0,68.1,54.1
108,2009-04-26,13878.0,75.8,56.2
109,2009-04-27,14278.0,74.8,54.4
110,2009-04-28,14207.0,75.9,51.0
111,2009-04-29,13897.0,63.1,51.0
112,2009-04-30,13755.0,55.0,46.1
113,2009-05-01,13917.0,65.7,57.8
114,2009-05-02,13350.0,66.4,56.9
115,2009-05-03,13203.0,59.4,56.2
116,2009-05-04,13534.0,55.4,52.7
117,2009-05-05,13450.0,55.2,49.9
118,2009-05-06,13505.0,58.5,54.2
119,2009-05-07,14072.0,64.9,61.4
120,2009-05-08,14042.0,65.0,58.9
121,2009-05-09,13987.0,73.0,62.1
122,2009-05-10,13430.0,69.3,44.0
123,2009-05-11,13566.0,59.7,41.8
124,2009-05-12,13216.0,57.1,45.0
125,2009-05-13,13298.0,60.5,44.1
126,2009-05-14,13983.0,65.5,55.1
127,2009-05-15,14215.0,69.8,64.3
128,2009-05-16,13569.0,70.6,64.8
129,2009-05-17,13121.0,63.4,53.1
130,2009-05-18,13347.0,56.7,31.0
131,2009-05-19,13501.0,57.4,36.8
132,2009-05-20,13651.0,61.6,44.5
133,2009-05-21,13827.0,65.4,46.7
134,2009-05-22,14163.0,69.7,58.4
135,2009-05-23,13982.0,74.1,62.2
136,2009-05-24,14015.0,73.5,64.8
137,2009-05-25,14013.0,73.4,66.6
138,2009-05-26,13956.0,65.5,61.9
139,2009-05-27,13901.0,62.9,58.1
140,2009-05-28,14250.0,70.9,64.3
141,2009-05-29,14550.0,72.2,66.8
142,2009-05-30,13605.0,69.7,54.7
143,2009-05-31,13572.0,70.3,54.3
144,2009-06-01,14062.0,66.1,43.8
145,2009-06-02,14602.0,72.3,60.4
146,2009-06-03,15359.0,73.7,64.0
147,2009-06-04,14761.0,63.7,59.1
148,2009-06-05,14274.0,61.7,58.6
149,2009-06-06,13768.0,65.6,58.0
150,2009-06-07,14191.0,69.4,61.1
151,2009-06-08,15206.0,74.2,64.2
152,2009-06-09,15677.0,74.7,67.4
153,2009-06-10,15183.0,70.6,64.1
154,2009-06-11,15100.0,72.9,66.7
155,2009-06-12,14608.0,77.3,66.8
156,2009-06-13,13715.0,77.2,63.2
157,2009-06-14,13789.0,74.8,58.7
158,2009-06-15,14388.0,73.7,60.0
159,2009-06-16,14500.0,72.7,64.0
160,2009-06-17,14237.0,65.3,58.6
161,2009-06-18,15648.0,71.0,65.9
162,2009-06-19,15732.0,74.1,61.8
163,2009-06-20,15044.0,76.3,69.3
164,2009-06-21,15131.0,76.0,61.6
165,2009-06-22,15581.0,75.5,60.8
166,2009-06-23,15551.0,76.4,60.7
167,2009-06-24,15656.0,76.7,61.0
168,2009-06-25,16017.0,80.2,59.2
169,2009-06-26,16449.0,79.1,68.4
170,2009-06-27,15265.0,75.7,62.4
171,2009-06-28,14945.0,73.9,59.8
172,2009-06-29,15646.0,75.4,58.8
173,2009-06-30,15756.0,75.8,60.6
174,2009-07-01,15798.0,75.2,62.8
175,2009-07-02,15615.0,73.0,61.8
176,2009-07-03,14877.0,70.8,56.2
177,2009-07-04,14959.0,73.8,56.7
178,2009-07-05,14709.0,71.9,53.8
179,2009-07-06,15422.0,72.0,57.2
180,2009-07-07,15702.0,77.4,58.7
181,2009-07-08,15363.0,75.9,51.4
182,2009-07-09,15717.0,73.3,54.9
183,2009-07-10,15724.0,71.9,58.3
184,2009-07-11,15384.0,74.3,62.4
185,2009-07-12,15720.0,80.1,64.3
186,2009-07-13,15897.0,79.0,55.0
187,2009-07-14,15805.0,75.6,45.7
188,2009-07-15,15983.0,76.9,54.9
189,2009-07-16,16677.0,82.3,61.8
190,2009-07-17,16615.0,79.4,67.9
191,2009-07-18,15671.0,74.7,58.7
192,2009-07-19,15504.0,73.5,52.8
193,2009-07-20,16140.0,75.6,59.8
194,2009-07-21,16140.0,76.1,61.3
195,2009-07-22,16506.0,78.7,65.4
196,2009-07-23,16981.0,78.0,67.8
197,2009-07-24,16267.0,75.7,64.4
198,2009-07-25,15939.0,79.3,63.9
199,2009-07-26,16066.0,78.0,65.7
200,2009-07-27,16773.0,79.0,68.4
201,2009-07-28,17035.0,80.5,68.9
202,2009-07-29,17011.0,80.5,70.6
203,2009-07-30,16809.0,78.3,67.3
204,2009-07-31,16934.0,79.4,69.8
205,2009-08-01,16262.0,77.8,66.8
206,2009-08-02,16511.0,76.3,70.0
207,2009-08-03,16606.0,78.5,65.5
208,2009-08-04,16722.0,80.2,66.6
209,2009-08-05,16597.0,80.7,64.3
210,2009-08-06,16662.0,75.2,65.7
211,2009-08-07,15823.0,74.2,54.0
212,2009-08-08,15895.0,76.8,58.6
213,2009-08-09,16747.0,82.8,68.7
214,2009-08-10,17398.0,86.6,67.3
215,2009-08-11,17648.0,83.4,69.5
216,2009-08-12,17126.0,80.7,67.0
217,2009-08-13,17058.0,78.9,66.3
218,2009-08-14,17137.0,77.7,67.5
219,2009-08-15,16678.0,79.6,65.9
220,2009-08-16,16501.0,80.6,63.4
221,2009-08-17,17286.0,80.9,65.5
222,2009-08-18,17399.0,82.7,67.1
223,2009-08-19,17498.0,80.8,70.8
224,2009-08-20,17676.0,80.6,71.4
225,2009-08-21,17589.0,83.9,71.5
226,2009-08-22,16791.0,76.5,71.0
227,2009-08-23,16097.0,77.2,65.9
228,2009-08-24,16475.0,77.6,60.6
229,2009-08-25,16652.0,77.4,62.3
230,2009-08-26,17058.0,79.5,65.4
231,2009-08-27,17089.0,81.3,66.2
232,2009-08-28,17230.0,76.4,69.7
233,2009-08-29,16470.0,76.7,69.9
234,2009-08-30,15809.0,77.8,61.8
235,2009-08-31,15745.0,70.1,51.5
236,2009-09-01,15566.0,67.4,48.0
237,2009-09-02,15536.0,67.6,52.5
238,2009-09-03,15776.0,69.7,52.6
239,2009-09-04,15927.0,72.8,54.0
240,2009-09-05,15631.0,75.6,59.2
241,2009-09-06,15671.0,74.6,59.3
242,2009-09-07,15921.0,70.3,64.6
243,2009-09-08,15378.0,69.0,61.8
244,2009-09-09,14859.0,70.4,60.1
245,2009-09-10,14723.0,68.5,56.3
246,2009-09-11,14489.0,63.2,54.7
247,2009-09-12,14279.0,66.8,56.8
248,2009-09-13,14351.0,71.5,58.9
249,2009-09-14,14955.0,73.3,57.7
250,2009-09-15,15038.0,74.6,61.6
251,2009-09-16,14884.0,72.1,62.9
252,2009-09-17,14912.0,66.1,59.3
253,2009-09-18,15023.0,68.3,60.1
254,2009-09-19,14198.0,69.3,56.1
255,2009-09-20,14161.0,65.3,51.2
256,2009-09-21,14800.0,67.8,56.0
257,2009-09-22,15091.0,72.1,63.9
258,2009-09-23,15097.0,75.9,67.3
259,2009-09-24,15247.0,78.7,67.5
260,2009-09-25,14722.0,71.3,57.1
261,2009-09-26,14401.0,64.2,53.0
262,2009-09-27,14577.0,66.5,59.9
263,2009-09-28,14702.0,67.6,53.7
264,2009-09-29,14471.0,63.2,40.5
265,2009-09-30,14573.0,61.3,46.9
266,2009-10-01,14440.0,57.6,44.3
267,2009-10-02,14568.0,62.0,51.4
268,2009-10-03,14108.0,69.2,57.6
269,2009-10-04,13823.0,64.1,47.1
270,2009-10-05,14217.0,62.8,41.6
271,2009-10-06,14482.0,61.5,49.0
272,2009-10-07,13284.0,67.5,51.5
273,2009-10-08,13850.0,60.7,40.0
274,2009-10-09,14541.0,69.4,52.2
275,2009-10-10,14239.0,70.7,58.7
276,2009-10-11,13530.0,57.8,41.8
277,2009-10-12,13530.0,54.0,40.7
278,2009-10-13,14167.0,58.5,45.4
279,2009-10-14,14142.0,50.8,34.3
280,2009-10-15,14315.0,47.1,42.8
281,2009-10-16,13844.0,44.1,39.7
282,2009-10-17,13116.0,44.8,40.7
283,2009-10-18,13040.0,45.4,37.7
284,2009-10-19,13722.0,48.4,31.7
285,2009-10-20,13854.0,51.9,39.0
286,2009-10-21,14001.0,58.5,45.4
287,2009-10-22,14176.0,59.8,49.4
288,2009-10-23,14164.0,60.7,50.9
289,2009-10-24,14238.0,66.7,61.3
290,2009-10-25,13591.0,58.1,40.8
291,2009-10-26,13994.0,53.4,42.5
292,2009-10-27,14304.0,56.0,51.7
293,2009-10-28,14304.0,62.1,55.0
294,2009-10-29,14398.0,59.7,50.4
295,2009-10-30,14255.0,56.4,48.8
296,2009-10-31,14017.0,61.8,58.0
297,2009-11-01,14125.0,55.4,47.6
298,2009-11-02,14205.0,54.6,41.3
299,2009-11-03,14345.0,53.0,42.0
300,2009-11-04,14125.0,48.8,28.5
301,2009-11-05,14305.0,50.6,34.6
302,2009-11-06,13912.0,47.3,26.9
303,2009-11-07,13408.0,46.0,31.9
304,2009-11-08,13699.0,56.3,40.8
305,2009-11-09,14506.0,56.9,46.7
306,2009-11-10,14578.0,58.5,49.5
307,2009-11-11,13899.0,52.8,45.3
308,2009-11-12,14087.0,45.7,40.6
309,2009-11-13,14067.0,52.2,43.2
310,2009-11-14,13555.0,55.9,50.7
311,2009-11-15,13344.0,59.0,49.7
312,2009-11-16,14147.0,57.7,47.6
313,2009-11-17,13966.0,52.7,36.5
314,2009-11-18,14059.0,51.1,42.3
315,2009-11-19,14586.0,56.2,51.7
316,2009-11-20,14041.0,56.7,45.7
317,2009-11-21,13456.0,50.5,37.5
318,2009-11-22,13565.0,49.6,39.0
319,2009-11-23,14249.0,48.5,42.8
320,2009-11-24,13839.0,49.7,46.3
321,2009-11-25,13877.0,52.8,49.7
322,2009-11-26,13701.0,48.4,46.0
323,2009-11-27,13372.0,46.2,34.2
324,2009-11-28,13169.0,44.7,26.8
325,2009-11-29,13285.0,47.0,34.4
326,2009-11-30,13883.0,53.3,41.9
327,2009-12-01,13761.0,44.1,27.1
328,2009-12-02,13926.0,46.2,37.0
329,2009-12-03,14237.0,58.8,48.2
330,2009-12-04,13838.0,47.0,34.1
331,2009-12-05,13561.0,41.3,33.2
332,2009-12-06,13197.0,34.4,22.5
333,2009-12-07,13650.0,37.0,24.9
334,2009-12-08,13759.0,40.4,28.2
335,2009-12-09,13693.0,43.5,37.4
336,2009-12-10,13356.0,44.2,26.0
337,2009-12-11,13716.0,31.5,3.4
338,2009-12-12,13288.0,34.1,9.6
339,2009-12-13,13499.0,37.5,27.8
340,2009-12-14,13743.0,40.1,36.7
341,2009-12-15,13635.0,48.2,42.0
342,2009-12-16,13278.0,39.3,17.9
343,2009-12-17,13480.0,32.2,10.8
344,2009-12-18,13617.0,31.8,16.6
345,2009-12-19,13427.0,28.1,22.6
346,2009-12-20,13201.0,30.4,19.5
347,2009-12-21,13328.0,32.9,18.2
348,2009-12-22,12994.0,36.0,23.6
349,2009-12-23,12926.0,35.1,18.6
350,2009-12-24,12982.0,31.0,15.8
351,2009-12-25,12908.0,34.2,27.8
352,2009-12-26,12635.0,46.6,44.2
353,2009-12-27,12540.0,41.7,34.5
354,2009-12-28,12946.0,37.3,21.6
355,2009-12-29,13110.0,32.4,10.4
356,2009-12-30,13094.0,27.6,10.4
357,2009-12-31,13122.0,33.5,24.4
358,2010-01-01,12643.0,37.4,31.6
359,2010-01-02,12633.0,28.6,9.5
360,2010-01-03,12643.0,21.5,1.2
361,2010-01-04,12840.0,27.2,8.4
362,2010-01-05,12759.0,30.3,11.7
363,2010-01-06,13097.0,31.9,14.3
364,2010-01-07,13394.0,32.8,16.4
365,2010-01-08,13458.0,29.9,17.4
366,2010-01-09,13176.0,28.4,10.7
367,2010-01-10,13228.0,26.0,6.2
368,2010-01-11,13567.0,27.0,7.7
369,2010-01-12,13830.0,31.7,15.1
370,2010-01-13,13924.0,34.0,15.9
371,2010-01-14,14000.0,36.0,21.0
372,2010-01-15,13722.0,39.2,25.7
373,2010-01-16,13116.0,41.5,33.0
374,2010-01-17,13197.0,40.6,35.7
375,2010-01-18,13359.0,46.0,36.9
376,2010-01-19,13717.0,43.5,34.3
377,2010-01-20,13568.0,40.9,29.0
378,2010-01-21,13802.0,37.8,23.3
379,2010-01-22,13825.0,38.3,28.4
380,2010-01-23,13087.0,38.7,23.8
381,2010-01-24,13365.0,39.3,31.5
382,2010-01-25,13914.0,58.6,50.6
383,2010-01-26,13702.0,43.7,25.7
384,2010-01-27,13546.0,37.7,19.0
385,2010-01-28,13827.0,41.1,23.6
386,2010-01-29,13666.0,25.4,2.8
387,2010-01-30,13348.0,21.0,5.4
388,2010-01-31,13210.0,22.3,4.9
389,2010-02-01,13762.0,29.3,11.4
390,2010-02-02,13921.0,32.8,21.2
391,2010-02-03,13667.0,35.4,29.0
392,2010-02-04,13905.0,36.6,19.5
393,2010-02-05,13616.0,34.9,25.6
394,2010-02-06,13512.0,29.6,26.5
395,2010-02-07,13300.0,23.4,11.9
396,2010-02-08,13493.0,27.0,11.8
397,2010-02-09,13413.0,28.9,15.9
398,2010-02-10,13224.0,27.0,22.7
399,2010-02-11,13312.0,32.4,18.5
400,2010-02-12,13414.0,32.9,17.1
401,2010-02-13,13167.0,31.3,15.6
402,2010-02-14,13153.0,31.2,14.1
403,2010-02-15,13287.0,30.7,20.0
404,2010-02-16,12182.0,32.6,18.8
405,2010-02-17,13490.0,31.4,16.3
406,2010-02-18,13641.0,38.0,21.0
407,2010-02-19,12899.0,39.9,21.5
408,2010-02-20,12923.0,39.6,19.1
409,2010-02-21,12943.0,40.7,21.6
410,2010-02-22,13268.0,40.6,29.4
411,2010-02-23,13235.0,39.0,34.0
412,2010-02-24,13173.0,41.3,28.3
413,2010-02-25,13385.0,39.2,25.3
414,2010-02-26,13303.0,34.2,15.1
415,2010-02-27,12769.0,37.5,21.9
416,2010-02-28,12787.0,40.4,22.2
417,2010-03-01,13265.0,42.1,26.5
418,2010-03-02,13350.0,40.9,26.9
419,2010-03-03,13274.0,38.7,32.7
420,2010-03-04,13187.0,41.3,22.9
421,2010-03-05,13230.0,42.0,17.2
422,2010-03-06,12911.0,42.8,14.8
423,2010-03-07,12838.0,47.4,11.8
424,2010-03-08,13335.0,49.0,15.0
425,2010-03-09,13541.0,52.6,20.4
426,2010-03-10,13370.0,51.9,33.8
427,2010-03-11,13103.0,53.3,44.8
428,2010-03-12,13580.0,53.1,48.6
429,2010-03-13,12706.0,51.7,47.9
430,2010-03-14,11553.0,50.5,46.5
431,2010-03-15,11915.0,48.6,42.1
432,2010-03-16,12617.0,51.6,32.9
433,2010-03-17,12938.0,53.9,30.6
434,2010-03-18,12852.0,56.7,29.9
435,2010-03-19,12698.0,58.3,33.4
436,2010-03-20,12163.0,59.1,36.4
437,2010-03-21,12206.0,60.9,40.3
438,2010-03-22,12768.0,62.0,52.8
439,2010-03-23,12522.0,51.3,38.4
440,2010-03-24,12496.0,55.2,33.0
441,2010-03-25,12861.0,58.4,37.9
442,2010-03-26,12494.0,52.3,40.2
443,2010-03-27,10501.0,41.1,17.0
444,2010-03-28,12303.0,46.8,36.4
445,2010-03-29,12950.0,54.0,49.1
446,2010-03-30,12798.0,51.7,36.7
447,2010-03-31,12711.0,57.0,29.6
448,2010-04-01,12821.0,59.9,40.0
449,2010-04-02,12602.0,62.7,45.7
450,2010-04-03,12441.0,59.2,47.9
451,2010-04-04,12364.0,64.7,48.3
452,2010-04-05,13027.0,66.8,50.8
453,2010-04-06,13606.0,73.5,54.8
454,2010-04-07,13473.0,77.5,50.1
455,2010-04-08,13837.0,77.2,51.9
456,2010-04-09,12818.0,56.6,40.0
457,2010-04-10,12087.0,52.5,28.0
458,2010-04-11,12174.0,59.3,39.0
459,2010-04-12,12652.0,64.9,36.8
460,2010-04-13,12720.0,54.7,38.1
461,2010-04-14,12568.0,52.4,40.2
462,2010-04-15,12868.0,57.2,42.5
463,2010-04-16,13106.0,70.1,49.5
464,2010-04-17,12049.0,64.1,39.8
465,2010-04-18,11917.0,49.1,29.6
466,2010-04-19,12335.0,54.4,33.7
467,2010-04-20,12071.0,57.8,37.0
468,2010-04-21,12524.0,56.1,46.8
469,2010-04-22,12761.0,60.0,46.4
470,2010-04-23,12564.0,63.2,40.6
471,2010-04-24,12057.0,58.4,39.8
472,2010-04-25,12396.0,60.5,53.0
473,2010-04-26,12687.0,56.7,52.4
474,2010-04-27,12654.0,58.8,45.1
475,2010-04-28,12431.0,51.1,27.0
476,2010-04-29,12629.0,57.6,28.3
477,2010-04-30,12838.0,64.6,44.5
478,2010-05-01,12855.0,72.3,55.8
479,2010-05-02,13847.0,77.7,65.8
480,2010-05-03,14219.0,78.0,67.1
481,2010-05-04,13443.0,75.6,57.2
482,2010-05-05,13146.0,72.7,48.9
483,2010-05-06,13451.0,75.5,53.8
484,2010-05-07,12973.0,68.8,41.5
485,2010-05-08,12534.0,71.6,47.6
486,2010-05-09,12046.0,57.0,30.1
487,2010-05-10,12461.0,54.3,26.2
488,2010-05-11,12705.0,53.6,35.1
489,2010-05-12,13050.0,64.2,53.7
490,2010-05-13,12760.0,56.9,48.5
491,2010-05-14,13603.0,69.0,58.3
492,2010-05-15,12678.0,73.0,51.5
493,2010-05-16,12497.0,68.2,49.3
494,2010-05-17,13013.0,61.5,51.2
495,2010-05-18,12797.0,54.9,49.4
496,2010-05-19,12764.0,57.9,48.3
497,2010-05-20,13343.0,66.9,51.3
498,2010-05-21,13480.0,71.6,54.1
499,2010-05-22,13048.0,71.1,56.6
500,2010-05-23,13382.0,69.9,63.5
501,2010-05-24,13668.0,70.1,61.4
502,2010-05-25,13871.0,71.7,62.2
503,2010-05-26,14157.0,75.5,61.2
504,2010-05-27,15139.0,81.2,64.9
505,2010-05-28,14385.0,73.3,61.0
506,2010-05-29,13648.0,70.9,62.9
507,2010-05-30,13852.0,77.8,63.1
508,2010-05-31,14227.0,80.6,65.7
509,2010-06-01,14164.0,79.4,65.5
510,2010-06-02,15497.0,79.6,64.6
511,2010-06-03,17059.0,80.2,66.9
512,2010-06-04,15650.0,77.7,67.1
513,2010-06-05,14615.0,81.8,67.7
514,2010-06-06,14121.0,81.4,67.8
515,2010-06-07,13981.0,71.9,52.0
516,2010-06-08,13799.0,70.1,44.9
517,2010-06-09,14201.0,70.1,53.3
518,2010-06-10,14962.0,78.9,61.4
519,2010-06-11,14587.0,77.2,56.0
520,2010-06-12,15305.0,79.0,64.3
521,2010-06-13,16120.0,81.5,69.3
522,2010-06-14,16055.0,83.2,65.9
523,2010-06-15,15359.0,76.8,66.3
524,2010-06-16,15052.0,75.2,66.5
525,2010-06-17,15143.0,79.8,63.0
526,2010-06-18,14406.0,76.1,54.2
527,2010-06-19,14657.0,79.2,62.7
528,2010-06-20,14997.0,84.7,65.7
529,2010-06-21,15130.0,85.0,59.9
530,2010-06-22,15489.0,85.0,65.2
531,2010-06-23,16302.0,84.8,67.0
532,2010-06-24,17096.0,88.6,68.2
533,2010-06-25,16097.0,84.1,60.9
534,2010-06-26,15970.0,83.5,62.2
535,2010-06-27,16341.0,87.1,66.4
536,2010-06-28,17127.0,86.1,68.7
537,2010-06-29,16508.0,85.3,63.7
538,2010-06-30,14518.0,75.9,47.5
539,2010-07-01,14072.0,73.0,44.8
540,2010-07-02,13855.0,73.4,44.1
541,2010-07-03,13522.0,75.2,49.8
542,2010-07-04,13757.0,79.8,57.2
543,2010-07-05,14748.0,85.8,62.4
544,2010-07-06,16519.0,90.0,65.2
545,2010-07-07,16643.0,91.5,65.9
546,2010-07-08,16918.0,88.4,69.8
547,2010-07-09,16633.0,83.6,67.6
548,2010-07-10,16069.0,78.1,68.9
549,2010-07-11,15220.0,80.8,60.2
550,2010-07-12,16046.0,79.1,64.9
551,2010-07-13,16593.0,78.2,69.6
552,2010-07-14,16652.0,78.1,69.1
553,2010-07-15,16875.0,83.7,67.8
554,2010-07-16,17003.0,86.2,69.0
555,2010-07-17,16434.0,85.8,67.8
556,2010-07-18,16578.0,85.2,66.0
557,2010-07-19,17144.0,84.3,70.6
558,2010-07-20,17025.0,84.1,67.8
559,2010-07-21,16941.0,82.1,70.2
560,2010-07-22,17027.0,87.1,64.4
561,2010-07-23,16979.0,87.4,68.2
562,2010-07-24,16892.0,91.5,71.1
563,2010-07-25,16661.0,89.4,68.6
564,2010-07-26,16363.0,81.4,62.2
565,2010-07-27,15895.0,80.9,62.4
566,2010-07-28,16647.0,82.3,67.7
567,2010-07-29,17067.0,83.9,71.6
568,2010-07-30,15469.0,78.7,58.4
569,2010-07-31,15028.0,78.1,57.8
570,2010-08-01,14976.0,74.6,62.1
571,2010-08-02,15444.0,75.4,64.2
572,2010-08-03,16800.0,78.9,68.3
573,2010-08-04,16850.0,83.5,72.1
574,2010-08-05,16658.0,82.6,68.3
575,2010-08-06,16293.0,80.2,66.3
576,2010-08-07,15298.0,79.4,56.1
577,2010-08-08,15717.0,80.0,61.4
578,2010-08-09,16746.0,82.9,68.5
579,2010-08-10,16847.0,86.5,67.3
580,2010-08-11,16692.0,88.8,67.2
581,2010-08-12,17231.0,83.7,70.5
582,2010-08-13,16627.0,76.1,68.1
583,2010-08-14,15365.0,75.6,60.0
584,2010-08-15,15776.0,76.2,67.0
585,2010-08-16,16795.0,80.6,71.7
586,2010-08-17,16787.0,83.8,66.8
587,2010-08-18,16357.0,75.8,67.3
588,2010-08-19,16426.0,77.7,66.0
589,2010-08-20,16348.0,80.9,66.1
590,2010-08-21,16317.0,81.8,67.7
591,2010-08-22,16399.0,81.4,69.6
592,2010-08-23,16155.0,79.0,62.9
593,2010-08-24,15442.0,72.4,61.9
594,2010-08-25,15586.0,73.0,60.4
595,2010-08-26,15860.0,77.4,60.5
596,2010-08-27,15263.0,75.0,55.0
597,2010-08-28,15454.0,77.1,61.8
598,2010-08-29,14072.0,79.6,64.3
599,2010-08-30,15534.0,83.4,64.3
600,2010-08-31,16383.0,83.2,60.2
601,2010-09-01,16452.0,85.0,64.2
602,2010-09-02,16667.0,84.2,65.1
603,2010-09-03,16455.0,82.6,65.0
604,2010-09-04,14171.0,79.5,49.4
605,2010-09-05,13731.0,72.5,42.5
606,2010-09-06,14322.0,73.1,52.4
607,2010-09-07,15850.0,78.9,60.2
608,2010-09-08,15738.0,84.0,55.6
609,2010-09-09,13953.0,73.9,44.2
610,2010-09-10,13445.0,69.0,46.7
611,2010-09-11,13453.0,69.1,48.5
612,2010-09-12,13547.0,68.2,60.3
613,2010-09-13,14144.0,70.3,60.1
614,2010-09-14,14410.0,74.2,54.1
615,2010-09-15,14042.0,72.6,52.3
616,2010-09-16,14385.0,75.3,60.7
617,2010-09-17,14180.0,74.2,60.2
618,2010-09-18,13541.0,68.4,51.1
619,2010-09-19,13727.0,71.4,56.0
620,2010-09-20,14087.0,73.9,52.2
621,2010-09-21,13924.0,68.5,47.2
622,2010-09-22,15462.0,76.8,60.9
623,2010-09-23,16286.0,81.0,65.8
624,2010-09-24,15731.0,82.7,67.1
625,2010-09-25,13895.0,82.4,61.1
626,2010-09-26,13463.0,71.9,53.2
627,2010-09-27,15403.0,70.6,65.3
628,2010-09-28,15842.0,75.6,65.2
629,2010-09-29,10844.0,66.5,54.4
630,2010-09-30,14261.0,72.1,68.3
631,2010-10-01,14036.0,68.0,56.9
632,2010-10-02,13113.0,62.7,44.5
633,2010-10-03,13147.0,59.6,50.1
634,2010-10-04,12784.0,54.3,49.5
635,2010-10-05,12682.4,54.8,43.3
636,2010-10-06,12625.5,56.6,43.8
637,2010-10-07,13294.4,61.9,47.1
638,2010-10-08,13375.2,66.7,45.0
639,2010-10-09,13100.8,66.9,48.9
640,2010-10-10,13150.8,65.1,50.7
641,2010-10-11,13725.6,72.7,57.3
642,2010-10-12,14470.4,70.8,58.3
643,2010-10-13,13456.9,63.2,44.1
644,2010-10-14,13742.2,57.6,51.0
645,2010-10-15,13230.6,57.3,40.9
646,2010-10-16,12920.8,58.8,37.2
647,2010-10-17,12982.7,60.6,42.5
648,2010-10-18,13435.0,61.3,44.7
649,2010-10-19,12972.6,57.6,47.4
650,2010-10-20,12309.6,56.0,51.3
651,2010-10-21,12388.3,58.3,45.3
652,2010-10-22,11966.4,54.8,32.3
653,2010-10-23,11905.8,53.8,38.6
654,2010-10-24,11112.6,62.2,49.7
655,2010-10-25,13143.2,65.4,57.2
656,2010-10-26,14290.2,67.7,62.0
657,2010-10-27,14791.7,71.6,67.8
658,2010-10-28,14051.8,70.8,57.9
659,2010-10-29,12648.5,55.4,33.3
660,2010-10-30,12066.4,49.5,32.5
661,2010-10-31,12075.2,55.6,38.1
662,2010-11-01,12172.1,49.5,30.5
663,2010-11-02,12063.2,44.9,29.3
664,2010-11-03,12010.4,47.5,37.4
665,2010-11-04,12432.8,51.5,47.2
666,2010-11-05,12265.7,50.3,39.6
667,2010-11-06,11730.5,46.3,33.5
668,2010-11-07,12076.7,44.8,30.5
669,2010-11-08,12269.9,50.1,27.7
670,2010-11-09,12622.4,54.2,33.6
671,2010-11-10,12644.7,54.4,42.3
672,2010-11-11,12585.8,52.8,35.5
673,2010-11-12,11584.2,49.7,29.3
674,2010-11-13,10573.3,50.5,31.8
675,2010-11-14,10509.9,50.7,37.7
676,2010-11-15,12112.2,51.7,45.6
677,2010-11-16,13224.0,53.6,49.8
678,2010-11-17,12929.5,59.6,46.6
679,2010-11-18,12680.5,50.1,34.1
680,2010-11-19,12281.6,47.6,31.6
681,2010-11-20,11969.1,48.8,35.9
682,2010-11-21,11680.0,50.3,38.6
683,2010-11-22,12408.1,52.8,46.7
684,2010-11-23,12800.1,58.7,49.3
685,2010-11-24,12066.2,50.3,26.6
686,2010-11-25,11778.7,46.7,32.9
687,2010-11-26,11871.0,53.8,41.9
688,2010-11-27,11251.0,41.5,20.1
689,2010-11-28,11528.3,41.0,22.1
690,2010-11-29,10984.1,41.1,30.4
691,2010-11-30,12353.9,53.0,45.7
692,2010-12-01,12537.2,56.3,48.4
693,2010-12-02,12322.2,38.1,22.2
694,2010-12-03,12030.5,38.2,23.0
695,2010-12-04,10782.7,35.8,20.1
696,2010-12-05,10600.4,36.7,18.1
697,2010-12-06,11217.4,34.0,13.6
698,2010-12-07,11678.5,31.2,10.0
699,2010-12-08,12208.6,30.1,9.6
700,2010-12-09,12320.4,30.6,12.0
701,2010-12-10,12248.9,32.7,19.4
702,2010-12-11,11460.3,36.4,26.4
703,2010-12-12,11487.7,40.8,38.4
704,2010-12-13,11703.9,35.2,21.4
705,2010-12-14,11755.5,24.5,5.4
706,2010-12-15,11793.8,25.2,4.0
707,2010-12-16,11751.3,24.6,12.0
708,2010-12-17,11398.3,29.5,17.7
709,2010-12-18,11039.1,30.0,22.6
710,2010-12-19,10972.9,32.8,22.4
711,2010-12-20,11439.0,30.9,17.2
712,2010-12-21,11643.7,33.6,17.7
713,2010-12-22,11602.3,37.6,18.6
714,2010-12-23,11275.5,36.9,18.7
715,2010-12-24,11197.5,35.1,18.6
716,2010-12-25,11168.3,34.0,20.4
717,2010-12-26,11232.7,31.6,21.5
718,2010-12-27,11475.6,30.9,10.8
719,2010-12-28,11580.3,35.5,11.7
720,2010-12-29,11646.9,39.7,16.6
721,2010-12-30,11562.9,36.3,25.1
722,2010-12-31,11250.7,39.2,26.6
723,2011-01-01,11161.8,43.8,37.0
724,2011-01-02,10783.3,51.6,45.2
725,2011-01-03,11148.9,35.2,13.5
726,2011-01-04,11603.0,32.9,19.7
727,2011-01-05,11191.0,37.0,17.0
728,2011-01-06,11093.2,33.7,16.9
729,2011-01-07,11114.2,34.0,17.7
730,2011-01-08,10226.6,31.7,16.4
731,2011-01-09,10294.6,27.6,7.2
732,2011-01-10,10874.5,29.1,11.2
733,2011-01-11,11059.3,30.8,17.4
734,2011-01-12,10613.4,31.1,21.5
735,2011-01-13,10941.4,31.0,13.7
736,2011-01-14,12166.9,29.6,13.2
737,2011-01-15,11759.7,34.2,18.9
738,2011-01-16,11715.1,39.1,20.1
739,2011-01-17,11793.5,32.1,14.1
740,2011-01-18,12051.9,32.4,28.6
741,2011-01-19,12317.1,39.9,34.7
742,2011-01-20,12631.4,40.6,24.1
743,2011-01-21,11661.0,34.8,17.1
744,2011-01-22,10521.4,21.4,-0.1
745,2011-01-23,10532.7,23.9,4.9
746,2011-01-24,11512.7,23.4,4.5
747,2011-01-25,11451.3,34.1,21.7
748,2011-01-26,10870.0,35.5,30.1
749,2011-01-27,10816.5,34.9,26.2
750,2011-01-28,11401.8,32.8,27.5
751,2011-01-29,10840.2,34.3,23.3
752,2011-01-30,10563.1,33.8,25.9
753,2011-01-31,11087.3,33.2,21.3
754,2011-02-01,11599.4,31.7,25.3
755,2011-02-02,11936.0,39.1,34.8
756,2011-02-03,11711.3,33.5,14.0
757,2011-02-04,11593.5,33.8,18.6
758,2011-02-05,10792.7,36.1,32.3
759,2011-02-06,10686.7,41.5,29.4
760,2011-02-07,11314.6,39.4,30.5
761,2011-02-08,11504.1,38.8,25.6
762,2011-02-09,11399.1,27.3,5.8
763,2011-02-10,11239.4,29.0,12.5
764,2011-02-11,11212.0,30.6,11.5
765,2011-02-12,10832.4,34.8,19.6
766,2011-02-13,10696.9,40.9,21.7
767,2011-02-14,11276.4,54.0,25.8
768,2011-02-15,11119.5,41.7,13.6
769,2011-02-16,11407.9,41.9,19.1
770,2011-02-17,12058.4,52.6,32.8
771,2011-02-18,12946.7,61.1,46.0
772,2011-02-19,12484.9,56.5,11.4
773,2011-02-20,12358.2,40.8,15.7
774,2011-02-21,12599.8,45.1,28.7
775,2011-02-22,12938.2,31.9,23.6
776,2011-02-23,12701.3,34.1,12.8
777,2011-02-24,12897.0,40.4,27.5
778,2011-02-25,12798.1,49.8,42.9
779,2011-02-26,12472.6,41.1,23.9
780,2011-02-27,12333.1,44.7,34.5
781,2011-02-28,12981.4,52.1,46.1
782,2011-03-01,12816.7,41.8,27.9
783,2011-03-02,12976.4,44.5,25.8
784,2011-03-03,12758.8,36.1,7.1
785,2011-03-04,12958.9,37.3,21.9
786,2011-03-05,12534.5,47.8,40.7
787,2011-03-06,12561.4,53.4,50.3
788,2011-03-07,12891.5,38.6,27.1
789,2011-03-08,13094.8,41.7,18.1
790,2011-03-09,13249.2,41.9,31.8
791,2011-03-10,13244.1,50.0,49.0
792,2011-03-11,12865.2,46.0,37.7
793,2011-03-12,12644.0,43.5,29.5
794,2011-03-13,12065.7,51.9,35.0
795,2011-03-14,12989.9,44.4,26.9
796,2011-03-15,13133.4,44.2,30.4
797,2011-03-16,13072.8,46.6,41.6
798,2011-03-17,13122.4,53.1,38.6
799,2011-03-18,12989.4,60.0,43.5
800,2011-03-19,13074.8,62.1,37.6
801,2011-03-20,13156.6,46.7,25.5
802,2011-03-21,13244.9,51.2,40.7
803,2011-03-22,13088.0,57.1,45.4
804,2011-03-23,13229.7,48.5,41.2
805,2011-03-24,13229.4,42.8,38.7
806,2011-03-25,13056.2,39.1,23.4
807,2011-03-26,12576.9,39.9,16.0
808,2011-03-27,12577.4,38.6,20.5
809,2011-03-28,13028.0,38.6,12.0
810,2011-03-29,13029.0,42.3,11.1
811,2011-03-30,12938.3,44.7,27.1
812,2011-03-31,13158.8,39.2,37.2
813,2011-04-01,13023.1,42.6,34.7
814,2011-04-02,12587.8,44.0,32.2
815,2011-04-03,12672.7,48.5,30.0
816,2011-04-04,13243.4,62.2,38.9
817,2011-04-05,13563.5,59.9,44.7
818,2011-04-06,13555.0,48.5,28.5
819,2011-04-07,13230.1,55.9,38.9
820,2011-04-08,13016.3,48.4,41.5
821,2011-04-09,12738.3,45.2,42.0
822,2011-04-10,12717.4,52.6,48.6
823,2011-04-11,13475.5,65.1,57.5
824,2011-04-12,13377.8,66.0,54.0
825,2011-04-13,13234.6,52.5,48.4
826,2011-04-14,13322.4,56.9,39.9
827,2011-04-15,13209.6,57.5,44.1
828,2011-04-16,12935.1,53.5,49.2
829,2011-04-17,12649.2,56.3,39.8
830,2011-04-18,13239.2,61.0,43.3
831,2011-04-19,13414.7,62.4,48.0
832,2011-04-20,13505.3,65.9,53.7
833,2011-04-21,13352.7,61.1,36.5
834,2011-04-22,13190.6,48.2,34.3
835,2011-04-23,12952.0,52.5,49.3
836,2011-04-24,13100.2,67.8,60.3
837,2011-04-25,13761.4,69.3,62.8
838,2011-04-26,13769.6,72.7,62.0
839,2011-04-27,14077.1,71.7,65.9
840,2011-04-28,13857.2,72.8,65.8
841,2011-04-29,13236.9,63.9,41.2
842,2011-04-30,12805.2,58.2,38.9
843,2011-05-01,12708.2,56.5,47.3
844,2011-05-02,13381.4,62.8,54.2
845,2011-05-03,13778.5,70.9,60.7
846,2011-05-04,13324.7,57.4,48.4
847,2011-05-05,13271.5,55.2,34.9
848,2011-05-06,13207.9,59.2,40.6
849,2011-05-07,12718.3,61.5,45.0
850,2011-05-08,12830.7,63.9,47.6
851,2011-05-09,13228.9,63.3,49.2
852,2011-05-10,13349.6,63.6,43.4
853,2011-05-11,13487.6,65.1,50.4
854,2011-05-12,13592.5,62.9,53.6
855,2011-05-13,13500.5,62.9,58.2
856,2011-05-14,13001.6,61.9,59.0
857,2011-05-15,13077.8,66.5,62.7
858,2011-05-16,13536.4,67.3,59.7
859,2011-05-17,13617.5,66.7,61.5
860,2011-05-18,13663.0,65.7,61.0
861,2011-05-19,13752.9,63.8,58.8
862,2011-05-20,13594.9,63.8,54.3
863,2011-05-21,13256.9,68.9,55.1
864,2011-05-22,13482.2,70.2,60.0
865,2011-05-23,14730.5,71.9,64.7
866,2011-05-24,15924.1,75.3,66.0
867,2011-05-25,14908.3,75.2,64.3
868,2011-05-26,15183.1,78.6,67.1
869,2011-05-27,14718.5,79.6,64.9
870,2011-05-28,13634.0,73.5,64.2
871,2011-05-29,13935.0,75.4,68.9
872,2011-05-30,14295.8,81.8,69.9
873,2011-05-31,15551.9,85.5,70.2
874,2011-06-01,15950.3,85.1,71.6
875,2011-06-02,13907.8,81.6,51.8
876,2011-06-03,13453.9,72.3,41.7
877,2011-06-04,13095.4,72.4,46.8
878,2011-06-05,13185.4,74.5,59.5
879,2011-06-06,13689.1,76.5,60.6
880,2011-06-07,14239.3,78.5,62.1
881,2011-06-08,15028.9,84.1,67.7
882,2011-06-09,16154.2,88.8,71.8
883,2011-06-10,14824.4,84.5,66.8
884,2011-06-11,14619.9,82.4,68.8
885,2011-06-12,14063.4,78.9,68.2
886,2011-06-13,13617.0,73.5,56.1
887,2011-06-14,13394.4,71.0,50.0
888,2011-06-15,13350.7,71.3,50.0
889,2011-06-16,13809.5,73.1,58.0
890,2011-06-17,13848.9,73.8,64.1
891,2011-06-18,13746.5,76.7,66.5
892,2011-06-19,13575.1,79.5,66.0
893,2011-06-20,13852.1,73.6,64.9
894,2011-06-21,14800.2,75.7,67.5
895,2011-06-22,15360.6,81.4,70.6
896,2011-06-23,15432.4,82.0,71.1
897,2011-06-24,14109.9,80.7,65.3
898,2011-06-25,13298.9,79.0,57.3
899,2011-06-26,13215.7,76.8,57.0
900,2011-06-27,13840.2,77.1,63.3
901,2011-06-28,14356.6,82.3,67.9
902,2011-06-29,13847.7,81.4,61.6
903,2011-06-30,13812.1,78.7,53.4
904,2011-07-01,13690.6,80.7,51.7
905,2011-07-02,13376.0,81.7,55.0
906,2011-07-03,13756.3,82.0,66.7
907,2011-07-04,13735.1,79.6,67.2
908,2011-07-05,14283.8,82.6,66.1
909,2011-07-06,14052.5,81.7,71.2
910,2011-07-07,14651.7,82.6,69.4
911,2011-07-08,14520.5,81.3,71.1
912,2011-07-09,14292.1,80.3,65.7
913,2011-07-10,13317.4,83.0,65.4
914,2011-07-11,14368.0,84.9,69.4
915,2011-07-12,15571.9,86.0,69.7
916,2011-07-13,15265.3,85.5,66.9
917,2011-07-14,14630.0,77.4,58.1
918,2011-07-15,13845.5,75.3,59.1
919,2011-07-16,14771.1,77.0,60.3
920,2011-07-17,14954.0,80.0,64.0
921,2011-07-18,15629.6,82.5,69.1
922,2011-07-19,15935.8,86.4,70.9
923,2011-07-20,15986.7,84.0,73.3
924,2011-07-21,16163.0,88.3,76.4
925,2011-07-22,16385.3,92.4,76.3
926,2011-07-23,15635.6,92.6,69.7
927,2011-07-24,15506.0,90.5,71.5
928,2011-07-25,15838.5,84.7,73.9
929,2011-07-26,15234.6,83.9,65.8
930,2011-07-27,14838.1,86.1,59.1
931,2011-07-28,15027.7,85.3,65.8
932,2011-07-29,16296.9,90.5,71.6
933,2011-07-30,15434.2,89.2,64.6
934,2011-07-31,15033.2,88.8,62.1
935,2011-08-01,15603.0,86.6,65.8
936,2011-08-02,15750.5,84.5,62.8
937,2011-08-03,15956.3,84.1,67.1
938,2011-08-04,15900.9,79.7,71.7
939,2011-08-05,15320.3,79.4,66.1
940,2011-08-06,15351.8,80.9,69.4
941,2011-08-07,15685.4,82.7,73.7
942,2011-08-08,15540.6,83.3,69.1
943,2011-08-09,15816.8,85.2,68.8
944,2011-08-10,15085.8,85.2,60.7
945,2011-08-11,14287.1,81.5,53.8
946,2011-08-12,14020.0,79.4,52.7
947,2011-08-13,14362.2,78.5,65.1
948,2011-08-14,15312.0,77.4,71.0
949,2011-08-15,14942.5,75.7,66.4
950,2011-08-16,14048.1,78.2,62.4
951,2011-08-17,15073.3,80.4,63.0
952,2011-08-18,15915.5,81.1,66.1
953,2011-08-19,15866.9,78.7,68.2
954,2011-08-20,15553.9,76.3,65.6
955,2011-08-21,15716.1,80.4,71.1
956,2011-08-22,15713.9,79.0,59.9
957,2011-08-23,14568.7,73.9,48.4
958,2011-08-24,15220.6,75.2,59.7
959,2011-08-25,16113.2,78.7,69.2
960,2011-08-26,15970.1,77.4,69.0
961,2011-08-27,15460.0,77.5,72.3
962,2011-08-28,15323.3,76.8,65.1
963,2011-08-29,15356.9,73.8,56.8
964,2011-08-30,14550.7,73.0,54.4
965,2011-08-31,13849.4,74.1,57.9
966,2011-09-01,14021.8,74.4,61.0
967,2011-09-02,14048.4,74.0,63.5
968,2011-09-03,13919.1,75.3,64.7
969,2011-09-04,14147.7,78.9,70.3
970,2011-09-05,14142.5,78.5,69.5
971,2011-09-06,14793.4,66.6,63.0
972,2011-09-07,15685.2,67.9,65.3
973,2011-09-08,16034.7,72.8,70.4
974,2011-09-09,15719.8,73.7,70.8
975,2011-09-10,15359.4,74.9,67.4
976,2011-09-11,15408.1,75.1,65.1
977,2011-09-12,15649.1,73.0,61.8
978,2011-09-13,15976.4,74.2,63.6
979,2011-09-14,15890.5,76.0,65.7
980,2011-09-15,15715.3,72.3,62.2
981,2011-09-16,13909.1,57.3,42.9
982,2011-09-17,13331.1,59.9,49.8
983,2011-09-18,13293.8,60.8,50.8
984,2011-09-19,13970.4,64.8,54.4
985,2011-09-20,14731.3,66.2,60.8
986,2011-09-21,15705.6,68.5,65.1
987,2011-09-22,16002.2,71.9,68.8
988,2011-09-23,15951.6,71.3,70.1
989,2011-09-24,15447.7,70.2,66.4
990,2011-09-25,15525.2,72.7,67.7
991,2011-09-26,15932.5,73.8,68.5
992,2011-09-27,15963.7,73.5,70.1
993,2011-09-28,15827.9,72.8,67.5
994,2011-09-29,15439.2,72.1,62.9
995,2011-09-30,14219.2,67.3,55.1
996,2011-10-01,13230.4,55.6,45.1
997,2011-10-02,12990.6,48.1,42.3
998,2011-10-03,13413.2,49.8,42.1
999,2011-10-04,13858.8,57.3,48.4
1000,2011-10-05,14075.5,63.7,50.7
1001,2011-10-06,13908.6,61.1,46.9
1002,2011-10-07,13822.0,60.8,50.8
1003,2011-10-08,13382.5,62.8,50.1
1004,2011-10-09,13493.6,64.2,53.5
1005,2011-10-10,13655.7,66.8,56.4
1006,2011-10-11,14129.0,66.8,60.4
1007,2011-10-12,14239.9,65.6,61.5
1008,2011-10-13,14294.0,67.7,65.0
1009,2011-10-14,14037.6,67.6,60.2
1010,2011-10-15,13552.6,61.4,41.2
1011,2011-10-16,13478.5,60.9,40.2
1012,2011-10-17,13841.8,64.6,46.7
1013,2011-10-18,13974.3,63.2,52.9
1014,2011-10-19,14135.9,63.6,58.3
1015,2011-10-20,13767.5,61.6,51.9
1016,2011-10-21,13532.2,54.6,39.5
1017,2011-10-22,13285.4,54.1,40.2
1018,2011-10-23,13253.5,53.1,44.6
1019,2011-10-24,13823.2,56.7,49.0
1020,2011-10-25,13817.9,58.7,45.3
1021,2011-10-26,13881.8,58.7,48.3
1022,2011-10-27,14085.5,60.1,56.3
1023,2011-10-28,13620.6,47.0,32.7
1024,2011-10-29,13227.2,40.4,35.7
1025,2011-10-30,13276.7,42.1,30.5
1026,2011-10-31,13601.1,45.3,34.8
1027,2011-11-01,13659.6,51.8,40.9
1028,2011-11-02,13676.0,49.5,40.7
1029,2011-11-03,13732.6,52.1,41.9
1030,2011-11-04,13599.8,53.1,42.2
1031,2011-11-05,13265.2,46.0,26.8
1032,2011-11-06,13697.7,46.2,36.1
1033,2011-11-07,13492.7,50.9,42.7
1034,2011-11-08,13567.6,52.6,42.7
1035,2011-11-09,13035.6,51.5,42.8
1036,2011-11-10,13594.9,51.0,46.7
1037,2011-11-11,13294.2,45.7,27.0
1038,2011-11-12,13305.5,45.7,28.9
1039,2011-11-13,13301.7,54.0,34.0
1040,2011-11-14,13648.7,61.6,44.5
1041,2011-11-15,13758.5,65.7,52.3
1042,2011-11-16,13523.6,57.6,55.4
1043,2011-11-17,13593.5,49.5,38.0
1044,2011-11-18,13424.9,40.8,18.0
1045,2011-11-19,13206.0,43.7,24.6
1046,2011-11-20,13337.4,55.2,43.7
1047,2011-11-21,13735.0,57.9,54.3
1048,2011-11-22,13809.3,51.9,50.2
1049,2011-11-23,13539.2,57.5,52.0
1050,2011-11-24,13141.4,49.3,31.9
1051,2011-11-25,13063.7,49.3,36.8
1052,2011-11-26,13131.2,49.3,38.4
1053,2011-11-27,13238.6,55.1,45.4
1054,2011-11-28,13620.8,60.0,50.8
1055,2011-11-29,13521.8,59.7,54.4
1056,2011-11-30,13339.8,46.5,35.4
1057,2011-12-01,13624.1,43.9,27.2
1058,2011-12-02,13470.0,43.5,31.2
1059,2011-12-03,13226.2,43.4,29.4
1060,2011-12-04,13264.7,44.6,36.4
1061,2011-12-05,13506.9,48.6,43.1
1062,2011-12-06,13872.2,57.3,54.9
1063,2011-12-07,13671.0,55.8,55.5
1064,2011-12-08,13400.0,40.5,28.4
1065,2011-12-09,13337.9,41.3,30.7
1066,2011-12-10,13129.4,42.0,27.2
1067,2011-12-11,13112.9,35.9,15.9
1068,2011-12-12,13375.9,36.2,25.1
1069,2011-12-13,13481.6,40.4,27.5
1070,2011-12-14,13255.3,43.7,31.7
1071,2011-12-15,13614.1,50.5,38.8
1072,2011-12-16,13479.9,53.3,36.1
1073,2011-12-17,13138.1,41.1,23.8
1074,2011-12-18,13108.4,36.8,23.9
1075,2011-12-19,13323.4,38.3,27.1
1076,2011-12-20,13398.4,50.7,35.7
1077,2011-12-21,13191.6,52.3,45.8
1078,2011-12-22,13327.6,55.7,48.6
1079,2011-12-23,13153.3,50.6,41.7
1080,2011-12-24,12858.9,44.2,28.7
1081,2011-12-25,12849.2,39.6,29.5
1082,2011-12-26,12914.5,45.3,26.5
1083,2011-12-27,13123.6,44.0,35.4
1084,2011-12-28,13098.7,44.3,30.7
1085,2011-12-29,13296.8,36.9,21.4
1086,2011-12-30,13288.1,42.8,30.9
1087,2011-12-31,13062.1,51.9,39.2
1088,2012-01-01,13146.1,48.4,38.0
1089,2012-01-02,12957.7,44.1,21.7
1090,2012-01-03,13186.1,31.3,11.1
1091,2012-01-04,13170.2,24.0,3.9
1092,2012-01-05,13524.6,38.6,20.7
1093,2012-01-06,13459.8,44.1,28.2
1094,2012-01-07,13200.8,50.1,33.3
1095,2012-01-08,13207.7,48.8,27.4
1096,2012-01-09,13598.5,37.1,25.7
1097,2012-01-10,13866.3,39.5,31.2
1098,2012-01-11,13794.3,39.9,34.6
1099,2012-01-12,14059.9,48.9,44.1
1100,2012-01-13,13797.3,43.6,27.7
1101,2012-01-14,13610.3,32.6,13.8
1102,2012-01-15,11608.2,31.1,10.6
1103,2012-01-16,11131.6,31.4,14.3
1104,2012-01-17,11348.2,46.0,36.6
1105,2012-01-18,11179.3,47.3,28.8
1106,2012-01-19,11366.3,32.0,14.9
1107,2012-01-20,11396.3,36.6,16.9
1108,2012-01-21,11165.3,31.6,24.4
1109,2012-01-22,11243.6,30.9,24.2
1110,2012-01-23,11436.6,33.7,31.1
1111,2012-01-24,11264.1,45.7,41.4
1112,2012-01-25,11201.2,42.8,32.2
1113,2012-01-26,11279.7,45.0,37.2
1114,2012-01-27,11256.1,54.6,48.2
1115,2012-01-28,11031.1,43.9,29.4
1116,2012-01-29,11073.0,41.9,13.1
1117,2012-01-30,13346.4,40.5,15.5
1118,2012-01-31,14489.3,48.7,25.9
1119,2012-02-01,13519.5,56.7,36.9
1120,2012-02-02,13992.4,53.9,43.5
1121,2012-02-03,13022.7,44.2,27.1
1122,2012-02-04,10566.2,40.7,31.8
1123,2012-02-05,10634.9,39.6,31.3
1124,2012-02-06,12171.6,40.1,27.5
1125,2012-02-07,,47.1,28.9
1126,2012-02-08,,40.7,30.1
1127,2012-02-09,,38.8,25.6
1128,2012-02-10,,40.8,24.3
1129,2012-02-11,,39.0,31.3
1130,2012-02-12,,27.1,9.2
1131,2012-02-13,,33.7,11.0
1132,2012-02-14,,43.5,25.4
1133,2012-02-15,,47.6,30.8
1134,2012-02-16,,44.6,35.1
1135,2012-02-17,,46.1,35.2
1136,2012-02-18,,46.4,29.2
1137,2012-02-19,,43.3,23.8
1138,2012-02-20,,40.3,24.5
1139,2012-02-21,,41.0,25.9
1140,2012-02-22,,49.6,35.5
1141,2012-02-23,,57.0,38.7
1142,2012-02-24,,53.3,44.9
1143,2012-02-25,,44.4,22.1
1144,2012-02-26,,40.1,17.1
1145,2012-02-27,,46.5,27.0
1146,2012-02-28,,49.8,25.0
1147,2012-02-29,,45.3,35.9
1148,2012-03-01,,59.4,46.8
1149,2012-03-02,,48.2,34.0
1150,2012-03-03,,52.0,40.8
1151,2012-03-04,,47.6,22.0
1152,2012-03-05,,38.2,21.3
1153,2012-03-06,,38.2,17.2
1154,2012-03-07,,49.8,31.5
1155,2012-03-08,,61.4,46.2
1156,2012-03-09,,56.8,33.0
1157,2012-03-10,,42.5,15.7
1158,2012-03-11,,46.0,25.2
1159,2012-03-12,,55.7,35.9
1160,2012-03-13,,66.3,51.4
1161,2012-03-14,,67.4,47.0
1162,2012-03-15,,66.6,48.3
1163,2012-03-16,,56.3,50.3
1164,2012-03-17,,60.9,53.4
1165,2012-03-18,,58.8,52.1
1166,2012-03-19,,63.8,54.6
1167,2012-03-20,,66.6,60.0
1168,2012-03-21,,63.3,58.0
1169,2012-03-22,,65.0,59.4
1170,2012-03-23,,69.4,58.8
1171,2012-03-24,,63.6,57.7
1172,2012-03-25,,54.5,52.0
1173,2012-03-26,,57.6,39.7
1174,2012-03-27,,44.6,13.1
1175,2012-03-28,,56.4,33.8
1176,2012-03-29,,62.2,41.0
1177,2012-03-30,,49.9,33.6
1178,2012-03-31,,53.6,45.2
1179,2012-04-01,,52.5,42.3
1180,2012-04-02,,55.6,39.0
1181,2012-04-03,,56.6,28.8
1182,2012-04-04,,63.7,44.3
1183,2012-04-05,,57.5,28.6
1184,2012-04-06,,52.0,27.4
1185,2012-04-07,,54.4,20.2
1186,2012-04-08,,60.3,23.6
1187,2012-04-09,,60.6,29.3
1188,2012-04-10,,57.0,32.7
1189,2012-04-11,,48.2,26.4
1190,2012-04-12,,50.4,31.1
1191,2012-04-13,,55.3,29.2
1192,2012-04-14,,59.1,38.8
1193,2012-04-15,,68.9,49.5
1194,2012-04-16,,75.0,57.3
1195,2012-04-17,,72.6,46.8
1196,2012-04-18,,59.4,38.6
1197,2012-04-19,,58.9,46.3
1198,2012-04-20,,62.9,50.6
1199,2012-04-21,,68.4,55.5
1200,2012-04-22,,53.6,48.4
1201,2012-04-23,,45.5,38.8
1202,2012-04-24,,50.9,31.5
1203,2012-04-25,,57.5,30.9
1204,2012-04-26,,60.7,49.5
1205,2012-04-27,,58.3,37.2
1206,2012-04-28,,50.9,28.5
1207,2012-04-29,,55.0,40.4
1208,2012-04-30,,57.5,41.2
1209,2012-05-01,,69.1,55.9
1210,2012-05-02,12754.2,68.3,60.9
1211,2012-05-03,13288.8,64.4,56.7
1212,2012-05-04,13179.5,72.4,63.0
1213,2012-05-05,12899.7,72.4,63.3
1214,2012-05-06,12861.4,66.7,58.5
1215,2012-05-07,13112.4,64.2,53.9
1216,2012-05-08,12980.5,66.8,54.2
1217,2012-05-09,13031.6,70.1,60.1
1218,2012-05-10,12851.0,61.3,46.4
1219,2012-05-11,12753.5,62.3,35.6
1220,2012-05-12,12520.5,66.5,42.0
1221,2012-05-13,12728.9,70.3,54.3
1222,2012-05-14,13073.3,68.1,59.2
1223,2012-05-15,13329.1,70.5,63.7
1224,2012-05-16,13181.8,72.8,61.4
1225,2012-05-17,13308.4,70.4,52.7
1226,2012-05-18,12883.4,66.5,46.8
1227,2012-05-19,12031.3,68.7,45.9
1228,2012-05-20,12458.6,71.7,51.2
1229,2012-05-21,13139.4,69.8,63.7
1230,2012-05-22,13271.5,71.2,62.8
1231,2012-05-23,13706.7,72.4,64.0
1232,2012-05-24,14060.8,74.5,64.4
1233,2012-05-25,14097.1,76.6,67.7
1234,2012-05-26,14544.3,77.6,68.2
1235,2012-05-27,14439.6,78.8,67.1
1236,2012-05-28,14560.9,78.7,67.3
1237,2012-05-29,14868.0,82.7,69.4
1238,2012-05-30,14232.1,75.2,63.6
1239,2012-05-31,14311.1,77.1,56.2
1240,2012-06-01,14454.7,75.6,63.1
1241,2012-06-02,13711.5,68.7,53.9
1242,2012-06-03,13509.3,69.5,48.5
1243,2012-06-04,13928.8,70.3,49.3
1244,2012-06-05,13817.6,64.9,50.0
1245,2012-06-06,13320.3,66.0,49.9
1246,2012-06-07,12565.5,68.8,53.3
1247,2012-06-08,12502.7,73.1,50.3
1248,2012-06-09,12476.1,79.2,52.8
1249,2012-06-10,12399.2,81.1,59.9
1250,2012-06-11,13286.9,80.7,64.1
1251,2012-06-12,13232.1,75.3,67.6
1252,2012-06-13,13713.1,75.3,61.1
1253,2012-06-14,14372.6,74.1,55.6
1254,2012-06-15,14108.9,73.1,57.6
1255,2012-06-16,13954.8,72.9,52.4
1256,2012-06-17,13888.3,69.6,54.1
1257,2012-06-18,14199.0,66.9,58.4
1258,2012-06-19,14427.5,75.4,64.9
1259,2012-06-20,14413.7,85.0,69.2
1260,2012-06-21,14868.0,88.3,68.7
1261,2012-06-22,14454.5,87.7,69.2
1262,2012-06-23,13961.4,80.8,62.4
1263,2012-06-24,13956.8,82.6,57.7
1264,2012-06-25,14208.6,81.6,61.9
1265,2012-06-26,14018.8,72.6,43.8
1266,2012-06-27,14059.7,77.5,47.6
1267,2012-06-28,14445.7,82.7,54.6
1268,2012-06-29,14942.1,89.6,66.1
1269,2012-06-30,12911.7,85.0,66.9
1270,2012-07-01,13732.3,88.6,68.4
1271,2012-07-02,14412.0,87.3,61.1
1272,2012-07-03,14488.7,86.9,61.6
1273,2012-07-04,14106.7,85.0,66.4
1274,2012-07-05,15026.0,90.3,66.0
1275,2012-07-06,14891.9,90.4,64.5
1276,2012-07-07,14774.0,92.6,68.9
1277,2012-07-08,14792.8,92.4,71.1
1278,2012-07-09,14552.2,80.4,69.1
1279,2012-07-10,14238.2,82.2,66.2
1280,2012-07-11,14353.4,79.0,66.1
1281,2012-07-12,14647.2,80.3,61.1
1282,2012-07-13,14559.0,81.4,59.9
1283,2012-07-14,14379.2,79.8,65.1
1284,2012-07-15,14484.9,82.8,71.5
1285,2012-07-16,14557.4,83.9,70.2
1286,2012-07-17,14415.2,88.3,67.8
1287,2012-07-18,13769.4,88.9,69.1
1288,2012-07-19,14316.4,85.8,68.4
1289,2012-07-20,14630.2,78.4,71.4
1290,2012-07-21,13893.7,69.8,65.6
1291,2012-07-22,14034.5,73.9,66.8
1292,2012-07-23,14613.5,81.4,70.7
1293,2012-07-24,14520.9,83.6,69.6
1294,2012-07-25,13887.8,81.2,58.4
1295,2012-07-26,15011.2,83.9,66.7
1296,2012-07-27,14685.5,86.7,69.5
1297,2012-07-28,14328.6,86.2,67.8
1298,2012-07-29,14182.0,80.0,66.0
1299,2012-07-30,14645.1,81.4,68.6
1300,2012-07-31,14658.4,80.5,68.7
1301,2012-08-01,14477.5,79.8,67.9
1302,2012-08-02,14707.2,83.0,69.7
1303,2012-08-03,14581.4,84.5,70.1
1304,2012-08-04,14746.3,86.9,71.5
1305,2012-08-05,14707.9,86.7,70.6
1306,2012-08-06,15160.8,82.8,70.3
1307,2012-08-07,15223.3,82.3,70.7
1308,2012-08-08,15076.3,82.9,71.0
1309,2012-08-09,15161.2,84.6,69.2
1310,2012-08-10,14840.1,79.8,68.4
1311,2012-08-11,13527.3,79.9,67.9
1312,2012-08-12,13200.1,78.1,62.0
1313,2012-08-13,14231.5,80.5,60.2
1314,2012-08-14,15035.3,80.7,68.5
1315,2012-08-15,14682.0,80.3,66.2
1316,2012-08-16,14719.1,79.8,60.6
1317,2012-08-17,14674.5,81.8,61.3
1318,2012-08-18,14372.5,77.2,62.0
1319,2012-08-19,14288.2,74.0,62.0
1320,2012-08-20,14507.3,73.5,63.5
1321,2012-08-21,14458.2,73.6,61.4
1322,2012-08-22,14402.6,75.8,63.8
1323,2012-08-23,14597.2,77.5,64.5
1324,2012-08-24,14444.2,79.1,63.6
1325,2012-08-25,13914.2,76.8,65.3
1326,2012-08-26,14096.5,74.5,68.9
1327,2012-08-27,14418.9,77.3,68.3
1328,2012-08-28,14480.4,81.5,68.0
1329,2012-08-29,14193.2,78.2,59.5
1330,2012-08-30,14417.1,78.4,61.3
1331,2012-08-31,14375.0,83.6,65.3
1332,2012-09-01,13086.8,85.2,68.3
1333,2012-09-02,14191.6,79.1,72.1
1334,2012-09-03,14322.9,79.3,71.8
1335,2012-09-04,14641.6,80.7,72.3
1336,2012-09-05,14706.2,82.4,72.5
1337,2012-09-06,14943.1,79.6,72.9
1338,2012-09-07,14653.5,78.3,69.0
1339,2012-09-08,13872.4,78.4,69.6
1340,2012-09-09,13151.0,70.3,55.7
1341,2012-09-10,13562.1,68.8,48.5
1342,2012-09-11,13826.4,67.8,46.3
1343,2012-09-12,13891.2,69.2,52.5
1344,2012-09-13,14269.4,70.7,56.0
1345,2012-09-14,14109.5,72.4,59.9
1346,2012-09-15,13587.2,71.8,53.1
1347,2012-09-16,13584.4,67.9,50.2
1348,2012-09-17,14046.4,67.3,56.8
1349,2012-09-18,14304.1,73.1,67.7
1350,2012-09-19,13707.2,67.0,51.6
1351,2012-09-20,13951.1,64.2,49.2
1352,2012-09-21,14041.8,68.6,56.4
1353,2012-09-22,13816.4,73.6,61.4
1354,2012-09-23,13542.8,66.0,45.3
1355,2012-09-24,13773.1,62.3,41.5
1356,2012-09-25,12978.7,63.4,46.6
1357,2012-09-26,12438.6,72.2,57.3
1358,2012-09-27,12880.7,75.0,62.2
1359,2012-09-28,12707.4,72.4,62.8
1360,2012-09-29,11853.4,65.9,48.4
1361,2012-09-30,11811.1,63.4,46.5
1362,2012-10-01,12147.6,61.8,49.1
1363,2012-10-02,13416.7,67.6,62.2
1364,2012-10-03,13604.8,73.8,68.4
1365,2012-10-04,13683.4,75.7,66.7
1366,2012-10-05,13074.4,71.8,55.9
1367,2012-10-06,12427.3,68.1,57.3
1368,2012-10-07,11840.3,54.5,42.9
1369,2012-10-08,11776.5,49.9,41.8
1370,2012-10-09,12357.3,54.0,46.5
1371,2012-10-10,12277.5,61.9,50.3
1372,2012-10-11,12182.1,56.4,34.8
1373,2012-10-12,12072.4,55.6,39.1
1374,2012-10-13,11781.4,50.8,31.4
1375,2012-10-14,11917.0,60.1,45.6
1376,2012-10-15,12581.0,67.6,57.9
1377,2012-10-16,12399.7,59.1,43.3
1378,2012-10-17,12165.7,56.4,44.0
1379,2012-10-18,12474.8,61.5,52.2
1380,2012-10-19,12676.7,67.3,60.6
1381,2012-10-20,11932.6,60.2,47.0
1382,2012-10-21,11941.8,57.8,38.7
1383,2012-10-22,12334.8,59.0,40.6
1384,2012-10-23,12512.8,63.2,50.0
1385,2012-10-24,12527.3,67.9,54.5
1386,2012-10-25,12802.3,66.6,58.4
1387,2012-10-26,12679.0,65.1,58.8
1388,2012-10-27,12142.1,63.4,54.7
1389,2012-10-28,11964.7,60.3,48.4
1390,2012-10-29,11976.7,52.6,48.6
1391,2012-10-30,11857.4,44.3,40.0
1392,2012-10-31,11961.7,46.3,38.1
1393,2012-11-01,12131.6,49.0,34.6
1394,2012-11-02,12170.4,48.1,31.4
1395,2012-11-03,11742.7,47.2,28.5
1396,2012-11-04,12169.9,45.3,29.4
1397,2012-11-05,12084.5,44.9,26.6
1398,2012-11-06,12188.5,40.9,26.0
1399,2012-11-07,12213.5,42.4,27.4
1400,2012-11-08,12381.9,46.0,19.8
1401,2012-11-09,12243.2,48.8,28.7
1402,2012-11-10,12037.0,49.5,37.8
1403,2012-11-11,12041.3,53.2,40.7
1404,2012-11-12,12389.1,57.8,48.5
1405,2012-11-13,12290.1,51.3,41.7
1406,2012-11-14,12125.6,41.9,26.0
1407,2012-11-15,12308.3,44.0,31.3
1408,2012-11-16,12149.3,46.5,30.8
1409,2012-11-17,11859.5,45.5,28.1
1410,2012-11-18,11967.8,45.8,35.8
1411,2012-11-19,12342.6,49.9,38.0
1412,2012-11-20,12166.5,49.6,38.3
1413,2012-11-21,11935.2,47.9,35.6
1414,2012-11-22,11730.4,46.7,30.0
1415,2012-11-23,11749.1,46.9,33.5
1416,2012-11-24,11678.7,44.8,21.8
1417,2012-11-25,11743.8,37.7,18.1
1418,2012-11-26,12219.3,42.3,25.5
1419,2012-11-27,12344.3,43.4,35.6
1420,2012-11-28,12226.8,41.8,26.8
1421,2012-11-29,12397.3,41.0,23.9
1422,2012-11-30,12303.1,42.1,29.8
1423,2012-12-01,11923.3,42.6,36.0
1424,2012-12-02,11886.3,44.9,39.9
1425,2012-12-03,12301.5,56.0,48.4
1426,2012-12-04,12552.3,57.9,50.0
1427,2012-12-05,12412.7,58.1,40.3
1428,2012-12-06,12318.7,40.5,22.1
1429,2012-12-07,12238.5,42.2,33.6
1430,2012-12-08,12224.1,50.0,47.2
1431,2012-12-09,12205.0,50.6,48.0
1432,2012-12-10,12686.5,53.1,51.4
1433,2012-12-11,12541.7,51.1,39.7
1434,2012-12-12,12189.1,42.9,27.2
1435,2012-12-13,12245.3,42.8,24.3
1436,2012-12-14,12187.0,40.5,27.7
1437,2012-12-15,11887.9,44.1,32.8
1438,2012-12-16,11993.0,48.2,41.2
1439,2012-12-17,12330.3,50.3,47.5
1440,2012-12-18,12289.1,53.9,45.5
1441,2012-12-19,12072.4,45.9,32.5
1442,2012-12-20,12285.7,45.4,33.1
1443,2012-12-21,12211.1,46.9,34.4
1444,2012-12-22,12013.5,40.9,19.7
1445,2012-12-23,12259.4,37.5,19.9
1446,2012-12-24,12046.6,36.8,28.1
1447,2012-12-25,11865.2,40.5,34.4
1448,2012-12-26,12166.9,37.8,31.2
1449,2012-12-27,12403.0,39.5,30.4
1450,2012-12-28,12288.6,38.8,24.7
1451,2012-12-29,12043.1,38.0,31.0
1452,2012-12-30,11998.3,39.9,21.9
1453,2012-12-31,12323.7,34.5,19.9
1454,2013-01-01,11977.2,41.4,26.9
1455,2013-01-02,12222.7,38.0,21.7
1456,2013-01-03,12504.9,33.0,14.6
1457,2013-01-04,12473.1,36.2,19.7
1458,2013-01-05,12179.9,39.3,18.8
1459,2013-01-06,12132.6,42.1,28.8
1460,2013-01-07,12330.4,46.0,24.9
1461,2013-01-08,12500.7,40.1,28.6
1462,2013-01-09,12308.1,41.7,34.7
1463,2013-01-10,12489.9,49.8,28.9
1464,2013-01-11,12503.0,43.5,32.4
1465,2013-01-12,12038.3,45.5,42.4
1466,2013-01-13,12125.0,47.4,46.1
1467,2013-01-14,12569.9,54.5,48.4
1468,2013-01-15,12538.7,42.8,36.9
1469,2013-01-16,12374.4,39.0,35.4
1470,2013-01-17,12571.2,43.4,35.3
1471,2013-01-18,12566.4,38.1,19.8
1472,2013-01-19,12269.8,39.7,22.5
1473,2013-01-20,12278.9,48.3,24.8
1474,2013-01-21,12234.0,39.9,16.7
1475,2013-01-22,12633.2,26.7,0.7
1476,2013-01-23,12486.6,21.0,-2.2
1477,2013-01-24,12626.7,23.8,8.1
1478,2013-01-25,12422.6,22.4,2.1
1479,2013-01-26,12204.2,28.0,17.7
1480,2013-01-27,12283.6,31.7,18.3
1481,2013-01-28,12602.8,35.7,28.2
1482,2013-01-29,12414.2,50.1,42.1
1483,2013-01-30,12225.5,58.0,51.6
1484,2013-01-31,12167.4,52.2,36.2
1485,2013-02-01,12100.0,31.9,11.3
1486,2013-02-02,12030.2,24.3,5.5
1487,2013-02-03,11992.8,30.9,25.3
1488,2013-02-04,12378.2,31.9,14.5
1489,2013-02-05,12397.5,37.6,24.2
1490,2013-02-06,12120.5,40.4,26.6
1491,2013-02-07,12751.5,36.4,23.0
1492,2013-02-08,12272.6,38.4,31.9
1493,2013-02-09,12041.9,37.3,18.8
1494,2013-02-10,12028.6,35.2,15.3
1495,2013-02-11,12228.8,42.6,35.8
1496,2013-02-12,12145.8,51.8,30.8
1497,2013-02-13,12010.0,41.6,29.1
1498,2013-02-14,12050.1,40.5,29.7
1499,2013-02-15,12159.0,44.9,31.2
1500,2013-02-16,12302.7,39.2,32.0
1501,2013-02-17,12332.8,31.7,11.5
1502,2013-02-18,12430.4,30.1,6.1
1503,2013-02-19,12467.2,40.3,26.5
1504,2013-02-20,12470.2,38.4,17.8
1505,2013-02-21,12752.9,31.2,9.7
1506,2013-02-22,12652.0,33.1,18.5
1507,2013-02-23,12273.8,37.5,34.4
1508,2013-02-24,12120.6,46.5,35.1
1509,2013-02-25,12474.1,38.5,19.0
1510,2013-02-26,12552.5,38.6,29.8
1511,2013-02-27,12286.6,48.1,39.5
1512,2013-02-28,12459.2,46.2,29.4
1513,2013-03-01,12427.5,43.5,26.4
1514,2013-03-02,12377.5,37.0,21.1
1515,2013-03-03,12326.2,35.2,18.0
1516,2013-03-04,12745.5,36.0,14.4
1517,2013-03-05,12603.9,40.6,16.1
1518,2013-03-06,12407.1,37.8,30.5
1519,2013-03-07,12251.7,43.2,28.0
1520,2013-03-08,11891.1,43.2,25.5
1521,2013-03-09,11614.5,47.4,22.8
1522,2013-03-10,11200.7,48.8,27.7
1523,2013-03-11,12113.1,50.3,39.4
1524,2013-03-12,12294.6,56.8,47.5
1525,2013-03-13,11871.9,45.2,26.3
1526,2013-03-14,12001.5,39.3,15.0
1527,2013-03-15,11903.0,43.8,18.6
1528,2013-03-16,11637.9,51.0,35.6
1529,2013-03-17,11555.4,41.1,30.4
1530,2013-03-18,12009.0,38.3,28.1
1531,2013-03-19,11799.0,45.3,33.4
1532,2013-03-20,11758.2,47.2,8.8
1533,2013-03-21,12020.5,39.3,15.1
1534,2013-03-22,11911.8,36.8,11.2
1535,2013-03-23,11598.5,42.7,18.8
1536,2013-03-24,11513.8,41.4,21.0
1537,2013-03-25,11814.7,36.1,32.1
1538,2013-03-26,12080.0,41.4,30.4
1539,2013-03-27,11845.3,45.5,25.9
1540,2013-03-28,12128.5,44.5,25.7
1541,2013-03-29,12209.2,48.8,27.2
1542,2013-03-30,12128.3,50.5,27.6
1543,2013-03-31,12042.1,50.2,36.5
1544,2013-04-01,12232.6,52.9,41.0
1545,2013-04-02,12318.7,45.1,14.1
1546,2013-04-03,12151.9,44.1,12.4
1547,2013-04-04,12379.1,40.4,14.7
1548,2013-04-05,12140.4,49.1,31.3
1549,2013-04-06,11855.0,49.9,19.8
1550,2013-04-07,11872.1,52.8,31.8
1551,2013-04-08,12241.5,64.8,44.1
1552,2013-04-09,12802.0,72.1,50.5
1553,2013-04-10,13013.1,75.7,53.0
1554,2013-04-11,13073.0,76.2,55.6
1555,2013-04-12,12924.6,61.5,56.8
1556,2013-04-13,12467.7,59.5,42.1
1557,2013-04-14,12355.7,58.8,39.7
1558,2013-04-15,12523.3,60.2,45.0
1559,2013-04-16,12485.5,62.5,51.1
1560,2013-04-17,12651.2,68.5,58.4
1561,2013-04-18,13048.2,66.5,57.3
1562,2013-04-19,13317.0,70.0,60.2
1563,2013-04-20,12361.6,56.2,35.3
1564,2013-04-21,12323.7,49.8,23.5
1565,2013-04-22,12768.8,49.0,33.2
1566,2013-04-23,12601.5,52.8,39.0
1567,2013-04-24,12703.0,60.0,46.9
1568,2013-04-25,12721.5,59.5,35.8
1569,2013-04-26,12434.5,57.9,35.4
1570,2013-04-27,12178.9,60.7,38.4
1571,2013-04-28,12214.2,59.5,40.6
1572,2013-04-29,12594.6,58.3,50.6
1573,2013-04-30,12730.9,58.0,54.3
1574,2013-05-01,12698.9,59.9,42.3
1575,2013-05-02,12706.1,57.8,44.6
1576,2013-05-03,12506.4,59.1,42.7
1577,2013-05-04,12095.6,57.0,42.1
1578,2013-05-05,12158.3,54.7,39.5
1579,2013-05-06,12751.9,56.4,49.1
1580,2013-05-07,13176.5,61.6,57.8
1581,2013-05-08,12930.5,63.3,56.1
1582,2013-05-09,13017.4,62.6,55.3
1583,2013-05-10,13075.7,69.0,58.6
1584,2013-05-11,13177.5,69.7,61.6
1585,2013-05-12,12460.4,63.8,44.3
1586,2013-05-13,12726.3,55.5,25.5
1587,2013-05-14,12663.2,54.0,28.5
1588,2013-05-15,12917.3,65.8,47.1
1589,2013-05-16,13473.8,75.9,58.5
1590,2013-05-17,13209.8,74.8,52.0
1591,2013-05-18,12561.4,66.0,53.7
1592,2013-05-19,12740.5,65.5,60.8
1593,2013-05-20,13483.6,72.0,65.1
1594,2013-05-21,13467.4,73.8,66.7
1595,2013-05-22,13469.4,77.1,69.0
1596,2013-05-23,13483.2,75.7,66.9
1597,2013-05-24,12820.4,63.0,52.8
1598,2013-05-25,12177.5,55.8,32.0
1599,2013-05-26,12219.5,62.8,32.0
1600,2013-05-27,12222.7,64.7,38.5
1601,2013-05-28,13008.4,70.2,54.9
1602,2013-05-29,13308.9,76.2,65.4
1603,2013-05-30,13417.6,79.6,65.7
1604,2013-05-31,13339.2,79.8,65.3
1605,2013-06-01,12948.8,81.5,64.7
1606,2013-06-02,12917.7,81.0,65.5
1607,2013-06-03,13317.5,74.8,66.0
1608,2013-06-04,13124.8,71.1,48.3
1609,2013-06-05,12543.2,71.4,51.0
1610,2013-06-06,13184.8,70.5,56.8
1611,2013-06-07,13391.7,70.5,66.8
1612,2013-06-08,13088.3,72.6,61.3
1613,2013-06-09,13142.0,75.3,64.3
1614,2013-06-10,13473.6,75.2,68.8
1615,2013-06-11,13470.8,75.8,64.8
1616,2013-06-12,13330.3,80.2,62.1
1617,2013-06-13,13368.5,79.7,66.9
1618,2013-06-14,12954.7,71.5,53.6
1619,2013-06-15,12700.3,76.0,53.4
1620,2013-06-16,12988.5,76.8,61.0
1621,2013-06-17,13410.3,79.2,67.2
1622,2013-06-18,13416.0,75.8,69.0
1623,2013-06-19,13324.8,71.4,61.2
1624,2013-06-20,13396.3,72.6,60.0
1625,2013-06-21,12901.2,73.4,52.6
1626,2013-06-22,13056.9,76.2,63.6
1627,2013-06-23,13076.2,77.0,67.7
1628,2013-06-24,14075.2,80.2,71.3
1629,2013-06-25,15182.8,81.5,68.3
1630,2013-06-26,15149.9,81.7,68.5
1631,2013-06-27,15342.1,76.5,69.3
1632,2013-06-28,14596.4,78.0,69.7
1633,2013-06-29,14575.0,77.8,66.2
1634,2013-06-30,14916.6,80.2,71.7
1635,2013-07-01,15268.7,78.3,71.3
1636,2013-07-02,15455.3,78.6,71.9
1637,2013-07-03,15300.0,78.6,71.6
1638,2013-07-04,15031.7,81.1,72.3
1639,2013-07-05,15191.9,82.6,71.3
1640,2013-07-06,15218.8,84.3,72.8
1641,2013-07-07,15088.5,83.7,71.0
1642,2013-07-08,15144.3,78.7,67.8
1643,2013-07-09,15059.7,80.3,69.3
1644,2013-07-10,15057.0,82.3,73.8
1645,2013-07-11,15165.1,79.0,69.5
1646,2013-07-12,14924.4,73.9,67.4
1647,2013-07-13,14792.6,77.0,68.7
1648,2013-07-14,14982.5,81.4,72.7
1649,2013-07-15,15139.4,84.5,71.3
1650,2013-07-16,15346.6,88.6,70.0
1651,2013-07-17,15181.4,87.3,70.4
1652,2013-07-18,15559.8,87.0,74.4
1653,2013-07-19,15470.2,88.0,75.9
1654,2013-07-20,14932.5,86.6,72.5
1655,2013-07-21,14852.4,84.9,69.4
1656,2013-07-22,15455.4,81.7,71.7
1657,2013-07-23,15398.7,82.0,69.6
1658,2013-07-24,14730.5,80.8,64.6
1659,2013-07-25,14533.5,74.5,55.2
1660,2013-07-26,14847.1,75.4,59.9
1661,2013-07-27,15066.4,77.2,65.3
1662,2013-07-28,15226.9,76.8,67.9
1663,2013-07-29,13398.8,76.0,59.9
1664,2013-07-30,12924.9,76.2,55.1
1665,2013-07-31,13144.3,76.5,63.3
1666,2013-08-01,13281.4,74.5,68.9
1667,2013-08-02,13045.4,78.1,64.5
1668,2013-08-03,12813.1,76.5,64.0
1669,2013-08-04,12688.6,74.8,59.6
1670,2013-08-05,12721.4,73.1,53.0
1671,2013-08-06,13084.0,72.2,62.1
1672,2013-08-07,13016.5,75.7,67.5
1673,2013-08-08,14581.7,80.3,71.2
1674,2013-08-09,16589.0,84.1,72.4
1675,2013-08-10,15916.2,81.6,66.0
1676,2013-08-11,15792.9,78.7,66.5
1677,2013-08-12,16228.6,81.6,66.3
1678,2013-08-13,16212.1,81.3,69.3
1679,2013-08-14,13638.0,72.2,53.9
1680,2013-08-15,12937.9,70.2,48.6
1681,2013-08-16,12824.0,71.4,54.0
1682,2013-08-17,12590.1,72.3,56.2
1683,2013-08-18,12738.4,71.5,60.4
1684,2013-08-19,13236.9,70.1,62.3
1685,2013-08-20,13396.1,76.6,65.8
1686,2013-08-21,13085.6,79.6,70.3
1687,2013-08-22,13718.0,80.5,68.0
1688,2013-08-23,13228.8,76.4,64.0
1689,2013-08-24,12813.3,73.1,57.2
1690,2013-08-25,12886.2,74.2,58.1
1691,2013-08-26,12971.0,75.0,57.3
1692,2013-08-27,13301.9,81.9,64.6
1693,2013-08-28,13309.3,79.8,69.2
1694,2013-08-29,13626.1,78.3,69.4
1695,2013-08-30,13160.2,78.8,67.3
1696,2013-08-31,13026.9,80.5,68.6
1697,2013-09-01,13052.5,81.2,68.4
1698,2013-09-02,13155.6,81.5,70.1
1699,2013-09-03,13437.6,81.4,64.1
1700,2013-09-04,12913.0,74.7,52.2
1701,2013-09-05,13245.1,76.7,56.8
1702,2013-09-06,12688.9,70.7,46.3
1703,2013-09-07,12413.9,71.1,55.2
1704,2013-09-08,12886.4,77.4,61.7
1705,2013-09-09,12857.2,73.9,56.0
1706,2013-09-10,13274.8,79.6,69.3
1707,2013-09-11,13367.0,84.0,72.1
1708,2013-09-12,13699.3,81.1,69.9
1709,2013-09-13,13061.8,74.4,60.1
1710,2013-09-14,12052.9,64.9,45.2
1711,2013-09-15,12114.4,65.7,48.1
1712,2013-09-16,12826.7,68.6,56.5
1713,2013-09-17,13287.3,63.6,45.4
1714,2013-09-18,13384.7,62.2,44.9
1715,2013-09-19,13894.3,66.6,52.8
1716,2013-09-20,13862.4,70.1,56.8
1717,2013-09-21,13955.0,70.0,59.7
1718,2013-09-22,13443.8,67.9,56.3
1719,2013-09-23,13668.1,62.2,44.1
1720,2013-09-24,13647.3,61.6,44.6
1721,2013-09-25,12582.6,64.3,45.4
1722,2013-09-26,12592.1,66.6,52.2
1723,2013-09-27,12330.6,66.4,54.5
1724,2013-09-28,12007.9,66.1,53.0
1725,2013-09-29,12018.4,64.7,53.1
1726,2013-09-30,12387.6,65.6,52.4
1727,2013-10-01,12764.9,69.9,55.4
1728,2013-10-02,12896.5,74.4,59.0
1729,2013-10-03,14049.1,74.1,61.4
1730,2013-10-04,15194.1,75.9,63.7
1731,2013-10-05,15385.6,77.9,65.6
1732,2013-10-06,15386.0,77.8,65.8
1733,2013-10-07,15086.8,72.0,64.9
1734,2013-10-08,13617.4,60.9,45.7
1735,2013-10-09,13536.2,60.2,48.2
1736,2013-10-10,13715.1,57.8,53.4
1737,2013-10-11,13588.9,61.3,58.3
1738,2013-10-12,13462.6,64.3,59.6
1739,2013-10-13,13598.3,63.2,57.8
1740,2013-10-14,13721.7,62.9,53.2
1741,2013-10-15,13975.2,63.1,50.8
1742,2013-10-16,14094.6,66.0,57.9
1743,2013-10-17,14348.9,67.6,61.3
1744,2013-10-18,13832.6,63.8,45.4
1745,2013-10-19,13304.2,58.8,49.2
1746,2013-10-20,13282.1,58.6,38.5
1747,2013-10-21,13784.0,55.8,42.2
1748,2013-10-22,14221.4,58.1,46.6
1749,2013-10-23,14280.5,53.8,36.1
1750,2013-10-24,14307.7,48.3,30.4
1751,2013-10-25,14419.1,47.1,29.1
1752,2013-10-26,13429.2,46.7,28.9
1753,2013-10-27,13473.8,53.6,32.9
1754,2013-10-28,13988.2,52.4,38.5
1755,2013-10-29,12833.5,53.7,40.5
1756,2013-10-30,12955.4,57.0,49.5
1757,2013-10-31,13379.0,60.7,55.3
1758,2013-11-01,13520.6,67.4,59.2
1759,2013-11-02,10391.1,62.1,49.3
1760,2013-11-03,10332.2,53.8,34.1
1761,2013-11-04,11973.8,43.4,22.0
1762,2013-11-05,12840.6,47.8,32.9
1763,2013-11-06,12786.3,58.6,48.3
1764,2013-11-07,12819.9,57.9,50.0
1765,2013-11-08,12472.2,47.6,24.7
1766,2013-11-09,11994.3,44.7,26.4
1767,2013-11-10,11964.6,52.0,30.1
1768,2013-11-11,12281.0,49.2,27.6
1769,2013-11-12,12481.3,47.4,26.7
1770,2013-11-13,12470.1,37.7,16.6
1771,2013-11-14,12379.1,40.7,21.5
1772,2013-11-15,12208.7,45.2,28.6
1773,2013-11-16,12072.3,50.4,44.0
1774,2013-11-17,11992.5,56.3,52.1
1775,2013-11-18,12439.5,62.4,44.8
1776,2013-11-19,12291.2,50.0,25.0
1777,2013-11-20,12214.6,41.9,23.9
1778,2013-11-21,12742.4,41.9,30.2
1779,2013-11-22,13102.7,51.8,43.3
1780,2013-11-23,13026.7,51.1,33.1
1781,2013-11-24,12891.7,32.3,7.0
1782,2013-11-25,13035.6,29.6,7.0
1783,2013-11-26,12819.5,36.8,21.3
1784,2013-11-27,12760.2,41.0,35.9
1785,2013-11-28,12575.6,34.2,14.2
1786,2013-11-29,12664.5,36.2,20.2
1787,2013-11-30,12615.8,33.9,18.9
1788,2013-12-01,12559.4,37.9,26.3
1789,2013-12-02,12873.3,44.5,34.6
1790,2013-12-03,12820.7,47.1,35.7
1791,2013-12-04,12971.3,47.1,39.8
1792,2013-12-05,13255.9,56.5,51.3
1793,2013-12-06,12425.9,55.9,52.2
1794,2013-12-07,11918.5,41.3,33.0
1795,2013-12-08,11928.4,32.3,21.8
1796,2013-12-09,12204.3,34.3,30.7
1797,2013-12-10,12367.7,35.7,31.0
1798,2013-12-11,12374.2,34.2,20.0
1799,2013-12-12,12311.3,31.8,16.0
1800,2013-12-13,12925.0,33.7,13.4
1801,2013-12-14,12825.4,37.9,27.8
1802,2013-12-15,12868.8,40.7,32.2
1803,2013-12-16,13159.9,36.8,22.5
1804,2013-12-17,13250.6,36.7,26.7
1805,2013-12-18,12910.3,37.8,25.5
1806,2013-12-19,12421.3,41.1,25.6
1807,2013-12-20,12403.9,50.7,31.5
1808,2013-12-21,12484.2,58.6,46.1
1809,2013-12-22,12584.3,65.6,57.9
1810,2013-12-23,12374.2,59.3,54.2
1811,2013-12-24,11706.6,39.8,23.1
1812,2013-12-25,11800.8,27.8,8.3
1813,2013-12-26,12228.7,33.7,19.9
1814,2013-12-27,12136.3,38.2,24.0
1815,2013-12-28,11737.8,40.9,27.0
1816,2013-12-29,11884.2,46.9,36.7
1817,2013-12-30,12228.1,43.6,34.9
1818,2013-12-31,12114.0,38.0,21.0
1819,2014-01-01,11819.3,37.0,20.6
1820,2014-01-02,12180.4,37.9,31.3
1821,2014-01-03,12029.5,25.6,13.8
1822,2014-01-04,11997.6,23.6,7.3
1823,2014-01-05,11933.1,35.6,26.3
1824,2014-01-06,11979.2,41.1,32.7
1825,2014-01-07,11393.3,13.7,-10.1
1826,2014-01-08,11243.1,20.0,-2.6
1827,2014-01-09,11014.5,32.7,16.7
1828,2014-01-10,11746.6,34.1,27.1
1829,2014-01-11,11957.9,42.3,39.6
1830,2014-01-12,11880.3,50.2,34.4
1831,2014-01-13,12144.3,43.3,32.3
1832,2014-01-14,12100.7,50.0,41.4
1833,2014-01-15,12044.5,43.1,38.9
1834,2014-01-16,12192.8,39.2,22.4
1835,2014-01-17,12087.5,38.1,25.4
1836,2014-01-18,11702.4,35.0,19.6
1837,2014-01-19,11672.0,33.5,14.2
1838,2014-01-20,11560.2,45.8,24.6
1839,2014-01-21,11859.5,35.7,24.5
1840,2014-01-22,11705.9,15.4,0.0
1841,2014-01-23,11064.8,18.9,0.0
1842,2014-01-24,11496.9,17.3,-3.8
1843,2014-01-25,11831.8,25.7,3.6
1844,2014-01-26,11890.9,29.2,10.2
1845,2014-01-27,12310.7,37.7,19.3
1846,2014-01-28,12362.7,19.7,-4.6
1847,2014-01-29,12157.7,18.3,-0.6
1848,2014-01-30,12430.3,24.2,0.7
1849,2014-01-31,12246.2,32.9,11.5
1850,2014-02-01,11884.9,39.2,19.6
1851,2014-02-02,11743.0,46.2,29.0
1852,2014-02-03,12180.7,43.0,34.9
1853,2014-02-04,12019.6,34.6,23.6
1854,2014-02-05,12130.5,35.5,29.8
1855,2014-02-06,12121.1,34.7,17.8
1856,2014-02-07,11920.0,36.0,18.1
1857,2014-02-08,11671.4,33.2,13.6
1858,2014-02-09,11612.5,32.0,19.1
1859,2014-02-10,12100.7,31.8,17.1
1860,2014-02-11,11965.8,27.4,7.8
1861,2014-02-12,10756.6,25.4,8.0
1862,2014-02-13,11434.7,32.7,27.5
1863,2014-02-14,11551.9,40.7,25.6
1864,2014-02-15,11419.6,38.4,27.5
1865,2014-02-16,11403.8,32.2,12.9
1866,2014-02-17,11492.5,31.4,13.0
1867,2014-02-18,11857.4,38.4,22.3
1868,2014-02-19,11863.0,45.1,34.8
1869,2014-02-20,11934.8,48.5,29.4
1870,2014-02-21,11811.4,50.5,40.6
1871,2014-02-22,11493.3,46.5,32.1
1872,2014-02-23,11377.5,52.0,29.3
1873,2014-02-24,11817.9,44.8,21.0
1874,2014-02-25,11834.1,35.0,16.9
1875,2014-02-26,11790.5,33.3,17.6
1876,2014-02-27,11831.2,31.8,8.5
1877,2014-02-28,11894.3,23.0,-3.9
1878,2014-03-01,11620.0,30.7,9.2
1879,2014-03-02,11596.9,42.2,27.7
1880,2014-03-03,11553.1,29.5,21.9
1881,2014-03-04,11758.3,21.7,2.5
1882,2014-03-05,11999.1,32.5,13.8
1883,2014-03-06,12148.4,32.6,15.2
1884,2014-03-07,11960.6,36.4,24.1
1885,2014-03-08,11504.8,45.0,28.7
1886,2014-03-09,10954.5,49.0,28.6
1887,2014-03-10,11855.2,46.7,25.9
1888,2014-03-11,11902.5,54.2,34.6
1889,2014-03-12,11713.4,55.9,42.3
1890,2014-03-13,11745.0,33.5,8.3
1891,2014-03-14,11743.1,39.5,12.1
1892,2014-03-15,11599.5,57.9,23.6
1893,2014-03-16,11445.1,46.5,23.6
1894,2014-03-17,11460.1,29.7,23.4
1895,2014-03-18,11728.4,35.3,21.7
1896,2014-03-19,11616.9,40.3,31.4
1897,2014-03-20,11822.1,49.1,34.5
1898,2014-03-21,11907.3,50.0,29.5
1899,2014-03-22,11785.1,54.0,35.3
1900,2014-03-23,11721.4,48.1,26.7
1901,2014-03-24,11966.3,35.1,8.4
1902,2014-03-25,11980.7,34.7,22.8
1903,2014-03-26,11686.5,34.1,18.3
1904,2014-03-27,11904.2,37.4,12.5
1905,2014-03-28,11891.7,53.2,38.7
1906,2014-03-29,11636.4,58.3,52.9
1907,2014-03-30,11350.2,48.2,43.2
1908,2014-03-31,11825.9,51.5,32.0
1909,2014-04-01,11976.1,54.6,31.6
1910,2014-04-02,11801.5,54.4,40.7
1911,2014-04-03,11977.0,59.7,45.2
1912,2014-04-04,11720.3,55.8,43.6
1913,2014-04-05,11351.5,54.1,38.3
1914,2014-04-06,11399.0,49.7,22.3
1915,2014-04-07,11900.0,48.5,35.3
1916,2014-04-08,12068.0,57.8,47.2
1917,2014-04-09,11811.4,56.8,35.2
1918,2014-04-10,12076.0,59.2,32.1
1919,2014-04-11,12549.8,67.7,40.8
1920,2014-04-12,12310.2,66.6,44.9
1921,2014-04-13,12464.2,69.0,51.0
1922,2014-04-14,13074.0,72.1,55.0
1923,2014-04-15,12584.2,64.5,56.0
1924,2014-04-16,11652.3,41.0,19.9
1925,2014-04-17,11984.9,46.8,27.9
1926,2014-04-18,11852.7,46.2,31.9
1927,2014-04-19,11719.9,56.0,36.7
1928,2014-04-20,11699.1,57.8,35.8
1929,2014-04-21,11245.0,55.1,32.6
1930,2014-04-22,12301.7,60.8,48.7
1931,2014-04-23,11943.2,57.8,38.7
1932,2014-04-24,12968.9,54.0,26.0
1933,2014-04-25,12820.6,58.5,36.5
1934,2014-04-26,12518.4,61.8,44.9
1935,2014-04-27,12382.8,61.3,36.8
1936,2014-04-28,12564.0,57.3,39.5
1937,2014-04-29,12651.6,51.0,46.0
1938,2014-04-30,12734.4,55.5,52.4
1939,2014-05-01,11672.8,66.8,58.4
1940,2014-05-02,12356.3,64.8,39.7
1941,2014-05-03,10346.5,64.7,42.3
1942,2014-05-04,9723.1,66.5,41.4
1943,2014-05-05,13017.3,58.9,34.8
1944,2014-05-06,14302.4,59.6,46.6
1945,2014-05-07,13800.3,60.8,46.4
1946,2014-05-08,14698.4,66.3,56.1
1947,2014-05-09,14704.5,68.6,60.3
1948,2014-05-10,14546.3,70.6,62.5
1949,2014-05-11,12958.6,71.3,55.1
1950,2014-05-12,14274.7,72.8,60.2
1951,2014-05-13,15189.5,76.9,66.4
1952,2014-05-14,14614.7,65.0,59.1
1953,2014-05-15,15138.6,71.2,64.9
1954,2014-05-16,14755.3,67.2,58.3
1955,2014-05-17,13892.7,61.5,42.9
1956,2014-05-18,13940.9,61.3,38.8
1957,2014-05-19,14304.1,62.1,38.4
1958,2014-05-20,14058.9,65.7,44.3
1959,2014-05-21,14333.7,70.1,56.6
1960,2014-05-22,14932.6,74.4,61.5
1961,2014-05-23,14380.0,73.0,48.7
1962,2014-05-24,13958.7,67.5,46.7
1963,2014-05-25,14172.0,72.4,49.8
1964,2014-05-26,14202.8,74.9,56.1
1965,2014-05-27,15456.1,78.5,64.1
1966,2014-05-28,15083.0,76.4,65.4
1967,2014-05-29,14167.1,62.0,55.9
1968,2014-05-30,14067.0,64.4,55.0
1969,2014-05-31,13927.1,71.8,50.0
1970,2014-06-01,13763.1,68.5,52.4
1971,2014-06-02,14325.3,69.8,52.3
1972,2014-06-03,14870.6,75.5,62.1
1973,2014-06-04,14769.4,80.0,63.0
1974,2014-06-05,14850.6,74.0,61.1
1975,2014-06-06,14128.4,72.4,49.8
1976,2014-06-07,14065.6,74.9,54.5
1977,2014-06-08,14364.8,76.1,60.1
1978,2014-06-09,15278.5,77.2,66.6
1979,2014-06-10,15788.4,79.8,70.3
1980,2014-06-11,15513.1,79.3,69.7
1981,2014-06-12,15476.9,74.9,68.6
1982,2014-06-13,15348.7,76.3,69.2
1983,2014-06-14,14400.3,73.3,56.8
1984,2014-06-15,14329.3,71.9,52.5
1985,2014-06-16,15440.2,78.2,63.7
1986,2014-06-17,15853.6,83.7,67.8
1987,2014-06-18,15933.5,87.1,68.8
1988,2014-06-19,15157.1,82.0,68.3
1989,2014-06-20,14697.7,76.9,58.1
1990,2014-06-21,14076.0,73.5,58.4
1991,2014-06-22,14228.0,74.1,60.4
1992,2014-06-23,14647.7,76.4,60.9
1993,2014-06-24,14976.2,77.0,62.5
1994,2014-06-25,15519.8,81.2,69.6
1995,2014-06-26,15321.8,81.8,66.8
1996,2014-06-27,15229.1,80.9,64.3
1997,2014-06-28,14505.5,77.9,59.6
1998,2014-06-29,14313.5,78.0,57.5
1999,2014-06-30,15272.6,79.4,62.0
2000,2014-07-01,15889.2,83.3,68.4
2001,2014-07-02,15849.8,86.9,71.6
2002,2014-07-03,15773.4,81.8,71.1
2003,2014-07-04,14006.8,77.0,62.2
2004,2014-07-05,12739.5,74.5,47.9
2005,2014-07-06,12648.0,77.0,54.6
2006,2014-07-07,13973.6,83.1,61.7
2007,2014-07-08,14898.0,86.2,64.5
2008,2014-07-09,15276.7,78.0,68.7
2009,2014-07-10,15471.1,78.0,67.4
2010,2014-07-11,15187.7,77.2,64.9
2011,2014-07-12,15326.3,81.1,67.5
2012,2014-07-13,15469.9,83.0,69.1
2013,2014-07-14,15869.4,82.3,70.8
2014,2014-07-15,15559.4,80.5,71.6
2015,2014-07-16,14018.3,76.1,60.4
2016,2014-07-17,13133.2,75.7,53.1
2017,2014-07-18,13153.7,76.7,54.1
2018,2014-07-19,13024.3,78.0,56.6
2019,2014-07-20,14073.4,77.3,63.1
2020,2014-07-21,15322.4,77.9,65.3
2021,2014-07-22,15681.0,79.7,67.7
2022,2014-07-23,15542.0,83.2,69.2
2023,2014-07-24,15018.2,79.3,65.1
2024,2014-07-25,14182.4,75.3,54.2
2025,2014-07-26,14619.6,78.6,62.9
2026,2014-07-27,15246.5,79.8,68.3
2027,2014-07-28,14540.1,81.1,64.5
2028,2014-07-29,12632.2,72.3,52.2
2029,2014-07-30,12213.1,70.9,50.5
2030,2014-07-31,13041.7,76.3,58.7
2031,2014-08-01,13978.5,78.2,65.4
2032,2014-08-02,14209.7,74.7,63.0
2033,2014-08-03,14711.5,77.8,66.9
2034,2014-08-04,14818.0,78.2,64.6
2035,2014-08-05,15099.4,81.4,63.8
2036,2014-08-06,14709.7,78.4,64.0
2037,2014-08-07,14698.2,79.0,60.8
2038,2014-08-08,14194.5,77.1,56.2
2039,2014-08-09,14374.6,77.4,62.1
2040,2014-08-10,14286.9,79.2,63.8
2041,2014-08-11,14521.2,77.4,62.0
2042,2014-08-12,15153.3,74.7,67.1
2043,2014-08-13,14565.0,78.7,64.5
2044,2014-08-14,14164.4,75.1,53.6
2045,2014-08-15,13968.1,73.5,48.0
2046,2014-08-16,13762.2,75.4,51.8
2047,2014-08-17,14463.8,78.1,62.0
2048,2014-08-18,13871.3,79.0,63.0
2049,2014-08-19,14652.6,78.5,66.1
2050,2014-08-20,14799.5,78.8,64.0
2051,2014-08-21,15232.5,77.7,66.8
2052,2014-08-22,15385.8,78.5,68.5
2053,2014-08-23,14419.3,74.7,66.5
2054,2014-08-24,14004.1,74.3,61.0
2055,2014-08-25,14272.0,75.2,58.5
2056,2014-08-26,14545.8,77.6,60.0
2057,2014-08-27,14935.0,79.1,64.8
2058,2014-08-28,15178.5,81.5,62.9
2059,2014-08-29,14233.0,74.2,52.0
2060,2014-08-30,14643.1,76.2,62.1
2061,2014-08-31,15386.9,83.5,70.4
2062,2014-09-01,15422.4,81.4,72.1
2063,2014-09-02,15730.0,85.1,71.3
2064,2014-09-03,15414.4,81.7,68.5
2065,2014-09-04,15138.5,81.0,66.1
2066,2014-09-05,15831.6,82.7,71.1
2067,2014-09-06,15543.0,84.8,71.7
2068,2014-09-07,14356.5,76.3,60.0
2069,2014-09-08,14468.8,73.7,57.8
2070,2014-09-09,14837.9,73.4,61.8
2071,2014-09-10,14795.4,75.1,63.0
2072,2014-09-11,15428.7,79.4,65.6
2073,2014-09-12,14365.9,75.3,57.8
2074,2014-09-13,14001.8,69.6,56.8
2075,2014-09-14,13370.8,65.2,49.2
2076,2014-09-15,13875.2,67.0,51.0
2077,2014-09-16,13698.6,72.1,55.8
2078,2014-09-17,13360.6,68.5,50.6
2079,2014-09-18,13879.4,70.5,54.1
2080,2014-09-19,13601.8,69.0,55.8
2081,2014-09-20,13725.1,72.4,58.5
2082,2014-09-21,13725.2,73.4,60.4
2083,2014-09-22,13645.5,73.0,48.5
2084,2014-09-23,13632.3,63.3,42.1
2085,2014-09-24,13568.8,65.2,51.6
2086,2014-09-25,13833.0,65.7,59.2
2087,2014-09-26,13708.0,68.7,55.9
2088,2014-09-27,13525.4,70.7,54.2
2089,2014-09-28,13624.5,71.0,57.4
2090,2014-09-29,14040.9,69.9,60.9
2091,2014-09-30,13885.8,70.5,62.1
2092,2014-10-01,14027.5,70.3,60.7
2093,2014-10-02,13980.8,68.9,58.7
2094,2014-10-03,13800.7,68.2,58.9
2095,2014-10-04,13266.0,68.5,54.1
2096,2014-10-05,11954.7,54.8,33.0
2097,2014-10-06,12009.6,61.1,43.1
2098,2014-10-07,12339.5,67.5,51.2
2099,2014-10-08,12381.8,69.0,53.3
2100,2014-10-09,12490.5,66.4,43.6
2101,2014-10-10,12406.0,64.0,48.4
2102,2014-10-11,11845.6,57.4,51.3
2103,2014-10-12,11821.4,58.7,47.3
2104,2014-10-13,12313.0,63.8,55.4
2105,2014-10-14,14083.5,71.6,63.8
2106,2014-10-15,14414.0,74.5,66.1
2107,2014-10-16,14068.0,63.6,57.1
2108,2014-10-17,13866.5,64.8,53.0
2109,2014-10-18,13242.1,64.5,48.6
2110,2014-10-19,13116.9,56.5,34.6
2111,2014-10-20,13567.4,56.2,39.7
2112,2014-10-21,13697.1,61.4,48.1
2113,2014-10-22,13558.9,56.3,49.9
2114,2014-10-23,13585.1,58.9,43.0
2115,2014-10-24,13634.9,62.7,40.2
2116,2014-10-25,13347.2,61.2,40.0
2117,2014-10-26,13254.0,64.2,36.2
2118,2014-10-27,12666.1,58.6,36.0
2119,2014-10-28,12478.2,64.3,47.3
2120,2014-10-29,12636.9,65.1,53.6
2121,2014-10-30,11968.0,55.4,42.0
2122,2014-10-31,11840.2,52.7,36.0
2123,2014-11-01,11622.9,52.5,37.8
2124,2014-11-02,12086.8,48.9,26.7
2125,2014-11-03,11935.3,52.2,20.0
2126,2014-11-04,11881.3,55.7,35.3
2127,2014-11-05,12039.2,60.3,40.9
2128,2014-11-06,12077.2,58.6,51.8
2129,2014-11-07,11864.7,54.9,36.0
2130,2014-11-08,11471.1,45.3,25.0
2131,2014-11-09,11483.2,51.5,35.3
2132,2014-11-10,11883.5,52.1,39.1
2133,2014-11-11,11990.2,55.8,45.3
2134,2014-11-12,11961.8,63.0,50.3
2135,2014-11-13,11709.4,46.2,27.1
2136,2014-11-14,11609.1,40.0,23.1
2137,2014-11-15,11407.5,38.4,16.5
2138,2014-11-16,11301.1,42.0,23.7
2139,2014-11-17,11911.7,46.4,38.1
2140,2014-11-18,12005.8,36.0,11.4
2141,2014-11-19,12256.1,29.5,5.0
2142,2014-11-20,12312.1,42.9,17.6
2143,2014-11-21,11769.4,37.2,8.8
2144,2014-11-22,11460.4,36.5,15.4
2145,2014-11-23,11535.4,46.9,23.8
2146,2014-11-24,12226.1,63.4,53.1
2147,2014-11-25,11875.5,59.6,43.0
2148,2014-11-26,11786.2,45.1,35.7
2149,2014-11-27,11471.1,41.5,31.4
2150,2014-11-28,11530.5,38.5,21.6
2151,2014-11-29,11684.3,39.6,21.5
2152,2014-11-30,11675.9,49.4,33.9
2153,2014-12-01,11936.5,59.0,45.2
2154,2014-12-02,12000.2,42.4,33.8
2155,2014-12-03,11839.8,44.8,39.5
2156,2014-12-04,11817.7,44.3,26.7
2157,2014-12-05,11946.1,43.4,30.8
2158,2014-12-06,11732.0,46.9,40.9
2159,2014-12-07,11344.0,44.8,29.0
2160,2014-12-08,11848.7,37.4,20.1
2161,2014-12-09,11948.7,38.5,32.1
2162,2014-12-10,11822.4,46.3,31.6
2163,2014-12-11,12014.3,40.4,20.0
2164,2014-12-12,11700.7,43.1,16.4
2165,2014-12-13,11608.9,39.8,25.5
2166,2014-12-14,11483.6,43.7,30.5
2167,2014-12-15,11636.3,48.8,37.5
2168,2014-12-16,11677.8,44.8,38.4
2169,2014-12-17,11748.9,49.0,36.9
2170,2014-12-18,11807.3,40.7,21.3
2171,2014-12-19,11260.0,39.0,21.8
2172,2014-12-20,11689.8,35.7,20.6
2173,2014-12-21,11728.7,39.0,23.0
2174,2014-12-22,12209.0,36.2,26.9
2175,2014-12-23,12265.5,42.0,37.8
2176,2014-12-24,11943.8,48.2,44.9
2177,2014-12-25,11790.4,54.1,40.9
2178,2014-12-26,11775.1,45.2,30.8
2179,2014-12-27,12046.1,45.1,33.2
2180,2014-12-28,12015.6,51.6,38.3
2181,2014-12-29,12029.9,46.6,33.7
2182,2014-12-30,12031.1,41.5,21.4
2183,2014-12-31,12285.1,34.5,13.3
2184,2015-01-01,11919.1,35.1,14.3
2185,2015-01-02,12297.3,41.6,22.9
2186,2015-01-03,11881.1,39.2,30.4
2187,2015-01-04,11798.7,49.7,44.0
2188,2015-01-05,11949.1,46.0,21.8
2189,2015-01-06,12198.5,28.6,12.2
2190,2015-01-07,11315.8,26.6,10.3
2191,2015-01-08,10284.4,17.3,-6.1
2192,2015-01-09,9812.7,31.0,4.9
2193,2015-01-10,9805.5,26.2,0.6
2194,2015-01-11,9600.7,29.0,9.9
2195,2015-01-12,11245.6,37.3,28.9
2196,2015-01-13,12230.3,37.5,23.7
2197,2015-01-14,11981.0,29.8,16.1
2198,2015-01-15,12348.6,34.7,21.9
2199,2015-01-16,12210.7,36.9,24.0
2200,2015-01-17,11941.4,34.7,15.8
2201,2015-01-18,12007.6,37.8,30.6
2202,2015-01-19,11847.8,43.9,27.2
2203,2015-01-20,12016.9,38.7,27.1
2204,2015-01-21,11944.3,36.8,28.6
2205,2015-01-22,12017.7,39.8,30.1
2206,2015-01-23,11792.8,38.1,25.6
2207,2015-01-24,11595.2,38.9,32.5
2208,2015-01-25,11669.2,43.5,27.2
2209,2015-01-26,12164.0,40.2,31.1
2210,2015-01-27,12107.8,32.4,22.8
2211,2015-01-28,12435.2,30.9,10.4
2212,2015-01-29,10428.6,32.1,10.6
2213,2015-01-30,10009.2,39.2,21.6
2214,2015-01-31,9912.6,26.7,4.2
2215,2015-02-01,9774.3,33.5,17.1
2216,2015-02-02,11398.0,40.2,28.5
2217,2015-02-03,12586.6,29.5,6.9
2218,2015-02-04,12148.3,37.3,19.7
2219,2015-02-05,12663.0,38.7,16.7
2220,2015-02-06,10841.9,25.6,0.5
2221,2015-02-07,10157.6,36.1,14.8
2222,2015-02-08,9620.9,44.5,25.3
2223,2015-02-09,11719.4,41.5,31.5
2224,2015-02-10,10622.8,35.6,27.9
2225,2015-02-11,11222.9,36.3,20.4
2226,2015-02-12,12510.9,37.2,22.8
2227,2015-02-13,12595.5,22.8,-1.4
2228,2015-02-14,9701.4,30.8,8.0
2229,2015-02-15,10035.7,18.9,-3.8
2230,2015-02-16,9797.8,14.4,-6.9
2231,2015-02-17,9740.0,20.7,10.0
2232,2015-02-18,10059.6,24.4,11.1
2233,2015-02-19,10537.3,19.4,-3.3
2234,2015-02-20,10328.1,12.9,-9.9
2235,2015-02-21,10354.2,19.8,4.6
2236,2015-02-22,9695.6,38.7,31.2
2237,2015-02-23,11948.0,35.8,18.7
2238,2015-02-24,11861.1,21.6,-1.4
2239,2015-02-25,12119.6,29.4,13.2
2240,2015-02-26,11905.7,35.4,22.1
2241,2015-02-27,12400.0,33.3,17.7
2242,2015-02-28,11500.8,26.2,3.6
2243,2015-03-01,10295.1,28.5,17.0
2244,2015-03-02,9837.6,37.8,26.6
2245,2015-03-03,11566.0,33.8,17.6
2246,2015-03-04,11982.6,42.3,35.9
2247,2015-03-05,12000.9,38.3,33.5
2248,2015-03-06,11136.8,23.2,6.8
2249,2015-03-07,10552.4,29.9,15.3
2250,2015-03-08,9122.4,46.3,26.4
2251,2015-03-09,11612.9,47.1,29.5
2252,2015-03-10,11868.5,45.9,34.6
2253,2015-03-11,12248.0,53.3,44.3
2254,2015-03-12,11877.9,52.4,27.1
2255,2015-03-13,12197.5,46.5,20.7
2256,2015-03-14,11682.0,49.5,42.2
2257,2015-03-15,11963.8,53.1,38.1
2258,2015-03-16,11994.4,49.6,32.8
2259,2015-03-17,12105.8,57.2,39.0
2260,2015-03-18,11965.6,43.9,12.3
2261,2015-03-19,12255.0,46.0,19.1
2262,2015-03-20,11926.6,40.5,30.0
2263,2015-03-21,11962.6,44.0,35.3
2264,2015-03-22,11601.9,51.5,29.7
2265,2015-03-23,12227.2,44.2,15.6
2266,2015-03-24,11270.5,42.8,18.8
2267,2015-03-25,11616.6,42.5,26.3
2268,2015-03-26,12233.2,57.0,45.5
2269,2015-03-27,12181.7,51.3,39.6
2270,2015-03-28,11472.7,38.6,16.7
2271,2015-03-29,11797.0,35.7,7.6
2272,2015-03-30,11587.3,50.7,22.9
2273,2015-03-31,11912.0,57.2,28.8
2274,2015-04-01,11543.7,50.1,30.4
2275,2015-04-02,11937.8,56.1,33.3
2276,2015-04-03,12398.2,66.6,51.2
2277,2015-04-04,11936.5,61.4,39.9
2278,2015-04-05,11875.1,54.6,21.7
2279,2015-04-06,12228.6,61.4,34.1
2280,2015-04-07,11956.5,66.0,54.1
2281,2015-04-08,12070.1,53.2,47.6
2282,2015-04-09,12098.7,46.9,41.8
2283,2015-04-10,12216.0,50.5,46.2
2284,2015-04-11,11890.9,62.7,38.3
2285,2015-04-12,12010.5,58.2,31.5
2286,2015-04-13,12227.1,63.7,43.2
2287,2015-04-14,11875.4,63.3,54.2
2288,2015-04-15,11878.2,59.3,39.9
2289,2015-04-16,11899.3,62.5,38.4
2290,2015-04-17,11892.0,66.6,55.3
2291,2015-04-18,12204.6,71.5,54.0
2292,2015-04-19,11720.6,66.2,46.4
2293,2015-04-20,12363.4,67.1,58.0
2294,2015-04-21,11972.7,64.9,43.3
2295,2015-04-22,11773.5,60.4,38.8
2296,2015-04-23,11769.8,53.6,27.3
2297,2015-04-24,11563.6,50.6,22.1
2298,2015-04-25,10422.6,51.0,28.9
2299,2015-04-26,10507.2,52.9,37.7
2300,2015-04-27,11580.0,55.9,34.5
2301,2015-04-28,11624.4,58.3,38.5
2302,2015-04-29,11332.8,65.4,41.6
2303,2015-04-30,11835.1,64.9,48.1
2304,2015-05-01,11446.7,59.1,47.4
2305,2015-05-02,11506.0,62.1,44.6
2306,2015-05-03,11681.8,68.6,46.5
2307,2015-05-04,12229.6,70.6,51.5
2308,2015-05-05,12189.9,73.2,57.8
2309,2015-05-06,12264.3,72.1,62.7
2310,2015-05-07,12362.5,71.4,57.4
2311,2015-05-08,12457.8,73.3,59.7
2312,2015-05-09,12386.9,72.7,62.0
2313,2015-05-10,12856.2,76.2,66.1
2314,2015-05-11,12975.2,76.0,67.5
2315,2015-05-12,13059.1,78.8,64.8
2316,2015-05-13,12202.8,69.3,42.7
2317,2015-05-14,12203.9,61.8,39.1
2318,2015-05-15,12171.0,66.3,48.7
2319,2015-05-16,12587.5,74.1,61.8
2320,2015-05-17,12813.0,75.8,67.8
2321,2015-05-18,13425.8,80.9,68.5
2322,2015-05-19,13271.9,79.8,67.2
2323,2015-05-20,12197.6,71.9,48.5
2324,2015-05-21,12005.1,59.6,45.2
2325,2015-05-22,11901.0,63.0,44.9
2326,2015-05-23,11740.1,66.4,35.0
2327,2015-05-24,12051.2,68.8,51.3
2328,2015-05-25,12456.7,75.9,59.6
2329,2015-05-26,13156.6,77.5,63.3
2330,2015-05-27,13458.5,79.7,68.2
2331,2015-05-28,13405.1,80.4,67.2
2332,2015-05-29,13877.4,78.6,67.9
2333,2015-05-30,13320.5,80.1,67.5
2334,2015-05-31,13422.2,81.2,67.7
2335,2015-06-01,12760.0,81.0,68.6
2336,2015-06-02,11760.1,68.0,62.9
2337,2015-06-03,12466.8,61.1,55.5
2338,2015-06-04,12655.1,62.2,56.2
2339,2015-06-05,12733.6,64.7,58.2
2340,2015-06-06,13045.6,73.3,62.5
2341,2015-06-07,12822.2,73.7,60.8
2342,2015-06-08,13669.0,74.4,61.3
2343,2015-06-09,13682.8,78.7,64.3
2344,2015-06-10,13234.5,78.0,58.8
2345,2015-06-11,14028.2,80.2,67.7
2346,2015-06-12,14817.7,84.7,72.3
2347,2015-06-13,14229.3,82.9,70.9
2348,2015-06-14,14775.9,85.1,71.1
2349,2015-06-15,15020.7,83.5,73.2
2350,2015-06-16,15211.6,85.6,72.0
2351,2015-06-17,13176.2,80.3,66.0
2352,2015-06-18,14852.8,78.4,69.8
2353,2015-06-19,14128.7,80.4,69.0
2354,2015-06-20,14462.6,82.3,70.2
2355,2015-06-21,14560.5,82.8,71.2
2356,2015-06-22,14294.2,86.7,66.8
2357,2015-06-23,15643.4,86.6,72.8
2358,2015-06-24,14067.7,77.9,64.1
2359,2015-06-25,13974.5,79.6,60.7
2360,2015-06-26,13728.9,75.9,65.0
2361,2015-06-27,13524.6,73.8,66.8
2362,2015-06-28,13064.3,73.5,62.4
2363,2015-06-29,13202.6,74.4,55.5
2364,2015-06-30,13792.7,78.4,66.8
2365,2015-07-01,14037.7,78.3,66.9
2366,2015-07-02,13984.7,75.1,67.0
2367,2015-07-03,13089.8,74.4,65.1
2368,2015-07-04,13291.2,75.6,68.2
2369,2015-07-05,13279.9,77.2,68.7
2370,2015-07-06,15146.7,80.9,72.0
