8066796254,2124272,8/8/2013,28.6,29.2,40.5,28.6,43.7,28.6,44,28.9,28.1,40.6,28.1,40.4,26.2,34.8,87.9,99,97.5,99.4,105.3,104.9,107.1,106.7,109.3,109.3,108.7,109.9,,,,,,,,,,,,,,,,,,,,,,,,
8066796254,2124272,8/7/2013,29,29.3,40.5,28.2,41.4,28.9,39.8,29.3,33.1,36.6,28.4,40.5,25.8,32.3,81.4,87.2,91,92.1,96.1,102.2,102.5,104.4,105.2,102.5,102.7,107.2,104.9,103.3,102.6,105.3,108.4,105.3,104.1,104.6,105.8,108.3,105.4,104.9,103.8,103.9,106.2,111.1,99.6,42.5,32.3,44.4,28.9,42.8,,
8066796254,2124272,8/6/2013,28.4,28.8,39.3,28.4,41.8,28.6,39,28.4,30.2,39.4,27.8,39.4,25.5,34.8,80.7,85.6,88.2,90.9,97.7,100.4,101.9,101.2,103,103.4,103.1,101.8,102.9,104.4,104.2,100.6,103,100.8,100.3,101.7,99.2,99.8,99.6,98.3,98.6,99,100.2,104.1,94.8,45.9,45.4,55.6,32.9,42,,
8066796254,2124272,8/5/2013,31.7,35.5,27.9,41.8,29,39.2,29,39.2,30.2,28.4,40.4,27.8,39.4,20.1,76.9,82.1,85.2,90.4,94.5,94.9,96,96,97.6,101.4,102.9,101.2,96,97.3,96,96.5,97.9,92.5,96.7,100.2,98.6,101.5,100,101.8,100.3,101.4,102.5,106.2,95.6,40.5,32.4,42.1,28.4,42,,
8066796254,2124272,8/4/2013,37.5,34.6,27.8,40.8,28.6,40.1,28.9,37.1,32.8,28.1,41.3,28.2,38.2,20,29.7,22.7,21.7,34.6,21.7,30.6,17.8,30.2,74.1,90.4,91.3,89.8,94,90.3,96.4,94.2,92.7,89.4,93.3,92.1,86.4,28.6,23.2,37.3,25.2,36.2,27.8,38.3,42.7,32.5,42.9,30.5,40.9,28.5,,
8066796254,2124272,8/3/2013,28.9,30.5,38.6,28.1,42,28.4,41,28.5,35.5,32.9,28.4,41.2,24.6,32.3,81.9,86.1,86.5,87.6,94,96.9,96.9,94.9,92.6,95.8,97.3,97.5,97.7,98,97.6,97.9,98.7,97.5,100.4,97.1,88.3,32.5,27,40.1,26.9,37.8,26.6,37.9,40.9,32.9,44.3,31.9,40.5,29.3,,
8066796254,2124272,8/2/2013,86.5,86.5,86.3,85.5,85.6,85.6,84.9,83.8,84.5,84,83.8,82.9,79.8,74.9,76.3,78,80.7,85.6,92.5,93.2,95.8,94.2,96,94.2,95.8,97.5,103,97.7,97.7,98.7,99,94.5,96.3,97.5,99.9,102.9,91.4,91.5,92.3,91.4,92.7,98,97.7,45.8,45.1,55.8,34.7,39.7,,
8066796254,2124272,8/1/2013,89.5,89.9,89.9,89.4,88.8,89,88.6,86.5,87.2,87.6,87.6,87.6,83.7,79.8,79.9,79,82.6,89.2,97.7,99.8,99.9,101.4,102.1,103.3,94.1,92.3,93,99,96.8,100,98.8,99.5,103.8,104.8,106.7,105.4,105.3,103.3,102.6,102.2,101.9,105.6,95.6,93.4,92.7,90.4,87.8,87.3,,
8066796254,2124272,7/31/2013,88.6,87.8,87.3,86.8,87.9,86.7,88.2,85.5,87.9,87.1,88,86.5,84,79.2,80.6,79.9,84,90.3,94.9,96.3,96.8,101,104.9,104.4,104.5,103.9,103.9,104.2,103.7,103.9,106.2,103.3,104.8,104.8,99.5,102.3,101.8,101.8,102.7,101,101.7,106.7,98,96.4,95,93.3,90.2,89.9,,
8066796254,2124272,7/30/2013,78.8,78.8,78.2,78.3,78.8,78.3,78.4,77.8,78.4,77.9,77.8,77.4,73.2,69.9,70.1,71.1,52.2,90,91.7,94.1,97.9,96.5,97.3,99.2,97.2,97.1,99.1,97.7,99.8,104.9,101.1,100,101.5,104.5,102.1,104.1,105,103.1,102.6,102.3,103,106.8,97.9,98.7,100.3,103.7,95.4,88.2,,
8066796254,2124272,7/29/2013,89.1,89.6,88.2,88.2,87.5,88,86.9,86.3,85.9,86.4,85.1,85.9,80.5,77.6,77.2,79.9,83.2,87.8,96.4,95.8,94.5,93.2,95.2,93.8,93,90.3,91.9,92.5,92.6,93.3,95,93.3,96.7,98.3,97.7,97.3,100.8,103.5,104.2,103.3,103.4,101.9,86.8,85.1,83.7,82.2,79.5,79.2,,
8066796254,2124272,7/28/2013,89.6,89.5,89.4,88.6,88.4,88.2,88.3,87.1,88,87.6,87.5,87.6,82.6,79.5,79,78.6,80.7,83.8,82.2,85.3,82.2,82.9,79.1,88.4,93,92.5,91.7,90.2,88.3,91.5,96.1,99.1,100.6,99,91.3,89.4,88,88.3,87.6,89.5,89.2,96.1,96.7,95.7,93.2,93.2,89.5,89.9,,
8066796254,2124272,7/27/2013,90.9,90.3,89.9,89.9,89.6,89.8,89.6,86.4,86.9,87.1,87.1,87.3,81.8,78.4,78.3,77.8,80.1,84.4,88.8,89.8,91.7,91.3,90.9,94.8,89.5,91.5,93.6,94.6,94.6,97.2,93.2,98.1,103.8,102.3,91.7,91,91.4,94,91.1,89.5,88.8,95.7,95.7,94.9,93.7,93,90.6,89.5,,
8066796254,2124272,7/26/2013,89,87.8,88.2,87.3,87.5,87.2,87.2,86,86.4,86.7,86.8,86.4,81.1,77.8,78.8,80.7,84.2,93.2,95.6,96.7,94.4,94,96.8,96.1,93,100.6,94.6,102.3,103.7,105.2,99.1,98.8,101.8,103.8,98,100,90.3,92.3,91.8,90.6,91.1,100.6,99.6,101,105.3,94.2,90,90.2,,
8066796254,2124272,7/25/2013,91.3,90.6,90,89.5,89.1,88.4,88.7,85.7,86.5,86.4,86.5,85.7,80.6,77.4,77.9,79.1,82.3,82.6,92.1,93,95.2,92.9,93.7,94.1,92.9,90,91.8,90.6,91.8,93,93.3,92.7,94.9,99.4,99.1,100.6,101.9,101.8,101.2,102.3,103.1,107.6,98.3,96.1,94.8,92.7,90,89,,
8066796254,2124272,7/24/2013,97.9,95.6,95.7,95,95.6,95.2,94.5,92.6,93.2,93.3,92.1,92.6,86,84,83.4,85.6,89.6,96.7,98.6,101,104.6,107.7,111.5,111.1,108.7,106.2,105,110.6,108.1,103.7,103.4,101.4,108.4,104.4,105.3,106,106.1,106.8,106.5,105.3,104.2,108.5,99.9,99.6,97.3,95.3,92.1,91.4,,
8066796254,2124272,7/23/2013,98.8,97.1,98,96.5,97.2,96.1,97.1,93.3,96,94.5,95.2,95,88.6,87.1,86.1,89.2,91.3,96.9,100.6,101.5,102.6,102.9,104.4,105,106.1,106.2,110.7,111.2,112.5,108,107.9,105,107.9,108.9,107.6,108.4,112.1,113.3,113,113.1,112.2,116.9,112.2,113,113.7,113,103.8,98.1,,
8066796254,2124272,7/22/2013,95.3,96.3,95.8,96.5,95,96,95.7,94.4,95.6,94.9,95.4,95.2,89.4,86.8,87.8,89.9,89.8,96.1,102.2,105.4,105.3,107.3,107.5,107.3,102.7,102.2,105.2,104.5,108.9,112.1,108.7,109.5,115.4,117,115.7,114.3,116,117.4,119.3,118.3,117.3,121.8,113.9,112.7,110.6,106.2,99.6,99.5,,
8066796254,2124272,7/21/2013,139.6,138.4,138.1,138,137.8,137.2,137,110,96,95.4,95.3,94.8,88.8,86.5,86.3,87.3,89.2,91.7,90.3,90.7,88.7,89.4,93.8,96,97.6,100.3,103.9,105.7,106.4,109.9,111.5,111.8,113.5,112.1,103,101.1,101.4,100.3,100.8,100.3,100.8,106.5,107.6,105.6,103.4,103,99,97.3,,
8066796254,2124272,7/20/2013,143,142.8,143.9,145.1,143.2,142.7,142.3,140.7,142,141.2,140.8,141.2,134.7,132.8,132,131.9,133.4,135.1,136.6,137.8,144,146.7,145.4,146.9,150.3,154.8,149.3,154.6,154.4,152,155.5,153.1,154.2,151.3,146.2,148.5,152.4,154.3,153.8,155.5,155.1,161.9,159.8,153.9,149.7,147.8,141.8,140.3,,
8066796254,2124272,7/19/2013,107.2,107.3,106.2,105.7,105.4,104.4,104.9,103.3,103.5,102.6,101.1,100.4,92.1,89.5,90.7,91.5,95.8,102.3,108.9,111.6,111.4,111.1,110.4,109.2,108.9,109.2,107.9,108.1,149.3,169.3,168.3,168.5,170.4,171.3,170.6,170.9,164.4,166.9,163.6,162.1,159.8,167.1,167.1,167.5,171.4,163.6,150,143.9,,
8066796254,2124272,7/18/2013,100.6,100.2,99.2,98.6,97.2,97.2,96.5,94.2,93.7,92.7,92.3,92.2,85.1,84.2,85.2,88,92.1,96.8,105.7,107.3,110.3,111.4,111.9,108.3,108,113.3,109.6,105.6,110.3,106.7,107.7,107.2,113.4,112.9,113.8,111.6,114.1,116.1,116.4,117.3,116.4,121.2,113.4,112.3,112.2,110.6,108.4,108.4,,
8066796254,2124272,7/17/2013,105.3,104.1,104.5,104.1,103.7,104.1,103.1,101,99.9,100.3,98.8,99.2,91.3,90.4,90,91.3,97.3,100.6,104.4,105.3,108.7,110.7,111.1,110.8,111.8,110.6,111.1,107.9,113.5,110.7,111.4,112.3,116.1,115.7,117.7,114.3,114.1,113.5,115.7,115,115.2,118.5,111.1,110.2,108,107.3,103.7,103.7,,
8066796254,2124272,7/16/2013,97.1,96.7,95.7,94.4,93.4,93.2,91.7,90,90.4,90.6,89.5,90.3,81.8,80.7,81.1,83.7,89.9,99.4,106.1,109.3,110.4,112.1,110.8,109.6,110.3,112.1,111.6,110,111.8,114.1,114.5,107.1,110.3,111.6,111.5,110,112.9,112.5,114.2,113.5,114.2,116.9,109.9,113.8,118,115.4,108.1,105.6,,
8066796254,2124272,7/15/2013,94,94,94,94,94,93.4,93.6,90.4,91.5,91.1,90.2,90.7,83.6,81.9,83.7,85.7,90.3,94.9,102.3,103.3,104.5,105,107.7,108.8,108.5,108.3,107.3,108,107.3,107.7,106.9,106,109.8,110.8,110.4,111.6,112.6,112.5,113.7,113.4,114.6,113.8,105.7,103.1,103.3,100.8,98.3,97.2,,
8066796254,2124272,7/14/2013,93.7,95.6,94.4,95.2,94,95,93.8,92.3,91.7,92.7,91.4,92.5,83.8,84.5,83.7,84.4,86.1,88.4,87.6,88,87.5,88.7,87.2,84.5,86.5,91.9,93.7,94.6,95.3,97.7,98.6,99,101.1,102.5,94.9,95.8,98.6,100.4,100.6,101.7,99.8,103.5,103.1,102.1,100.2,99,95.3,95.2,,
8066796254,2124272,7/13/2013,95.2,94.4,94.9,94.2,94.5,94.2,94.4,93.4,95,94.2,94.6,94.4,86.7,86.5,85.9,85.7,87.1,90.7,93.2,94,94.1,92.5,91.3,99.6,95.7,100,97.1,94.2,94.8,98.7,95.8,96.9,99.9,100.3,95,98,97.1,96.4,94.4,96.3,94.9,98.4,100.8,100.2,98.4,98,93.3,94.9,,
8066796254,2124272,7/12/2013,95.2,93,90.6,90,90.4,89.9,90.4,88.4,89.1,88.6,88.7,88.7,80.5,80.2,80.5,82.6,86.1,89.1,89.6,91,92.1,99.1,102.3,102.1,102.1,101.8,103.3,100.8,99.5,97.7,98.6,99.2,102.9,102.5,100.7,97.7,88,86.5,87.5,87.1,87.2,91.5,102.6,104.5,105,101.8,96.1,94.6,,
8066796254,2124272,7/11/2013,101.9,94.5,94.5,92.6,93.3,92.3,92.5,91,92.2,92.7,92.9,92.3,84.5,84.4,84.8,86.3,88.8,93,95.3,97.3,99.1,99,99.9,102.9,103.8,102.3,102.6,101.4,103.1,101.5,104.9,104.9,107.3,109.6,110.8,109.1,108,106.7,107.9,106.5,107.2,108.7,103.5,101.4,100,97.9,95.3,94.2,,
8066796254,2124272,7/10/2013,98.8,99,98.1,97.5,95.8,95.8,95,93.4,93.4,94.2,92.9,93.8,85.3,85.7,84.8,87.9,95.8,102.3,106,108.4,110.6,112.9,114.6,112.2,104.1,108.8,108.3,109.9,109.8,105.7,109.1,111.6,112.3,113.8,116.5,116.8,115.2,115.2,116,115.4,113.7,114.1,108.5,108.3,105.3,105.8,104.8,104.4,,
8066796254,2124272,7/9/2013,92.2,91.3,90.4,91.5,90.3,90.4,89.8,89.6,90.2,90.6,90,90.4,81.7,82.5,82.6,84.5,93.6,99,101.9,104.8,107.2,108.3,107.1,108,104.9,108.7,107.6,110,108.3,108.5,107.9,104.6,105.7,104.4,104.4,105,108.7,115.6,117,116.6,118.1,121,117.6,118.1,117.4,116,112.2,99.6,,
8066796254,2124272,7/8/2013,92.3,91.8,91.8,91.9,91.4,91,90.9,89.8,91.4,91.4,91,90,82.9,83.2,83.7,85.6,88.7,92.5,94.5,96.7,100.8,104.1,106,104.5,106.9,103.5,109.3,108,107.6,104.2,104.8,102.9,107.2,106.1,105.7,108,106.8,107.1,108.9,109.9,109.3,111.9,103.3,101.1,99.5,97.3,92.5,93.3,,
8066796254,2124272,7/7/2013,95.7,96,95.4,95.6,94.8,95.4,94.2,93.2,93.2,93.7,92.2,92.5,83.8,84.9,84,84.8,86.7,90.2,88.7,89.5,88.4,88.8,88.2,94,101.2,102.9,105.4,105.8,105,105.7,105.7,107.5,107.7,107.3,101.4,99,101,98.8,98.1,97.1,96.5,98.6,101.4,98.6,97.7,95.7,93.4,92.9,,
8066796254,2124272,7/6/2013,96.7,96.1,95.8,95.4,94.8,94.1,93.8,91.8,93.3,93.4,92.7,91.7,85.3,84.1,84.9,85.2,88.2,93.8,100.2,101,101.4,103.1,103.5,105.4,105.6,102.6,104.2,104.2,104.4,104.5,106.1,103.7,106.1,104.9,98.6,98.8,101.7,109.8,110.4,111,101.7,104.4,106.7,105.3,103.3,102.7,98.7,97.5,,
8066796254,2124272,7/5/2013,96.8,96.3,96,95.7,95.3,95.4,95.6,93.6,93.8,93.4,93.3,92.3,85.1,85.1,85.5,86.9,91.1,100.8,104.1,106.5,105.3,104.6,104.5,105.6,107.6,109.2,109.5,106.5,110,109.2,106.9,106.8,110,111.2,111.5,110.2,100.3,100.7,100,100.8,100.7,105.8,106.8,109.6,117.9,118,109.5,97.9,,
8066796254,2124272,7/4/2013,93.3,93.7,93.7,93.3,94.1,93.7,93.6,92.5,93.8,94,94,91.5,84.8,85.1,84,84.8,86.5,88.2,88,89.5,88,87.3,86.5,86.1,86.1,85.7,85.6,84.1,86.1,86.7,89.5,89.1,90.2,89.2,92.2,93.8,97.3,98.4,98,97.6,97.1,101.4,104.4,102.6,101.2,99.9,97.5,97.3,,
8066796254,2124272,7/3/2013,103.1,92.9,93.3,93,93.3,93,93,91.7,93.3,92.7,92.2,91.4,84.5,84.4,83.7,84.4,87.6,97.6,103.4,108.1,107.3,109.3,112.2,110.3,102.2,104.4,108.1,106.5,106,104.6,110.8,110,112.9,111.9,111.9,110.6,112.6,112.6,112.6,112.7,110.7,110.4,103.5,101.4,99.6,98.1,94.9,94.8,,
8066796254,2124272,7/2/2013,99.8,98.7,98.7,99,98.7,99.1,98.4,97.7,98.3,99.5,98.4,97.6,89.8,91,89.9,93,91.3,102.7,104.8,107.7,108.4,109.6,108.5,109.1,109.5,110.7,110.3,108.5,111.2,112.2,111.2,108.3,107.5,108.1,105,106.1,105.4,106.1,105.2,104.6,104.4,107.2,100.8,100.6,110.6,113.9,111.5,109.8,,
8066796254,2124272,7/1/2013,99.9,98.8,99.1,97.9,99.2,98.6,99.1,98.1,99.5,99.2,99.9,97.9,92.1,91.7,92.6,93.3,94.5,94.5,97.3,99.8,108.1,109.9,109.8,110,108.9,104.5,101,101.7,103,105.8,98.6,98.8,103.5,106.1,107.2,105.6,104.9,105.6,107.7,106.4,106.9,109.8,102.7,101,101.4,100.7,100.8,99.6,,
8066796254,2124272,6/30/2013,103,104.4,102.9,102.5,102.3,101.8,101.5,100.3,100.3,100.8,101.4,99.5,93.3,93.2,93.3,93.6,94.2,92.3,93.2,92.9,94.9,93.8,93.2,89.8,96.3,95.4,97.6,99.1,104.5,109.1,106.9,100.3,102.2,104.6,101,101.2,100.8,101.4,100.4,100.8,100,104.9,107.9,107.7,106.9,105.4,104.5,102.5,,
8066796254,2124272,6/29/2013,30.6,31.3,31,31.2,30.9,31.2,31,30.6,31.2,31.2,31.5,28.6,23,22,22.4,21.5,21.6,23.9,28.9,37.8,90.3,102.9,111.4,109.2,107.3,105.2,105,102.7,104.8,106.7,106.2,103.5,106.4,107.7,95.4,95.7,98,99,99.2,99.5,99.2,103.1,106.1,105.7,104.4,104.6,103.9,105.2,,
8066796254,2124272,6/28/2013,100.7,101.4,90.7,40.4,39.7,40,39.4,40.1,38.9,40.8,39.4,38.9,31.6,32.1,32.3,33.3,89.6,108.9,111.1,111.1,110.7,110.4,106.7,111.6,110.3,110.2,105.8,109.2,109.1,112.1,115.3,32.3,0,0,14,31.2,23.5,22.3,22.3,22.3,22.1,27.4,30.1,31.5,29.8,31,30.9,31.5,,
8066796254,2124272,6/27/2013,103.3,103.5,102.3,102.6,101.8,101.5,99.8,101.1,100.2,100.6,99.8,98.3,91.7,91.7,92.3,95.3,95.2,103,106.1,107.5,107.7,105.6,106.9,107.9,104.4,107.7,112.6,112.3,112.1,111.8,111.6,109.8,105,109.2,104.6,105.6,106.7,107.7,108,110,108.8,111.5,103.1,103.7,101.9,102.3,101.4,101.1,,
8066796254,2124272,6/26/2013,146.5,146.1,145,144.7,145.1,144.4,103.7,104.5,104.1,103.5,103,101.5,94.6,94.4,95.3,96.8,101,106.1,111.6,113.3,114.1,114.2,119.7,118,113.8,112.6,116.2,111.5,114.6,116.2,117.4,120.4,124.1,123.8,120.6,117.7,118.3,117.6,116.5,116.1,115.8,116.4,108.9,107.9,107.1,106,105.6,104.8,,
8066796254,2124272,6/25/2013,101.4,101.2,100.8,100,100.7,99.8,99.4,98.6,98.6,97.9,97.6,95.2,88.7,89.5,90,94.2,96,105.6,108.9,117.3,116,113.5,111.9,114.5,109.5,55.1,93.3,169.2,175.2,175.8,170,166.7,163.6,166.2,165.2,165,165.5,165.8,164.7,165.4,165.5,166.1,158.2,155.2,153.9,152.4,147,146.5,,
8066796254,2124272,6/24/2013,100.7,100,99.9,99,99.6,98,98.8,98.7,98.4,97.6,97.9,94.4,89,88.7,89.6,90.3,94.5,98.3,107.9,108.7,109.5,114.1,114.1,115.7,113.3,114.6,113.5,108.5,110.6,111.9,116.8,120.4,120.6,117.9,115.3,109.8,113.3,113.4,112.3,111.8,110.7,113,105.4,103.9,103.7,102.7,103,101.2,,
8066796254,2124272,6/23/2013,102.3,100.7,101.5,101.4,101.1,101,100.3,99.5,100,99.8,98.8,97.1,91,91,90.6,91.3,91.3,91.3,91.8,90.9,90.9,91.1,90.6,93.7,96.4,93.6,99.2,99.5,101.8,101.5,97.2,104.8,103.4,104.4,94.2,95.6,96.9,99.1,98.7,97.5,97.1,102.2,103.9,104.2,103.1,102.7,101.8,101.2,,
8066796254,2124272,6/22/2013,99.4,98.7,98.1,98.1,97.7,96.9,95.6,94.6,93.6,93.3,93,89.9,84,83.3,84.1,85.5,86,86.7,96.3,97.6,97.9,97.3,98.4,98,99,100,100.3,101.7,101.5,100,103.9,105,104.6,104.4,96.1,97.9,99.6,100.7,100.7,99.9,99.2,103,106.1,105.7,104.9,103.8,103.5,102.7,,
8066796254,2124272,6/21/2013,92.2,91.8,79.9,72.6,66.7,76.5,51.6,84.2,63.7,62.1,65.9,93.7,50,65.5,74.5,83.7,86.1,89.2,97.6,100.4,99.2,97.7,99.5,97.6,97.9,98.3,97.3,97.7,98.6,98.7,100.7,102.7,104.4,106.4,107.6,105.3,94.9,95.8,96.1,96.1,95.2,99.8,102.3,101.5,101.4,100,100.6,99.4,,
8066796254,2124272,6/20/2013,73.4,60.5,90,56.8,78.2,63.6,70.1,61,82.2,63.5,65.2,83.2,49.4,63.6,75.1,84.2,87.2,94.9,97.7,99.5,101.4,101.9,104.8,103.3,102.5,106.2,103,105.6,106.5,107.2,110.6,105.3,105.4,105,105,106.9,108,108.3,108.9,107.1,105.8,106.9,98.8,98.1,96.3,95,94.2,93.4,,
8066796254,2124272,6/19/2013,93.6,93.6,93.8,93.4,93.2,92.9,92.2,92.2,92.3,92.1,91.5,88.4,90.7,66.8,93.2,94.4,95.6,98,99,102.7,104.2,103.7,103.5,105.4,107.6,107.6,106,104.4,103.9,102.1,106.2,102.9,108.3,106.2,102.3,103,105.3,105.6,106,104.6,104.4,106.1,98.1,96.8,95.7,92.7,92.1,80.1,,
8066796254,2124272,6/18/2013,102.5,101.5,101.4,101.2,100.3,99.6,98.6,99.4,97.9,97.3,97.3,95.3,91.4,91.5,92.2,94.6,91.9,92.7,93,94.8,103.1,110.4,114.9,109.8,112.3,115,115.4,113.7,114.5,114.1,115.2,113.4,112.3,112.5,111.1,110.2,107.7,107.2,105.7,106.2,106.8,107.5,99,96.8,95.8,94.8,93.6,93.2,,
8066796254,2124272,6/17/2013,99,99.2,98.6,98.4,98.6,97.9,98.6,98.1,98.6,97.3,97.5,93.6,88.4,87.8,88.6,90.6,93,100,105.4,105.3,104.4,104.1,104.6,107.9,108.5,111.6,107.5,106.7,113.5,113,114.8,113.8,113.7,114.9,111.1,112.6,111.9,113.4,112.2,111.6,111.2,114.6,107.3,105.8,105,104.6,103.4,102.6,,
8066796254,2124272,6/16/2013,94.1,94.5,94,93.7,93.2,93.6,93,93,93,92.9,92.1,89.8,84.5,83.8,84.4,84.4,86.1,84.6,86.8,84.8,84.8,82.6,91.5,92.3,95.6,95.8,101.1,104.6,105.3,105.2,105,109.9,109.5,108,96.3,93.2,94.6,96.3,95.4,95,95.3,99.8,101.7,102.5,101.2,100.7,98.8,100,,
8066796254,2124272,6/15/2013,92.7,92.1,93,92.7,92.6,92.1,65.5,93.2,66.3,91.9,59.4,73.2,65.1,71.1,73.2,84.4,88.4,94.1,96.4,96.4,96.1,96.1,96.9,97.9,97.6,96.1,98.6,95.8,100.3,99.6,100.7,101.9,103.3,102.7,92.1,92.9,95.3,95.2,95.7,95.2,94.8,100.2,101.1,100.2,99,96.8,95.6,95.3,,
8066796254,2124272,6/14/2013,96.4,96.3,95.8,94.6,95.3,94.5,93.6,93.6,83.3,49.7,69.1,42.3,38.3,37.5,37.7,45.4,46.4,45.4,63.2,72.8,96.5,97.1,96.5,94.1,94.5,94.4,96,96.1,101.8,102.1,100.3,104.2,105.2,106.2,105.8,103.3,92.5,92.6,92.3,92.1,91.3,96.4,97.6,96.7,96.1,93.7,94,93.2,,
8066796254,2124272,6/13/2013,106.8,106.4,106.1,105.7,104.4,103.5,102.1,101.9,101.4,100.8,100.3,96.8,91,91.3,91.1,94,94.6,97.3,105.7,109.3,107.7,109.6,113,113.1,113.3,110.8,112.2,108.9,107.3,108.1,118.9,120.4,116.4,116.8,116.4,114.6,113,112.1,112.6,112.3,111.1,111.1,101.2,99.1,98.7,97.1,96.8,96.9,,
8066796254,2124272,6/12/2013,95.4,95.2,93.6,92.9,91,88.2,87.1,86.4,84.8,84.8,84,80.9,75.7,74.9,75.9,90.7,97.1,102.3,107.3,109.5,110.8,109.6,109.8,108.4,108.4,108,108.5,106.2,108.1,106.2,108.1,112.2,113.4,114.3,116.8,114.8,115.8,115.4,115.4,116.1,116.1,119.7,111.9,110.3,110,108.8,108.1,107.7,,
8066796254,2124272,6/11/2013,96.1,96,94.9,94.6,94.4,93.3,90.7,91.4,88.6,91.5,90.6,86.1,81.7,82.8,82.1,90,97.1,100.3,105,107.3,105.8,104.9,104.5,108,106.7,107.9,104.4,106.1,109.2,110.2,106,109.5,108.5,112.5,111,111.2,108.9,109.6,109.5,109.9,108.8,110.4,100.7,99,98.4,96.8,96.1,95.7,,
8066796254,2124272,6/10/2013,100.3,99.9,99.9,99.9,99.8,99.5,99.8,99.5,98.8,99.5,98.8,94.8,90.3,89.5,89.2,91.1,95.7,101.5,105.4,108.5,112.9,116.1,116.5,120.2,119.9,113.1,116.2,118,120.6,103.9,28.8,80.7,115,115.8,114.1,113.8,113.1,113.4,114.5,113.7,112.9,114.6,105.4,103.4,101.1,99.5,98.6,97.1,,
8066796254,2124272,6/9/2013,98.4,98.7,97.7,97.6,97.5,96.9,96.8,95,95.3,93.4,92.5,64.3,52.8,84.2,82.9,84.5,84.5,84.2,85.9,86.1,89.2,88.4,92.7,99.1,100.6,101.7,102.2,107.7,106.2,101.7,104.8,108.9,108.1,108.1,97.6,95.2,96,95.2,94.8,94.6,94.6,99.4,102.1,102.2,102.1,101.5,100.6,99.9,,
8066796254,2124272,6/8/2013,95,95.2,94.2,95,94.1,94.2,94.4,93.4,92.9,93.4,92.6,65.1,83.8,59,58.3,84.8,58.9,84.4,86.8,91.5,96.1,95.8,94.5,98.7,94.2,92.5,93.6,93,96.9,97.1,98,99.9,100.7,99.8,90.4,90.3,93.4,94.2,94.6,95,94.8,98.6,101.8,101.4,100.2,100.2,99.4,99.5,,
8066796254,2124272,6/7/2013,40.6,38.7,50.5,38.7,50.6,38.7,51,39,39.4,51.3,95.8,102.3,95,93.4,92.6,101.9,103.5,103.8,108.9,110.6,111.6,111.5,112.2,113.5,113.8,114.3,114.5,116.2,115.8,114.1,115,113.8,113.7,113.4,111.5,110.4,97.2,96,95,93,92.9,97.1,99.2,98.8,96.9,95.8,96,95.7,,
8066796254,2124272,6/6/2013,38.9,50.2,41.2,38.6,50.2,39,50.4,39.4,50.6,39.2,44.7,42.8,29.4,40.8,84.4,89.8,91.3,91,100.2,106.1,103.4,107.3,107.3,109.2,110.7,112.2,113.5,114.6,116.9,116,115,113.5,112.7,113.4,113.5,114.9,111.2,111.2,108,105.3,104.8,107.2,98.4,47.9,39.2,52.1,39.4,48.1,,
8066796254,2124272,6/5/2013,38.7,46,46.4,41.4,53.2,41.6,52.8,41.4,50.4,45.1,41.2,51.7,31.5,43.2,83,88.6,100,100.8,103.8,106.4,105.2,105.6,106.7,104.9,105.4,106,103.3,104.9,104.8,104.1,102.6,104.4,107.6,107.7,109.9,110.3,111.2,111.2,111.2,111.5,109.8,111.4,101.9,45.4,39.3,50.8,38.6,50.9,,
8066796254,2124272,6/4/2013,39.6,41.7,50.4,39.3,50.2,39.7,50.8,39.3,40.8,50.2,38.5,47.8,30,44.1,80.3,87.8,88.2,90.6,99.8,101.5,101.8,101.1,102.3,100,98.7,96.3,97.3,98,100.3,99.5,102.2,103.9,104.1,106.8,106.8,106.8,108,109.5,108.3,108.7,106,108.4,99,44.5,38.5,49.7,38.1,50.8,,
8066796254,2124272,6/3/2013,93.2,92.6,92.3,90.7,90.7,90.7,90.2,90.4,90,89.8,89.8,86.8,80.5,74.4,86.7,96.8,94.1,96.7,105.8,106.2,107.5,106.7,109.6,107.6,111.6,112.6,113.5,113.4,115.2,113,116.9,119.3,119.7,117,118.9,117.9,115,114.1,113.8,113.8,113.4,114.9,105.8,46.7,39.3,54,38.2,50.5,,
8066796254,2124272,6/2/2013,52.4,39,39.6,51.8,38.6,50.4,38.6,54,39.6,46.6,44.5,36.2,43.3,30.1,42,29.4,41.8,46.6,84.5,80.3,76,76.3,93.7,97.9,109.9,109.3,110.3,115,117.3,114.3,111.6,110.6,114.1,113.8,105,95.4,92.2,90.3,89.1,90.9,90.6,96.7,99.5,97.2,96.3,94.4,93,93.3,,
8066796254,2124272,6/1/2013,38.3,50.5,39,43.1,47.7,38.9,51,39.6,52.5,39.7,51.3,36.7,32.7,41.7,93.2,104.5,103.7,102.9,108.5,110.7,110.8,110.6,109.3,109.1,108.8,108.3,108,107.1,106.5,107.7,108.4,109.6,111.8,109.5,100.8,39.3,28.4,43.6,29.8,43.9,31.2,47.5,45,39.3,51.6,39,52.9,38.9,,
8066796254,2124272,5/31/2013,38.9,46.3,46.7,38.6,51.6,38.7,50.6,39.2,50.9,39.8,101.9,108.8,99,96,97.1,98,99,101,104.6,105.7,109.2,109.2,108.7,108.4,109.8,111.1,109.8,108.7,109.5,108.9,111.8,112.2,114.1,113.7,114.3,115.4,103.7,102.6,103.3,102.6,100.8,108.1,108.7,48.3,39.8,49.7,38.7,52,,
8066796254,2124272,5/30/2013,38.7,50.4,38.6,39.4,51.2,38.5,50.5,38.5,51,38.7,46.7,40.4,29,42.1,92.9,106.2,108.1,111.1,117.7,119.7,116.5,114.5,114.9,112.7,112.3,112.7,111.4,110.4,111.8,111.8,114.5,113.3,115,117.4,117.2,122,120.7,119.3,118.8,118.4,119.1,121.5,112.3,49.7,39.3,53.5,38.6,51.2,,
8066796254,2124272,5/29/2013,39.7,47.5,43.3,39.2,51,39.3,52.5,39.6,52,39.8,39.8,48.2,30.1,41.7,92.3,99.9,107.2,108.7,112.7,113.7,117.6,118.3,118.4,116.5,115,109.6,108.8,109.3,110.3,111.1,111.9,114.9,114.9,114.2,114.5,115.8,115.8,117,117,116.4,116.4,118.7,109.1,48.1,39.2,52.2,38.3,49.8,,
8066796254,2124272,5/28/2013,39.4,51.4,39.4,39,51.2,38.9,50.6,40.9,55.2,42.4,46,46.2,32.4,44.5,72.2,68.7,65.2,83.2,69.7,72.5,98.4,98.6,100.6,101.7,103.5,102.9,107.3,110.6,110.3,113.4,109.5,111,113.4,113.3,114.9,117.2,116.4,115.4,113.8,113.1,111.6,115.8,105.3,47.2,39.3,52.5,39.3,51.3,,
8066796254,2124272,5/27/2013,53.1,42.5,49,46.6,42,56,42.1,57.9,42.1,43.6,52.7,40,45.5,32.9,63.7,56.4,60.6,82.1,59.5,80.6,79.4,78.3,78.4,79.8,81.7,82.5,82.3,83,82.6,83,84.6,84.5,85.6,86,86.4,87.2,87.5,87.1,87.3,86.5,87.2,94.1,94.6,43.6,39.6,50.9,39.2,50.2,,
8066796254,2124272,5/26/2013,41.3,54,42,55.9,42.1,52,43.7,42,56.7,41.8,57.6,41.2,33.8,44.5,31.6,44.1,32.4,42.8,33.3,26.1,36.6,20.8,77.1,78.8,85.2,85.1,84.9,85.7,86.4,87.3,89.8,90.2,93.2,94.6,86.8,33.9,28.4,42.7,30.6,43.5,31.7,44.1,46.6,40,53.6,41.3,52.9,41.7,,
8066796254,2124272,5/25/2013,49.5,45.9,41.7,51.2,42.7,50.1,42.1,48.2,44.5,42,49.7,40,40.4,32.4,57.5,50.1,49.4,57,56,50.6,59.9,60.9,60.6,58.2,58.7,61.6,62.9,65.3,80.2,68.8,89.4,88.2,89.5,89.4,79.9,32.8,27.9,44.1,30.9,40.4,34.6,39.6,52.4,39.6,52.7,41.6,50,44,,
8066796254,2124272,5/24/2013,39.2,47,42.7,38.6,52.9,38.9,50.8,39.3,47,43.1,97.7,97.6,90.3,88.2,61.4,46.3,56.2,71.3,68.6,68.8,62.8,68.6,71.3,79.2,57.1,69,75.3,68.8,73.2,74.9,69,71.3,74.1,73.2,77.9,69.1,49,57.8,59.1,58.6,53.5,55.8,63.9,42.8,53.6,41.7,52,41.7,,
8066796254,2124272,5/23/2013,39.2,48.9,43.5,39,50.4,39.3,50.6,39.6,50.8,39.2,45,46.7,30.5,46.4,97.5,114.1,115.8,114.5,115.4,115,115.6,116.2,118.3,114.9,120.3,118.4,116.5,112.6,111.4,113.4,111.4,110.4,113.8,116.9,117.7,119.3,116.5,116.1,118.1,116.8,117.7,120.6,109.5,48.5,39.2,51.7,38.7,51,,
8066796254,2124272,5/22/2013,39,42.9,46,38.2,55.6,38.3,59.3,62.6,33.6,33.3,34,32.3,25.4,24.6,36.7,42.5,47.1,59.1,117,117.7,116.8,114.9,115.3,113.4,112.5,112.5,111.5,112.1,109.1,110.8,111.6,112.5,113.4,114.8,115.6,117.7,115.7,117.6,117.7,117.2,119.5,123.9,113,50.5,39.2,50,39.7,51.3,,
8066796254,2124272,5/21/2013,39,47.1,43.6,38.5,53.6,39,50.8,39.6,42.5,49.4,38.7,49.4,29.7,43.6,90.9,100.4,100.4,99.8,101.2,104.6,107.5,113.3,115.2,113.3,111.1,111,108.1,109.8,110.6,108.8,108.8,111,112.7,113.4,114.5,114.6,114.8,115.3,117,115.6,116.5,119.2,108,47.5,39.3,53.9,39.2,50.9,,
8066796254,2124272,5/20/2013,48.6,40.4,38.3,52,39.4,52.4,39.2,50.2,40.4,38.9,52.4,37.8,41.3,30,92.3,96.3,103.5,107.5,106.4,108.5,108.7,109.3,108.4,112.3,113.1,114.8,113.7,113,114.9,111.1,112.2,108.9,112.6,116.2,113.9,115.6,114.3,114.2,115.3,114.9,115.7,117.3,105.8,47.1,39.8,52.1,39.2,51.6,,
8066796254,2124272,5/19/2013,52.5,38.6,39,52,38.5,53.7,39.3,38.6,52,38.9,52.2,38.7,37.5,33.1,29.7,42.4,30,44.4,30.5,30.9,39.8,28.6,88.6,94,94.8,96.9,97.5,96.7,96.8,99.4,98.7,100.8,98.6,101.1,95.4,35.2,28.2,42.9,30.8,42.1,32.9,47.2,44.1,39.7,52.8,38.7,49.8,38.6,,
8066796254,2124272,5/18/2013,39.2,42.1,47.2,39.2,50.6,40,52.4,39.3,47,43.3,38.9,52.2,29.8,43.6,85.5,86.8,86,59.3,90.2,89.8,81.4,79.2,64.7,69,79.9,63,89.1,67.9,74.5,89.6,57.1,88,75.6,66.7,74.1,30.6,43.5,30.8,30.2,42.7,32.3,50.9,39.7,48.2,42.9,38.5,53.7,38.7,,
8066796254,2124272,5/17/2013,39,45.2,46.2,38.7,50.1,38.5,51.4,39.6,47,43.9,88.2,66.2,66.4,71.7,70.3,84.1,95.6,93.8,94.1,92.7,93.3,90,90.6,90.3,90.3,91.3,90.4,90.2,92.3,90.4,94.5,91.7,93.3,96.1,94.6,93.6,95.8,96,95.4,95.4,96.7,100.8,99.8,46.4,39.3,52.1,38.3,51,,
8066796254,2124272,5/16/2013,38.9,42.7,50.1,38.1,50.4,38.9,51.6,39.6,48.1,42.8,38.9,50.6,30.5,44,88.2,93,94.8,97.5,106.5,106.8,107.1,105.8,110.4,107.7,107.2,111.9,112.2,112.2,109.8,108.1,106.4,110.3,110.4,110.7,109.6,111.8,110.8,113.1,112.7,114.2,116.1,118.4,107.7,49.4,39.7,53.1,39.2,50,,
8066796254,2124272,5/15/2013,41.3,41.2,53.1,41.6,55.9,41.6,48.6,46.2,41,55.5,41.3,52.9,33.2,35.2,62.2,59.1,52.8,59.9,67.4,92.2,73.6,71.1,85.6,87.5,95.7,96.3,97.6,100.3,102.9,103.7,103.5,104.1,107.2,109.5,110.2,114.2,111.9,112.3,113,112.2,114.5,116.4,105.3,51.4,40,50.6,39.3,51.7,,
8066796254,2124272,5/14/2013,42,47.7,46.4,42,50.4,41.8,51.4,41.8,50.4,41.4,44,47.8,33.9,40,54.7,53.6,48.9,62.5,67.4,74.5,65.9,70.2,67.8,68.2,63.3,78.3,60.2,66.7,85.5,78.2,95.8,99.6,99,98.1,78,95.8,71.6,80.1,87.9,61.7,81,73.7,62.8,43.2,39,51.4,39.6,56.3,,
8066796254,2124272,5/13/2013,42.1,52.7,42.3,54,41.7,51.7,43.9,42.1,53.1,41.8,49.5,41.7,38.5,34.3,57.9,49.3,58.5,72.6,70.1,79.4,60.8,59.1,63.2,67.8,65.9,71.8,64.9,69.1,65.1,61.6,66,69.5,70.5,64.5,56.3,66.7,67,74,69.3,65.1,82.6,77.1,59.1,48.5,42.3,54.1,41.7,55.8,,
8066796254,2124272,5/12/2013,40.9,54,41.7,54,41.4,48.2,47.5,41.8,51.8,41.3,52.9,41.8,48.7,34.7,35.9,43.5,34.4,44.8,30.5,41.3,25.9,25.8,91.1,87.9,86.3,85.9,84.8,65.7,85.1,85.5,84.8,86.9,87.3,87.2,50.8,34.3,27.5,41.7,30.2,42.9,37.1,41.6,53.5,41.6,54.3,41.2,52.7,42,,
8066796254,2124272,5/11/2013,39.3,43.3,50,39.8,51.3,40.4,53.3,40,40.1,53.6,39.7,52,32.5,41.4,79.8,88,88.2,91,96.4,96.5,99.5,100,101.5,104.1,102.7,104.1,104.2,99.2,102.1,109.8,108.1,104.2,103,104.8,94.6,37.8,32.5,46,33.1,53.9,37.9,41.6,54.8,41.7,54.9,41.3,46.6,48.1,,
8066796254,2124272,5/10/2013,44.7,38.7,47.9,41.7,47.8,47.1,41.3,47.7,41,47.7,66.6,58.2,50.6,54,36,55.3,47.5,58.2,67.9,78.8,96.9,96,98.8,97.3,99.4,98.4,96.4,99,102.5,102.2,102.2,105.2,106.5,109.6,109.8,108.7,96.9,95.7,94.5,94.8,97.9,101.7,101.8,47.8,39.4,51.6,39,52.8,,
8066796254,2124272,5/9/2013,42.8,41.4,54,41.3,54,41.8,54,43.1,41.6,53.9,40.9,53.9,34.3,44,58.2,49.7,53.2,58,64.4,59.1,64,65.3,61.4,62.4,69.3,78,94.6,86.1,102.5,107.5,110.4,109.5,108.1,106.2,107.3,108.7,110,109.3,109.5,108.5,112.6,100.3,67.9,46.8,38.6,44.8,39.8,43.2,,
8066796254,2124272,5/8/2013,41,43.9,53.9,42,54,42.4,53.1,42,50.1,47.1,41.2,56.2,35.2,45.5,66.3,50.8,79.5,70.5,80.6,70.9,76,89.6,78,101.1,100.4,96.3,100.8,96.7,95.4,99.4,98.3,105.8,90.4,84.6,63.2,69.5,81.5,71.4,73.6,61.6,70.3,104.4,53.9,55.8,42.1,53.5,41.7,54,,
8066796254,2124272,5/7/2013,42,41.4,54,41.6,54.7,42.4,52.1,45.2,41.7,52.9,40.9,52.9,35.4,43.6,65.1,42.8,66.2,67.2,80.6,71.4,74.4,76.5,83.8,76.9,87.6,87.2,78.4,104.6,73.6,108.3,81.4,107.2,81.3,103.1,102.6,91.5,88.4,73.3,97.9,71.1,85.3,76.1,81.1,44.1,40.4,53.5,39.3,51.7,,
8066796254,2124272,5/6/2013,41.7,52.7,42.8,52.1,42.3,48.9,45.6,41.7,54.1,41.6,51.7,41.6,40.5,37.4,62.2,45.4,67.2,61.7,72.5,63.9,79.9,78.8,76.8,78.4,68.6,75.7,91.5,76.9,75.5,81.7,81,90,82.1,93.6,76.1,85.5,76.4,82.2,72.8,71,99.5,66.2,66.6,56.3,42.3,53.6,41.6,55.9,,
8066796254,2124272,5/5/2013,41.7,52.9,42.3,53.9,42.8,51.3,43.5,42.5,50.8,42.4,50.2,42.4,44.4,33.2,39,32.7,31.2,38.9,28.6,35.9,27.5,32.1,58,42.4,49.4,55.2,51.6,76,54.4,55.9,64.5,67.4,51.3,80.1,50.9,30.1,27,42.1,30.5,43.1,39.8,42.1,55.1,42,54.3,41.4,49.3,46.8,,
8066796254,2124272,5/4/2013,50.2,43.2,50.9,42.3,50.6,42.9,51.7,43.3,42.5,53.7,42.4,52.9,37.1,37.7,60.9,52.5,45,62.4,66.3,65.6,69,60.6,57.6,79.7,64.5,84.6,88.3,86.7,86.8,86.4,85.9,88,89.2,90.3,82.8,31.5,26.7,42.8,30.1,41.4,37.3,41.8,55.5,42.4,52.5,42,51.8,42,,
8066796254,2124272,5/3/2013,55.8,42.9,42.3,55.3,43.1,56.8,42.8,47.1,51.6,42.1,72.6,52.9,58.9,56.3,55.5,44.7,73,70.3,71.8,71.3,80.1,86,67.9,93.8,94,92.5,92.2,92.1,93.2,92.1,91.1,92.6,95.7,70.1,81.8,77.4,44.7,52.9,62.6,58.6,63,56.6,63.7,52.5,42.8,52.5,42.5,42.8,,
8066796254,2124272,5/2/2013,42.4,54.1,42.5,55.8,43.3,42.7,56.3,42.7,55.8,42.7,48.6,47.8,37.5,46.2,59.5,51.8,57.8,69.8,68,64,72.2,70.5,83.7,57.6,90.7,66,91.4,91.3,93.7,91.7,93.7,95.2,96.7,98.7,100.3,101.1,102.5,102.6,101.8,95.3,78.8,83.3,69.5,46,54.3,41.6,54.7,42,,
8066796254,2124272,5/1/2013,39.6,39.6,51.7,39.4,51.4,40,52,40.6,40.9,52.2,39.8,52.2,35.2,42.4,58.7,51.2,50.5,81.3,64.7,68.7,92.2,73.4,70.5,93.6,92.6,92.7,90.3,90.3,92.3,93.8,95.4,96.1,97.3,98.6,99.4,101,100.6,101.7,102.2,100.7,83.6,77.9,70.7,44.4,55.8,42.7,46.3,51.3,,
8066796254,2124272,4/30/2013,40,42.7,49.5,39.8,52.5,40.1,53.6,41,41.3,52,39.7,53.2,35.6,43.2,58.7,46.2,57.6,84,76.8,66.2,73,75.3,75.1,81.5,79.9,70.7,67.5,75.2,74.5,72,81.8,86.3,70.2,81.1,75.9,85.7,63,72,82.5,76.8,89.8,73,62.5,54,39.8,51.7,39.6,54.5,,
8066796254,2124272,4/29/2013,51.4,39.8,52.8,39.6,50.2,43.5,39.3,52,39.6,52.5,39.6,40.2,46,29.7,65.6,42.8,58.7,63.2,67.8,73.2,75.3,72.9,72.8,72.1,78,99.5,63.9,67.6,72.1,98.1,72.6,75.1,94.2,75.6,76.3,74.8,84.9,73.3,69.1,77.5,89,76.7,70.3,46.6,40.2,53.3,40.1,52.2,,
8066796254,2124272,4/28/2013,49.5,43.9,40,52.2,40.1,51.7,40.1,52.4,40.5,40,52.1,40.1,50.2,30.9,41.4,29.8,31.6,41.7,27.5,40,24.3,35.4,76,88.7,92.5,93.8,96.7,98.7,99.9,83,66.6,67.2,62.1,67.2,63.2,30.9,43.1,30.9,45.4,30.8,46.4,44.1,39.7,55.2,40,51.8,39.7,39.3,,
8066796254,2124272,4/27/2013,40.5,43.7,50.9,40.2,52.4,40.5,50.6,40,41.8,52.1,39.7,52.2,37.7,39.4,59.1,43.6,56.7,57.5,75.9,58.3,79.5,74.4,87.8,87.6,86.8,85.9,87.5,86.9,92.3,90.9,93.4,93.8,96.8,95.2,86,31.3,27.7,43.9,30.5,42.4,40,47.4,44.7,40.6,54.8,39.4,51.7,40.2,,
8066796254,2124272,4/26/2013,40,41.6,53.2,40,53.5,40.9,49,42.9,40.2,53.7,71,51.4,61.8,56.4,43.2,54,59.7,62.4,63.9,69.7,71.6,94.8,66.6,89.1,71.1,93,91.7,91.9,94,92.9,96,95.7,95.6,97.6,97.2,96.7,86.1,86.7,81.4,55.5,66.6,62,57.4,51.7,40.6,52,39.4,54.1,,
8066796254,2124272,4/25/2013,33.2,32.4,34.3,35.5,35.2,35,35.5,35.5,34.7,36,35.4,35.1,33.6,25.2,37.1,39.7,57.6,58.6,67.9,76.4,58.2,73,68.2,64,60.3,79.4,65.1,71.4,72.9,82.6,93,94.8,95.6,97.5,95.8,95.6,99,99.2,74.1,78.7,86.5,79.5,65.2,47.7,40.4,53.1,40.1,52.8,,
8066796254,2124272,4/24/2013,32.3,32.5,33.1,32.4,32.7,32.5,32.5,32.1,32.3,32.5,31.5,32.1,30.2,22.3,31.3,34,37.5,41.6,52.8,50.9,48.5,44.5,42.5,42.5,42.7,41.6,40.4,42.9,43.3,42.7,43.3,45,48.5,53.7,51.8,51.2,51.3,50.6,52.7,52.7,61,58,48.3,36,32.9,33.1,32.1,32.3,,
8066796254,2124272,4/23/2013,32.5,32.5,33.1,32.5,32.5,32.5,33.1,32.3,32.7,32.5,32.8,32.5,31.5,23,32,35.1,39.2,46.6,53.1,54.5,54.7,50.6,48.6,49.1,55.3,55.1,54.3,52.2,50.1,43.5,45.4,46.3,45.8,47.2,45.4,45.9,48.1,51,52.1,53.1,60.1,60.3,48.2,35.4,32.5,32.4,32.1,33.5,,
8066796254,2124272,4/22/2013,45.9,37.5,43.6,41.2,37.5,41.8,42.4,37.4,43.3,41.3,36.9,42.9,40.4,27.8,40.9,52.4,50.5,39.3,49.4,55.8,53.6,52,54.3,51.4,44.8,49.5,47,48.5,50.6,50.1,52.2,50.1,49,50.4,51.8,51.2,50.8,50.4,51.7,51.4,58.9,56.6,47,34.7,32.9,31.7,32.3,32.4,,
8066796254,2124272,4/21/2013,46.8,37.5,49,37.7,37.4,48.2,37.3,45.8,37.8,41.6,40.6,38.1,44.1,27.5,35.2,27.8,29.7,36.7,25.9,30.8,21.2,19,42.8,46.8,37.3,45.6,47,43.9,43.3,49.8,50,53.6,58.6,48.6,46.2,35,27.3,32.3,34.2,31.6,48.5,40.5,48.1,40.4,37.4,45.5,37.4,37.7,,
8066796254,2124272,4/20/2013,37,37.5,47.5,36.7,48.1,37.3,47.2,37.4,37.3,48.1,37,47.9,37.4,27.7,46.4,46,40,49.5,53.9,45.2,52.8,54.1,40.6,49.8,49.3,38.2,49.8,49.1,38.1,48.5,50.5,46,46.6,50.4,43.2,25.2,37.9,29.3,41.7,32.1,40,49.3,40.2,49.7,37.7,45.2,37.3,37.9,,
8066796254,2124272,4/19/2013,36.9,36.6,49.5,36.7,48.7,37.4,45.2,44.4,37,52.2,76.4,76.8,57.1,72.8,50.9,54.3,60.6,74.2,82.5,95.8,100.6,102.2,104.1,103.1,109.3,109.6,111.1,108.3,107.7,111.9,113.7,114.9,114.1,115.3,114.3,112.2,98.4,97.6,96,94.5,102.2,100.4,97.7,40.2,37.1,47.8,37,47.2,,
8066796254,2124272,4/18/2013,37.1,49.5,36.6,50.5,37.5,42.5,44.7,37.1,50.5,37,47.5,38.5,36.3,40.5,58.6,42,63.3,56.7,69.7,67.6,66.8,79.7,92.2,71,97.7,86,98.4,96.7,102.9,108.7,107.3,103.8,105.7,108.1,111.1,108.8,110.4,111,110.7,110.4,117.9,112.3,99.9,44.1,37.7,48.5,36.7,53.7,,
8066796254,2124272,4/17/2013,37.1,36.7,48.5,37.3,50.8,37.5,45.6,41.3,37.1,48.6,36.9,47.8,37,39,55.3,52.8,54.4,75.2,85.5,99.9,102.3,99.5,99.8,100.8,104.6,105.3,104.4,105.7,107.5,110.8,110.8,112.3,111.9,111.1,110.6,108.1,105.3,102.1,101.1,103.4,108.1,105.7,89.4,39.3,49.7,36.9,47.5,36.9,,
8066796254,2124272,4/16/2013,48.1,37.5,48.2,38.1,47,38.7,37.8,49.8,37.4,48.3,37.9,37,50,29.6,50.6,51.6,47.9,53.6,71.7,70.7,69,65.5,89.1,83.3,78.4,99.8,96.8,98.8,99,101,108.5,105.4,105.4,107.7,107.1,108.1,109.5,109.1,108.3,109.3,115.8,111,99.4,43.6,37,49.7,36.7,51.2,,
8066796254,2124272,4/15/2013,43.6,56.8,44.1,55.2,44.3,44.1,53.9,44.3,53.9,43.9,55.3,44.4,43.1,46,59.5,49.3,67.9,73.2,52.2,69.1,83.3,61,73.7,80.3,78.4,70.2,68.8,100.2,62.1,74.4,97.1,75.2,69.5,86.7,77.1,73.4,71.8,67.6,70.5,76.5,76.3,70.2,55.9,52.7,38.1,50,37.7,37.8,,
8066796254,2124272,4/14/2013,38.2,50.5,38.1,52,38.9,38.1,48.6,38.2,50.5,38.9,38.5,47.8,37.7,40.8,28.5,37.5,31,28.5,36.5,23.5,30.9,20,52.2,51.7,66.3,64.3,61.8,84.6,85.6,87.5,89.9,92.3,94.1,95,91.1,43.1,34.6,47.8,37.3,48.3,49.5,46.8,56.8,45.8,54.3,43.6,48.2,49.8,,
8066796254,2124272,4/13/2013,37,49,37.3,50.9,37.8,37.4,47.9,37.3,48.3,37.1,48.5,37.8,36.9,42.3,47.4,47.5,38.9,58.2,57,45.2,58.9,59,57.6,50,62.4,59.4,65.5,57.4,84.8,61.2,85.7,67.1,88.6,89.9,81,29.2,27.4,45,30.9,47.1,41.6,40.2,53.1,39.6,48.7,37.5,42.3,43.9,,
8066796254,2124272,4/12/2013,50,40.1,50.1,39.3,39.2,50.8,38.9,48.7,39.8,43.7,65.1,57,57.6,56.3,57.6,51.8,54.3,62.2,70.2,67.9,57.9,68.8,69.4,93.2,96.1,104.9,106.8,110.4,103,106.7,110.3,108,110.4,107.9,106.5,103.7,94.5,94.1,92.5,93.2,70.6,65.3,67.1,39.7,49.3,37.4,39.4,46.4,,
8066796254,2124272,4/11/2013,37,46.3,38.2,36.7,50.5,36.9,48.9,37.3,49.8,37.9,41.7,44.8,36.7,43.9,87.1,90.6,95.2,101.9,105.3,108.4,108.8,107.9,108.7,106.7,105.7,103.8,106,107.9,106.8,108.9,113.8,114.2,115.7,116.5,115.7,116.4,115.2,115.4,114.3,115,113.3,107.7,69.4,53.3,37.8,37.3,50,39.3,,
8066796254,2124272,4/10/2013,36.6,47.1,39.6,36.6,49.3,36.7,49.3,36.9,51,36.3,37,47.9,36.3,46.8,86.8,95.8,110.2,105.6,106.1,109.1,110.6,111.6,108.8,107.9,109.6,106.7,106.5,105,106.1,106.1,107.3,108.1,109.5,112.7,115,114.9,117,116.1,116.5,119.3,124.1,121.1,109.6,46.8,37.1,48.9,36.2,50.8,,
8066796254,2124272,4/9/2013,32.1,31.9,31.7,32.9,31.5,32.5,31.7,32.1,32.5,31.5,32.3,31.3,31.6,27.7,33.9,36.5,39,42.7,48.1,46.3,57.6,97.6,112.1,110.7,109.9,110,108.5,107.9,107.9,107.2,107.7,110,111,112.7,112.2,113.7,116.1,116.6,116.6,119.3,123.4,119.1,110.7,48.3,37.5,48.5,37,49.1,,
8066796254,2124272,4/8/2013,32.3,32.3,32.5,32.3,32.8,32.5,32.5,32.4,35.2,35,34.4,34.2,34.3,30.5,35.8,36.7,39,41.2,43.7,43.2,42.1,42.8,42.7,44.3,43.6,42,40.5,40.8,40.8,41,41.6,42.5,45,47.2,51.7,50.4,50,50,51.3,56.7,61,59.7,48.2,34.7,32.5,31.2,32.1,31.3,,
8066796254,2124272,4/7/2013,35.2,35.1,34.8,35.5,34.8,35.1,35.4,35,35.4,35,35.6,35.2,35,32.3,25.4,25.9,27.8,26.2,23.5,20.4,29.7,28.2,35,33.9,34,33.3,34.2,33.3,33.3,32.5,34.4,37.5,37.9,26.1,18.2,20.5,22.1,24.6,25.6,30.8,35.6,35.2,35.5,34.2,32.5,32.1,32,32.3,,
8066796254,2124272,4/6/2013,34.6,35.2,34.4,35.4,35.4,35,35.2,34.8,35,35,34.6,35.2,35,32.4,35.9,36,38.5,35.8,43.5,42.5,40.5,39.3,37.9,37,36.2,34.8,34.4,35.2,35.2,36.2,36.3,36.7,38.5,37.3,28.4,21.9,24.8,27.1,28.1,34.2,37.9,38.3,38.2,37.3,35.8,34.8,35.2,35,,
8066796254,2124272,4/5/2013,34.8,34.3,34.2,35.2,34.6,35,34.8,34.4,34.7,34.6,44.7,45.1,44.8,42.9,35.5,36.5,39.2,44.4,47.2,46.8,44.3,43.2,41.3,40.4,39.7,38.7,38.7,36.2,34.8,35.4,36.2,37.3,39.4,41,42.7,43.3,32.8,35.2,35.8,42.1,45.4,44.3,48.6,37,35.1,34.2,34.3,34.6,,
8066796254,2124272,4/4/2013,35.2,34.6,35.1,35.4,34.7,35.2,34.6,34.8,35.1,34.3,35.4,34.7,34.4,33.1,34.7,37.5,40.2,45.5,51.7,52.5,49.1,48.7,49.5,49,44.3,41.6,43.7,43.1,47.7,47.2,49.7,54,55.6,55.8,54.9,55.9,54.8,53.7,54.5,60.3,64.7,60.2,47.8,37.8,34.8,34.2,34.6,34.2,,
8066796254,2124272,4/3/2013,34.4,34.8,34.4,34.8,35.5,35,35.2,35.1,34.8,35.4,35,35.5,35.4,33.8,35.5,37.7,40.6,46,48.6,48.9,46,44.5,43.6,42.4,42.4,39.4,40.5,39.4,40.5,41.3,43.6,42.8,44,44.7,47.2,49.4,50.8,51.2,53.5,58.3,62.1,59.7,49.1,37.9,35.4,34.6,34.8,34.6,,
8066796254,2124272,4/2/2013,34.4,34.6,35.1,34.3,35.2,34.7,34.6,35.4,34.2,35.4,34.8,34.4,35.6,33.3,35.8,38.1,40.4,44.8,48.7,48.6,48.1,46.6,46.2,43.5,42.4,42.4,41.6,41,42.7,42.5,42.7,42.3,45.2,45.1,47.4,47.7,49.4,52.2,53.9,60.9,63.7,59.1,48.7,36.6,35,34.8,34.3,35.6,,
8066796254,2124272,4/1/2013,35.1,34.4,34.8,35.2,34.4,35.2,35,35,35,34.4,35,34.2,34.6,34.4,34,38.1,40.4,43.6,47.8,46.6,47.1,44.4,40,41.7,44.8,41,46.8,52.9,56.3,54.1,54.9,50.2,57.1,52.7,50,50.8,50.4,52.1,53.3,59.5,63.2,59.5,49.3,38.1,35,35.2,34.2,35.1,,
8066796254,2124272,3/31/2013,35,35,34.8,35,34.6,34.8,34.7,34.4,35.1,34.6,34.8,34.7,34.2,34.8,25.1,26.1,28.5,28.6,28.5,26.1,25,24.8,35.4,37.1,37.8,37.9,37.8,37.8,38.7,37.7,37.7,38.1,37.9,38.5,38.5,30,28.1,28.2,28.6,35,37.7,37.9,37.4,37,34.7,34.2,34.7,34,,
8066796254,2124272,3/30/2013,35.2,35,34.6,35.2,35,35,34.8,34.6,35,34.4,34.8,34.8,34.4,35.4,34.4,35.8,37.8,34.7,36.3,36.6,39.7,38.5,38.3,37.3,34.6,36.3,38.2,33.1,34.4,31.5,31,32.7,35.6,34.8,26.3,20.4,22.5,24.6,28.9,36.2,37.5,38.6,37.9,37.3,35.6,34.6,35.5,35,,
8066796254,2124272,3/29/2013,34.4,34.7,34.4,34.7,34.3,34.2,34.8,34.7,34.6,34.3,43.5,44.3,43.9,44.3,35.6,37.4,40.2,39.8,47.9,50.2,48.1,45.9,46,43.9,45.9,42.8,41.4,42.1,45.4,49.7,47.4,42,42.7,51.8,49.3,46.2,35.1,37,37.8,45.2,46.8,46.8,47.7,38.3,35.2,34.6,35.1,34.7,,
8066796254,2124272,3/28/2013,34.6,33.8,34.7,34.3,34.3,34.8,34,34.6,34.3,33.8,35.5,33.9,34.7,34.8,35.4,36.9,40.1,44.1,50.5,51.3,54.8,55.6,56.6,58.7,56.4,55.1,52.9,55.3,56.4,56.3,57.4,56.6,56.3,56.7,56.3,55.3,55.5,53.2,52.8,61.7,63.3,60.3,47.7,37.7,35.4,34,34.6,34.3,,
8066796254,2124272,3/27/2013,33.6,34.6,34.3,34.2,34.8,34,34.7,34.2,33.6,35,34.2,34.2,34.7,33.9,37.1,37.1,39.3,42.8,48.7,48.7,45.5,45,44,47,42.8,44.7,43.9,48.7,44.7,51.6,54.4,49.8,51.7,50.8,52.5,52.7,49.7,50.2,51.8,59.9,61.7,58.3,48.1,37.9,34.3,34.4,33.8,34,,
8066796254,2124272,3/26/2013,35,34.8,34.8,35.1,35,35,35.1,34.8,35.1,34.6,34.4,34.8,34.3,35.2,36.3,36,40.1,43.6,49.8,47.9,47,45.1,43.3,43.6,48.9,45,46.6,49,55.1,56.8,56.3,54.7,56.8,46.3,52.5,50.2,52.2,52.8,53.6,62.5,62.8,59.8,48.5,37.5,34.8,33.9,33.8,34.6,,
8066796254,2124272,3/25/2013,34.2,35.2,33.8,34.6,34.2,33.8,34.4,33.6,34.3,34.2,33.6,34.4,33.8,33.9,37.7,37.5,42.1,41.8,51.6,54.9,55.2,55.5,53.7,52.8,54.8,53.7,54.5,55.1,56.2,57.6,54.5,53.5,54.7,54.5,54,54.4,51.4,52.8,51.8,61.4,61.6,57.5,47.8,37.5,34.6,34.2,34.7,34.8,,
8066796254,2124272,3/24/2013,34.4,34.3,34.3,34.6,34.2,34.8,34.2,34.8,34.6,34.2,34.7,34.3,34.3,34.6,28.8,25.8,27.5,26.6,26.2,25.2,25,24.4,36.6,38.7,39.6,41.7,46,46.4,47.2,47.5,47.5,49.8,48.3,48.5,38.9,28.8,27.9,27.3,27.9,37,36.9,37.9,37,35.9,34.8,33.6,34.6,34,,
8066796254,2124272,3/23/2013,33.8,34,33.1,34,33.9,33.9,34.2,33.8,34.4,33.8,33.6,34.2,34,34.2,37.7,34.7,37.1,37,42.9,42.8,41,39,37.9,36,35.4,33.9,36.5,34.3,35.2,35,36.7,37.3,38.3,39.3,28.9,21.6,23,25.5,28.2,36.7,37.7,37.4,37.3,36.5,34.6,34,34.3,33.9,,
8066796254,2124272,3/22/2013,34,33.6,33.9,33.8,34,34,33.6,34.6,33.6,33.9,42.7,42.4,43.6,44.7,41.8,40.2,41.3,41.4,50,48.2,52.8,44.1,42.8,48.2,49.3,41.2,46.2,38.9,39.6,37.4,38.7,40.6,43.1,41.8,41.6,41.8,33.2,35.4,38.7,47,47.5,47.1,47.9,38.3,34.7,33.6,34.2,33.3,,
8066796254,2124272,3/21/2013,34.3,34.2,34.3,34.3,34.4,34.4,34.3,34.2,34.3,34.6,34.4,35,34.7,34.2,38.2,36.6,41.6,44,54.1,54.8,54.7,54.1,53.9,50.4,50.9,48.6,51.6,48.3,55.8,50.6,51.2,52.1,55.6,53.6,54.7,56.4,57,56,56.2,65.7,64.9,61.3,49.3,37.5,35.2,34.8,34.7,35.1,,
8066796254,2124272,3/20/2013,34.8,33.9,34.8,34,34.3,35.4,34.2,35.1,34.6,34.6,35.4,34.3,34.6,34.6,39.4,37.3,41,40.1,50.9,46,47.7,45.2,43.1,42.7,42.5,44,42.9,41.3,49,43.3,45,47.8,44.4,53.2,48.1,52.9,52.7,52.5,54.8,61.7,61.4,58.2,46.7,38.2,34.7,33.8,34,34,,
8066796254,2124272,3/19/2013,34.2,34.3,35.1,33.9,34.6,34.2,34.2,34.8,33.8,34.6,34.4,34,34.6,33.6,39.3,37,41,47.9,54.1,52.8,50.5,46,47.2,44.8,43.6,41.7,42,41,39.2,39.4,41.2,39.7,42.7,42.9,44.4,50,46.6,50,55.6,62.6,62.5,59.7,48.6,37.8,34.7,35,34.3,34.6,,
8066796254,2124272,3/18/2013,35.5,34.4,35.2,34.7,34,35,34.2,35,35,34.2,35.2,34.3,35.1,35.4,41,39,43.2,47,55.1,55.3,58.5,57.6,58.2,57.8,58.3,60.3,60.2,58.7,60.6,60.2,59.4,60.6,60.8,60.3,58.5,56.2,53.6,53.1,55.2,63.2,62.4,58.9,47.9,37.5,34.7,34,34,34.3,,
8066796254,2124272,3/17/2013,34.4,34.6,34.6,34.7,34.4,35,34.4,34.7,34.8,34.3,34.8,34.4,34.8,34.8,31.9,26.6,28.4,28.1,27.4,27.3,27,26.7,45.8,48.3,48.2,48.6,47.9,50.6,49.5,49,50,49.1,50.4,49.7,39.6,30,28.5,28.1,31.2,37.9,38.3,38.3,38.3,37.5,34.7,34.8,34.8,34.3,,
8066796254,2124272,3/16/2013,34.6,34.3,34.6,34.6,35.1,34.8,34.7,34.6,34.8,34.4,34.6,34.3,34.2,34.6,41.3,35.6,38.2,37.4,41.2,42.8,43.2,41.8,47.5,38.9,35.4,42.7,47.5,43.6,36.2,36,47.5,45.5,46.6,49.4,37.3,28.6,28.2,27.9,30.8,37.7,38.1,38.2,37.8,36.7,34.7,34,34.4,34.4,,
8066796254,2124272,3/15/2013,34.4,35.5,34.6,35.4,35.2,34.4,35.4,34.6,34.8,35.1,43.2,44,43.5,43.6,42.8,36.5,38.9,44.3,50,47.9,43.7,43.6,42.8,40.4,40.5,39.2,37.3,39.6,40.8,39.6,40.9,41.2,42.4,45.6,45.8,44.1,35.9,37.1,40,46.2,46.7,47.1,47,38.1,35,34.7,34.8,34.4,,
8066796254,2124272,3/14/2013,35,35.1,34.6,35.6,35.1,35.2,35.4,34.7,35.5,35,34.8,35.5,34.7,35.2,42.5,37.3,42.9,41.2,50.9,50.2,51.4,49.1,45.2,43.9,43.1,43.3,43.3,42.7,42.1,42.4,39.7,41.6,43.2,42.8,46,47.5,51.2,52.9,57.8,63.6,62.5,59.8,48.7,37.9,35.9,34.4,35.1,34.6,,
8066796254,2124272,3/13/2013,33.9,34,33.9,34.4,34,34,34.4,33.9,34.7,34.2,34.3,34.7,34.2,35.4,43.2,36.7,39.4,44.8,46.8,46.8,45.8,45.5,40.6,47.8,50.2,46.6,54,51.3,47.2,43.2,46.4,47.7,48.3,45.1,50.5,47.8,53.3,52,56.2,61.6,60.6,58.6,47.9,38.6,35.5,34.6,35.5,34.6,,
8066796254,2124272,3/12/2013,33.9,33.3,34.2,33.5,34,34.2,33.6,34,33.5,33.8,34,33.1,33.5,33.2,41.4,35.4,39.8,44.1,50.2,52,55.5,54.5,55.2,54.4,53.9,42.9,50.4,42.4,40.9,42.8,49.1,47.5,53.6,54.5,51.6,47.2,49.7,54.5,60.1,65.7,64.3,58.9,48.1,37.7,35.2,33.9,33.9,34,,
8066796254,2124272,3/11/2013,29.7,30.9,30.2,30.2,30,30,30.4,29.6,30,29.8,29.6,30.1,29.4,29.7,33.6,30.8,40.2,42.4,52.9,54.1,54.4,52.1,50.6,50.2,50.9,50,50.2,49.5,51.3,49.7,50,53.6,51.4,52,51.6,52.9,52,50.6,55.2,59.8,60.6,58.6,47.8,37.3,33.9,33.6,33.6,33.3,,
8066796254,2124272,3/10/2013,34.2,34.3,35.1,34.3,-,-,34.6,34.4,34,34.7,33.9,35.1,34.6,34,34.7,26.3,25.2,21.1,16.6,16.5,12.3,10.7,15.9,17.7,22,22.1,23,21.9,18.8,19.8,20.4,21.3,23.1,22.8,16.7,18.9,21.1,20.1,27.1,33.5,32.4,33.1,33.1,32.7,33.2,31.7,30,30,,
8066796254,2124272,3/9/2013,34.7,34.8,34.7,34.7,34.6,35,34.7,35,34.8,35.2,35.2,35.1,35.1,27.4,34.6,32.3,31.3,29.3,35.8,35,35.5,35.5,34.7,33.8,33.8,33.6,33.6,30.5,31.6,32.5,33.1,35,37.4,36,28.5,27.5,32.1,38.3,38.1,38.3,38.3,38.1,38.2,37.4,34.6,35,34.3,34.3,,
8066796254,2124272,3/8/2013,35.4,36.3,35.8,35.4,36.2,35.5,35.6,35.8,35.5,36.6,45,45.9,46,38.2,36.3,36.6,39.7,41.4,46.8,49.5,49.5,48.2,45.8,41.4,38.9,39.3,37.4,36.7,37.4,39.7,37.7,43.7,49.5,50.2,48.2,48.3,42.5,47.4,47.7,47.5,47.8,47.2,47.1,38.6,35.2,35,35.1,34.6,,
8066796254,2124272,3/7/2013,35.6,34.7,35.2,35.6,34.6,35.6,35.5,34.7,35.6,34.4,35.8,35.5,35,28.8,34.2,33.3,35.2,33.1,40.4,44.3,42.7,42.7,42.8,42.7,42.7,45.2,48.3,44.4,48.3,43.2,47.5,48.1,50.4,54.3,54.8,53.9,59.3,62.4,61.8,62.2,61.4,60.1,47.7,38.2,35.9,35.5,35.2,36,,
8066796254,2124272,3/6/2013,34.7,35,35.2,34.6,35,34.8,34.7,34.6,35.1,35,34.6,34.6,34.8,28.2,34.7,35.8,39.6,42,53.9,53.6,54.1,54.1,54,53.6,53.3,54.4,52.8,51.8,51.3,50.6,52,52,52.5,51.3,50.8,47.8,41.2,46.3,45.8,45.2,45.9,46.2,45.5,37.9,33.8,34.8,34.7,34.4,,
8066796254,2124272,3/5/2013,35.2,35.9,35,34.7,35.2,35.2,35.1,35.5,35.1,35.5,35.1,35.2,35.4,28.6,33.6,33.5,35.5,35,37.9,37.1,40.5,42.9,42.7,41.4,40.9,42.9,47.5,47.5,46.3,43.7,43.2,45.4,51.7,53.9,52.9,54,59.7,61.6,63.2,62.9,60.6,59.1,47.5,38.6,35.2,35.1,35.1,35.5,,
8066796254,2124272,3/4/2013,32.9,32.1,33.3,32.5,32.3,33.2,32.1,32.8,32.7,32.5,33.5,32.5,32.4,27.7,31.2,31.5,35.6,36.5,44.3,42.5,44.5,43.3,42.1,41.7,40.4,40.1,42.1,39.3,39.8,42.7,44.4,46,46.7,47.2,48.2,50.4,57.5,60.8,61.4,62,61.6,58.9,47.4,38.3,35.4,35.2,35.1,35.5,,
8066796254,2124272,3/3/2013,31.9,31.9,31.7,32.3,31.9,31.7,32.3,32,32.1,32,31.9,32.5,31.7,27.7,23.5,21.2,20.4,17.8,18.9,21.7,18.8,20.1,30,29.8,30,37.1,38.2,38.6,35.6,34,36.3,40.1,43.5,42.8,31.3,25.9,32,36.2,35.5,35.6,36,35.6,36.7,35.2,32.3,32.9,32.4,32.7,,
8066796254,2124272,3/2/2013,33.1,32.9,33.2,33.2,32.8,32.8,33.1,32.5,32.9,32.7,32.7,33.1,33.2,29.2,34.3,34.2,33.8,36.5,46.2,50.2,52,50.5,51.7,53.3,51.7,49.4,49.5,50,48.1,49,51.8,51.2,51.2,47.8,36.2,27.3,33.1,36.3,35.8,35.6,35.4,35.8,35.2,34.8,32.1,31.7,32.3,31.9,,
8066796254,2124272,3/1/2013,33.3,32.3,33.1,32.9,32.4,33.2,32.5,32.9,32.7,32.1,44,44,45,40.8,35.5,36,40,47.5,49.5,50.2,52.7,52.1,52.5,52.7,51,54.3,54.1,53.5,54,53.1,54,54.9,54.1,53.5,52.9,50.5,44.7,46,46,45.6,45.9,45.9,45,36.6,32.9,32.4,33.1,32.5,,
8066796254,2124272,2/28/2013,32.5,32.1,32.8,32.4,32.8,32.5,32.3,33.2,32,32.7,33.2,32,32.8,29.6,34.2,35.6,35.2,42.1,44.8,48.6,52.8,50.1,50.5,52.9,56.3,56.3,55.5,57,50.9,46.7,50.4,55.5,55.3,57.6,57,55.9,61.7,59.8,59.3,57.9,60.1,57,46.2,37.3,32.4,33.3,32.9,32.4,,
8066796254,2124272,2/27/2013,34.7,35.6,35.2,35.4,35.8,35,35.8,35.5,35,35.8,34.7,35.5,35.2,31.9,37.4,37.3,38.6,39.8,43.2,43.1,42.9,40.5,39.7,43.5,50.9,53.1,52.9,57.4,50.1,51.8,51.7,52.8,55.8,54,56.3,55.3,59.4,62,60.9,60.5,60.8,56.6,46.6,35.8,32,32.8,31.9,32.9,,
8066796254,2124272,2/26/2013,35.9,35,35.5,35.6,35.1,36,35.6,35.6,35.8,35.1,35.8,35.5,35.1,32.8,36.5,38.5,40.8,40.5,53.1,56.7,56.6,56.4,56.4,57.6,58,57.4,57.9,56.3,56.4,57.5,57.6,57.4,56.8,57.1,56.2,53.9,62,62.9,61.6,61.8,58.9,58.2,45.5,35.9,35.8,34.7,35.4,35.5,,
8066796254,2124272,2/25/2013,35.4,35.9,35.4,35.5,35.5,35.6,35.4,35.2,35.8,35.4,35.8,35.8,35.5,33.3,36,35.8,35.8,40.5,46.2,46.3,45.8,44.1,43.9,43.5,42.7,43.5,46.2,44.3,44.1,44.8,47.5,47.9,47.1,47.9,49.8,52,60.5,60.9,60.9,58.2,58.9,57.6,46.4,37,35,35.1,35.5,35.4,,
8066796254,2124272,2/24/2013,35.6,36,36.2,35.4,36,35.8,35.8,35.8,35.5,36,35.5,35.6,36,34,27,24.8,21.5,19,16.6,13.9,17.5,15.7,21.5,29.8,31.3,31.6,31.6,32.5,31.3,31.6,33.1,35.1,36.7,40.1,34.2,27.3,35,36,36.5,35.8,36.2,35.8,35.9,35.8,35.1,35.4,35.2,35.1,,
8066796254,2124272,2/23/2013,35.2,34.7,35.8,35,35.2,36.2,35.1,35.6,35.4,34.7,35.8,34.7,35.1,34,36,38.2,37.7,38.3,44.1,44.5,51.8,51.3,50.8,52.9,52,53.1,54.1,52.7,49.8,47.7,48.2,50,49.4,48.6,37.4,27.8,36.7,36.9,36.6,36.9,35.8,36.5,36.3,35.4,36,35.4,35.6,35.9,,
8066796254,2124272,2/22/2013,35.8,35,35.5,35.2,35.1,36,35,35.2,35.5,34.7,45.9,46.6,47.1,46.8,37.7,38.6,40.6,45.9,55.1,55.6,57.5,58.9,59.1,59.4,60.6,59.9,60.2,58.9,57.9,59.5,57.8,59.3,58.3,57.6,56.6,52.9,46.6,46.3,45.2,46,45.6,45,46.2,36.5,35,35.6,34.4,35.5,,
8066796254,2124272,2/21/2013,35.8,35.9,36.2,35.9,36,35.8,36.2,36.3,36.5,36.2,36.2,35.9,35.8,35,36.3,35.1,36,40,45.1,48.6,43.9,42.4,44.1,43.3,43.2,44.8,42.8,41.2,41.7,43.1,43.7,43.9,48.2,50,49.7,52.5,61.8,60.3,60.3,59.9,60.6,57.5,47.2,37,35.1,36.2,35.2,35,,
8066796254,2124272,2/20/2013,35.6,34.8,35.6,35.1,35.2,35.6,35.1,36,35.4,35.5,35.8,35.6,35.5,35.8,37,35.9,34.8,39,41.3,40.2,41.6,40.8,47.1,48.3,50.5,46.8,49.7,49,48.9,38.6,39.6,42.8,44.8,48.6,51,54.3,62.4,61.6,61.3,60.5,59.7,58,46.7,37.3,35.8,35.6,35.8,35.8,,
8066796254,2124272,2/19/2013,36,35.9,35.4,36.3,35.8,35.9,36,35.2,36.3,35.9,35.1,36,35.1,35.9,37.5,37.4,41,48.7,53.3,57.4,57.1,59,58.7,58,59.7,58.6,59.3,57.2,55.5,56.8,56.3,57,57.1,55.6,54.5,54.3,59.8,60.6,61,61.4,60.5,57.8,46.3,36.6,35.2,35.5,34.7,35.5,,
8066796254,2124272,2/18/2013,35,35.8,35,35.2,35.6,34.8,35.6,36,35.4,35.9,35.2,35.8,36.2,35.8,37.3,34.8,31.5,29.3,26.2,24.2,23.2,20.7,20.8,21.1,19.8,20.9,20.1,20,19.6,19.4,21.6,23.2,25.2,29.6,34.2,38.3,46.3,46.3,46.8,46.3,47,47,45.8,37.5,35.4,35.1,36,35.1,,
8066796254,2124272,2/17/2013,35.5,36.3,35.6,35.8,35.9,35.6,35.8,35.6,35.6,35.5,35.6,35.8,35.9,37,27.8,24.8,22.7,19.3,16.5,15.8,20.1,19.8,34,35.1,40.6,35.8,40.6,36.7,39.2,34.4,39.7,40,39,41.2,34.3,29.7,36.7,36,36.3,36,35.6,36.3,36.3,35.2,35.6,34.8,35.5,35.6,,
8066796254,2124272,2/16/2013,34.4,35.2,34.3,35.2,34.8,34.7,35.2,34.6,35.2,35,34.6,35.2,34.3,35.2,38.1,38.1,37.3,39,43.7,41.7,46.8,43.5,39.3,41,47.5,49.4,50.8,48.6,48.3,48.7,48.6,49.3,49.8,47.2,37.8,30,36.7,36.2,36.3,36.6,36.2,36.6,36.2,35.4,35.9,35.4,35.8,35.5,,
8066796254,2124272,2/15/2013,35,35.5,34.6,35.5,35.2,35.1,35.8,35,35.2,35.5,45.5,47.7,46.3,46.7,39.6,34.3,34.8,35.6,41.3,41.2,38.9,38.6,38.6,37.7,37.9,34.8,35.4,31.9,33.3,35.2,37.8,43.7,47.5,47.2,51,51.6,47.1,46.4,45.9,46.4,45.8,46.6,46.2,35.8,34.8,34.3,35.2,34.7,,
8066796254,2124272,2/14/2013,34.7,35.2,34.8,35.4,34.6,35.1,35.4,34.4,35.5,34.8,35,35.5,34.7,35.8,38.9,35.2,35.5,41,42,41.2,40.6,39.8,38.9,40.4,41.2,40.5,42.7,39.8,41.8,42.7,42.8,44.7,47.9,50.1,52,54.9,61.3,60.2,59.8,60.8,59.8,59.4,47.1,36.7,35.5,34.6,35.8,35.2,,
8066796254,2124272,2/13/2013,35.2,35,35,35.2,35,35.1,35,34.8,35.4,35,35.2,35.5,35.5,36.3,39.6,37.4,38.7,45.2,51,53.2,54.3,54.1,49.3,44.1,51.6,54.1,52.9,52.1,52.8,52.2,53.9,54.5,54.8,55.1,54.3,57.6,62.4,60.6,61.2,60.3,60.1,57.2,45.4,36.5,35.1,34.8,35.1,34.2,,
8066796254,2124272,2/12/2013,35.2,35.2,35.1,35.1,35,35.4,35,35.1,35.1,34.7,35.5,34.7,35.1,35.6,39.8,36,40.4,42,42.1,42.9,42.3,41.4,40.1,40.2,39.3,40.4,42.9,40.8,40.5,40,40,43.9,47.8,50.6,52.9,59.9,64.7,62.8,62.1,61,60.1,59.3,47.5,37,34.6,34.6,35.2,35.1,,
8066796254,2124272,2/11/2013,35.4,35,35.5,35.8,36,35.9,35.6,35.9,35.5,35.6,35.2,35.2,35.6,35.2,40.5,38.7,40.8,48.1,56,58.6,59.9,59.1,60.8,60.5,59.8,62.1,62.1,60.1,57.8,58.3,59.4,59,57.6,59,56.3,59.4,62.5,59.9,59.5,58.3,59.9,57.5,46.3,36.7,34.7,34.8,35,34.8,,
8066796254,2124272,2/10/2013,35,35.4,34.8,35.1,35.4,34.8,35.5,35.4,35.4,35.9,35,35.4,35.4,35.4,30.2,24.4,21.9,20.4,16.6,17.7,13.5,14,31,34.7,36.5,32.7,37.7,36.3,30.5,31.7,35.8,39.7,45.6,46.7,37.9,32.3,36.3,35.9,36,36.3,36,36,35.8,35.4,35.2,35.5,35.8,35.1,,
8066796254,2124272,2/9/2013,35,35.2,35.6,34.6,35.4,35.8,34.6,35.6,35,35.2,35.9,35.2,35.5,35.6,40.5,35.8,32,35.9,38.9,35.8,37.7,36.2,35.9,36.5,36.2,36.7,37.7,37.1,37,38.2,38.6,41.4,43.3,45.1,35.5,32,35.9,35.1,35.2,36.3,35.8,36.6,36,35,35.4,34.6,35.2,35.8,,
8066796254,2124272,2/8/2013,35.6,35.1,35.1,36.2,35.2,36,35.8,35.1,36,34.7,45.5,47.4,46,47.4,42.1,38.2,42.4,47.1,55.1,58,56.2,59.8,58.3,58.7,60.6,58.6,58,58.2,57,56.7,57.2,58,56.2,51,55.8,57.1,46.8,46.2,45,45.5,45.1,45,45.8,35.6,35,35.2,34.6,35.5,,
8066796254,2124272,2/7/2013,34.8,35.5,34.7,35.2,35.2,34.7,35.2,35,35.4,35.4,34.8,35.2,34.8,34.8,41.6,38.1,41.6,47.4,53.5,55.8,56.2,56.7,59.1,55.8,57.8,55.8,55.3,54.8,55.3,53.6,53.2,54.3,56,56.4,55.6,60.3,62.1,61,61.8,61,61.3,58.7,45.6,37.3,34.8,35.4,35.5,34.7,,
8066796254,2124272,2/6/2013,34.7,34.8,35.2,34.7,35.2,35.2,34.6,35.2,34.8,35.2,35.5,35.1,35.8,35.5,41.6,37.3,37.5,35.8,41.3,43.3,42.9,41.8,40.8,41.3,39,39.8,39.7,38.3,41.2,40.6,41.7,43.5,46.2,52.2,56,62.5,63.3,62.2,61.8,63.2,61.3,59.3,46.3,35.9,35,34.7,35.5,35.2,,
8066796254,2124272,2/5/2013,34.7,35,34.8,35,34.8,34.7,35.1,34.6,35,35.1,35.5,35.4,35.5,35.6,42.1,37.8,39.8,47,51.4,57.5,61,61.8,62.8,62.5,59.1,57.6,56,56.6,56.3,55.6,55.9,55.2,56.7,58.2,57.2,60.8,62,60.5,61,61.4,59.5,58,46,36.5,35.1,35,34.3,35.1,,
8066796254,2124272,2/4/2013,36,36.3,35.5,36.3,35.9,35.6,36.5,35.8,36.2,36.9,35.5,36.3,35.9,35.8,41,37.8,39.6,42.9,49,50.1,50.1,50.9,53.6,52.4,51.4,52.9,59.8,58.6,56.3,55.9,53.6,52.4,52.4,58.9,57.1,63.9,62.5,60.5,62,60.6,59.7,57.9,45.6,36.5,34.7,35.2,34.6,34.6,,
8066796254,2124272,2/3/2013,35.4,35.6,34.8,35.6,35.4,35.8,35.6,34.8,35.6,35.6,35.1,35.8,35.2,35.9,32.7,25.8,26.2,25.6,24.2,23.4,22,20.8,33.6,38.9,44.3,44.4,44,43.3,43.5,41.7,41,44.8,45.9,45.5,35,34.7,36.7,36.5,36.9,36.7,37,37.5,36.9,36.5,36,35.8,36.5,35.8,,
8066796254,2124272,2/2/2013,35.5,35.6,35,35.5,35.2,35.1,35.9,34.7,35.6,35.6,34.7,36,35.5,35.5,41.8,33.8,29.6,27.1,35.9,39,41.8,41.8,42.5,43.6,47.1,46.6,46,48.9,48.2,48.7,47.4,46.2,47.5,47.2,34.2,35.5,36,36.5,36.5,35.6,36.3,36.3,35.5,35.6,35.1,35,35.9,35.1,,
8066796254,2124272,2/1/2013,35.9,36.2,36.3,36.3,36.3,36.3,35.9,36.6,35.9,36.2,46.4,47.5,47.9,47.8,45.2,40.1,41,45.5,41.3,40.9,37.1,43.6,48.1,44.4,51.2,49.4,50.2,50,43.9,40,42.3,47.8,54,52.1,51,59.1,47.2,45.1,45.6,45.1,45.1,46,45,36.5,35.1,35.5,35.8,34.8,,
8066796254,2124272,1/31/2013,33.1,33.5,33.1,33.3,33.5,32.9,33.6,33.1,32.8,33.2,32.3,32.5,32.7,33.1,42.3,36.2,38.6,44.1,42.7,42.1,40.5,41.2,42,41.7,44.5,46,49.3,41.7,45.8,55.5,54.8,47.7,52.5,54.4,56.7,65.1,63.3,63.2,62.1,62.2,62,59.8,47.7,36.9,35.9,36,35.9,36.5,,
8066796254,2124272,1/30/2013,35,35.6,35.2,35.2,35.8,35.1,35.6,35.6,35,36,34.8,35.4,35.1,34.4,44,37.8,39.8,41.8,47,48.5,50.6,52.4,55.1,48.3,37.7,35.1,35.8,35.2,34.8,36.9,37,37,37.3,36.7,37.9,46.2,47.8,47.4,46.4,47.8,46.6,45.9,46.2,34,32.9,32.3,32.7,33.3,,
8066796254,2124272,1/29/2013,34.8,35,34.8,34.8,34.6,35.5,34.7,34.4,34.8,34.6,34.8,34.4,34.3,35.4,44,39.6,43.6,42.8,44.7,45.9,47.4,46.8,45.1,46.6,41.7,38.7,47.5,48.6,47.1,47.8,45,43.7,48.5,50.8,51.6,60.2,59.5,59.1,58.2,58,58,59.8,49,36.7,35.5,34.7,35.1,35.4,,
8066796254,2124272,1/28/2013,35.2,34.6,34.8,34.8,34.2,34.8,34.8,34,35.2,35,35.6,36.2,35.1,36.2,44.8,40.1,41.4,47.8,54.9,55.1,55.8,56.8,57.5,55.5,56.8,56.4,58.7,57.2,54.9,54,53.6,54.7,55.1,54.7,53.6,59.7,59.5,60.6,59.7,59.4,61.6,58.3,47.4,36.2,34.2,34.7,34.4,34.4,,
8066796254,2124272,1/27/2013,36,35.1,35.8,35.8,35.4,36.3,35.4,35.5,35.9,35,36.5,35.9,35.9,37,35.2,26.7,24.4,20.4,18,15.8,13.1,12.7,25.9,30.6,31.7,38.1,34.7,32.8,31.5,36.5,36.5,37.1,43.5,47.5,38.7,37.1,35.2,35.9,35.9,35.2,36.2,35.5,35.6,35.1,34.2,34.7,35,34.2,,
8066796254,2124272,1/26/2013,34.6,34.6,35.6,34.4,34.8,34.7,34.3,35.2,34.8,34.4,35.5,35.1,35.2,36,43.9,38.2,38.1,36.3,42.7,43.3,43.2,43.3,42.7,43.7,44.3,41.6,35.4,35.9,41.8,48.5,46,47.1,48.7,47.9,38.5,38.1,36.2,37,36.2,36.2,37.1,35.9,37,36,35.4,36,35.8,35.8,,
8066796254,2124272,1/25/2013,35.4,34.8,34.7,35.1,34.7,35.2,34.7,34.6,34.8,34.6,42.9,44.1,43.9,44,42.9,37,40.1,45.4,53.5,57.4,59.9,60.9,61,62.6,61.6,61.7,59.5,58.6,60.3,59.7,60.8,59.1,58.7,55.1,52.9,58.6,45.8,45.5,45,45.4,44.8,45,45.8,35.8,35.1,35.1,34.4,35.2,,
8066796254,2124272,1/24/2013,44.4,43.3,43.2,43.5,42.4,43.6,43.2,42.7,43.7,43.3,42.8,43.5,42.4,43.7,53.1,46,50.4,51.2,54.7,57.8,58.3,57.5,50,43.2,48.7,49.8,53.6,50.4,40.8,42,44.1,44.7,49.5,51.7,54.7,63.2,60.8,59.7,59.3,59.4,59,56.4,45.4,36,34.7,35,35.2,34.7,,
8066796254,2124272,1/23/2013,34.7,34.8,34.8,35,34.6,34.6,35,34.6,34.7,35,34.8,35.6,34.6,35.1,43.1,33.9,35.6,38.5,43.9,44.7,48.5,47.2,48.1,46.3,47.9,45.4,48.5,56,55.2,57.5,54.8,57.1,58,57.1,56.3,63.3,61.2,61.6,61.3,60.2,61.6,58.7,54,45,42.8,43.9,43.9,43.5,,
8066796254,2124272,1/22/2013,35.4,35.1,34.4,35.5,34.3,35,35.4,34.7,36,35,34.3,35.5,34.7,35.5,45.1,36.6,35.9,35.6,36.2,38.7,36.5,36,36.9,36.9,47.4,47.2,50,45,42.7,44.4,44.7,47.7,53.2,53.6,57.6,64.3,64,62.4,61,61,60.3,60.2,45.5,35.9,34.7,34.6,34.6,34.4,,
8066796254,2124272,1/21/2013,35.4,34.3,35.4,35.1,35,36.3,35,35.6,35.4,34.6,35.5,35.1,35.4,35.8,45,36.6,32,28.8,27.4,22.8,27.9,31,34.3,35.9,35.4,34,26.3,23.9,19,20.2,23.2,27,30.8,35.6,38.9,46.6,47.1,45.9,46.8,47.1,46,47,45.6,36.6,34.7,34.6,35.5,34.2,,
8066796254,2124272,1/20/2013,34.6,34.7,35.2,34.4,35.2,34.7,35,35.4,34.3,34.8,35,34.3,35.2,35.1,35.5,24.8,20.5,18.1,15.3,13.1,11.9,9.9,22.4,25.6,29.7,30.1,29.4,28.8,27.4,30.8,33.6,35.6,40.9,42.3,39.3,37.5,35.6,35.8,36.2,35.1,35.9,35.4,35.5,35.5,34.3,35.5,34.8,35,,
8066796254,2124272,1/19/2013,35.1,35.2,35.2,35.2,35.1,35.2,35.5,35.2,35.2,35.2,35.2,35.4,35.6,35.5,45.6,35.6,32.1,33.5,37,36.6,37.4,37,36,35.9,35.2,34.6,36.2,36.5,35.1,37,38.5,40.4,46.2,45.2,40.1,37.3,35.9,36.9,35.5,35.9,35.9,35.8,35.9,34.7,35,35,34.3,35,,
8066796254,2124272,1/18/2013,35.4,35.2,34.8,35.5,34.8,34.8,35.6,34.6,35.4,35.1,45.8,47.2,46.4,47,47.4,38.9,40.6,40.8,49.1,48.5,44,42.4,42.3,43.5,45.5,45.5,44.3,42.4,39.8,41.4,43.2,45.5,51.7,52.5,58.3,61.8,47.7,45.8,45.5,45.6,45.8,45.6,46.2,36.3,35,35.2,35.1,35.2,,
8066796254,2124272,1/17/2013,41.6,41.2,42,41,41.8,41.7,40.8,41.8,41,41.3,41.8,40.8,41.7,41.8,52.9,47.2,49.3,53.2,56.4,58.7,59.5,59.1,59.8,61.3,60.1,59,59,57.5,57.8,57.5,56.8,58.3,57.1,57.8,57.6,62,61.4,58.5,60.3,58.9,59.5,57.8,45,36.2,34.8,34.7,35.4,34.6,,
8066796254,2124272,1/16/2013,35.1,35.4,35.1,35.2,35.8,35.2,35.5,35.4,35.6,35.6,34.8,35.2,35.8,35.4,47.2,41.4,50.6,54.3,58.5,60.5,59.8,59.5,63.5,60.5,61.8,60.2,59.8,62.4,61.3,60.8,59.1,56.8,57.2,54.4,57.5,61.6,58.5,58.2,57.9,57.2,57.6,55.6,51.7,42.9,41.2,42,40.9,41.7,,
8066796254,2124272,1/15/2013,35.4,35,35.5,35.4,35.1,35.5,35.1,35.2,35.2,35.4,35.6,34.8,35.2,35.9,46.8,39.7,41.8,44.7,55.9,55.5,59.3,59.8,59.1,58.9,57.2,57.5,56.7,57.6,56.6,57.8,59.3,58,58.6,58.9,59,64.4,61.2,60.8,59.9,59.9,59.3,58,45.9,36.2,35.1,35.1,35.1,35.5,,
8066796254,2124272,1/14/2013,35.6,35.9,35.6,35.6,35.9,36.2,35.6,35.8,35.9,35.5,35.4,35.1,34.8,35.5,45.8,38.9,40.5,40.5,52,57,56,56.8,57.1,58,57.9,59.5,61,59.3,58.9,58.5,59.4,58.6,58.3,57.9,61.4,64.8,60.6,59.7,59.8,58.7,59.5,57,45.1,36.5,34.6,35.4,35.4,35.1,,
8066796254,2124272,1/13/2013,35.6,35.4,35.1,35.6,35.4,35.6,35.5,35.4,35.6,35.6,35.5,35.4,35.1,35.6,35.8,27,27.1,26.6,25.9,25.4,25.8,25.9,44.7,45.9,47.1,47.8,48.1,47.9,47,46.7,47.1,47.8,46.8,46.2,42,37.9,36.3,36.2,36.5,36,36,36.2,35.6,35.2,34.8,35.2,35.4,35.4,,
8066796254,2124272,1/12/2013,35.4,35,35.6,35.4,35.4,35.6,35.2,35.6,35.5,35.5,35.5,35.2,35.2,35.5,46.8,39,38.1,38.2,40.4,41.3,49.8,51.6,50.6,49.8,47.5,46.6,44.8,39.6,38.1,45.5,46.6,49.5,49.4,49,42.7,37.4,36.2,35.9,36.3,36,36,36.2,35.5,35.1,35,35,35.4,35.4,,
8066796254,2124272,1/11/2013,35.2,35.8,35.2,36,36.2,35.5,36.2,35.6,36,36.2,46.2,48.2,47.9,47.4,48.9,41.3,42.3,43.2,45.9,51.6,57.9,57.5,57.8,56.8,56.6,57.5,56.6,56.2,55.1,55.9,56,56.3,57,55.3,59.8,61.3,46.4,46.3,45.6,46.2,46.4,45.6,45.8,36.5,34.7,34.8,35,35.2,,
8066796254,2124272,1/10/2013,35.8,35.2,36.3,35.5,36,36.2,35.4,36.5,35.2,35.4,35.8,35.4,35.9,36.2,47.1,40.2,37.5,37,48.7,44,42.4,40.8,41.7,40.9,42.1,43.2,42.3,41.4,41.6,42.8,46.7,54,59,60.5,64.1,65.5,64.1,63,62.8,63,62,58.7,47.5,36.9,35.6,35.5,36,35.5,,
8066796254,2124272,1/9/2013,35.1,36.2,35.6,35.4,36,35.2,35.9,35.5,35,36,35.2,35.9,35.6,35.6,47.9,49,45.5,44.3,50.8,52.7,52.4,54.3,58,56.2,58.3,57,57.5,58,56.8,58,57.9,56.8,57.5,57,62.1,65.9,61.7,60.9,59.9,60.3,59.5,56.4,47.2,36.7,35.2,35.9,35,35.8,,
8066796254,2124272,1/8/2013,35.5,35.5,35.4,36,35,35.4,35.6,34.7,35.5,35.4,35.5,36,35.2,36.6,47.4,38.9,41.6,43.7,44,45,44.1,43.9,46.4,46.3,40.5,40.6,45.9,42.8,42.1,51,56.2,61.3,65.2,64.7,64.1,63.2,62.1,60.9,61.7,62,59.1,58,46.8,36.3,35.5,35.2,35.4,35.9,,
8066796254,2124272,1/7/2013,36.3,35.6,35.9,36.3,35.9,36.5,35.9,35.9,36.6,35.8,36.2,36.2,36.2,37.4,48.2,40,42.9,42.8,55.1,55.3,52.7,52.8,49.7,46.3,44.8,42.4,42.1,39.6,40.9,39.6,42.8,47.5,51,54.7,60.5,62.9,62,61.7,61.7,61,60.3,59.3,46.2,36.3,35,35.2,35.6,35.1,,
8066796254,2124272,1/6/2013,42.4,42.3,42.8,41.6,41.7,41.7,41.3,41.7,41.3,41.7,42.4,41.4,42.1,42.1,42.7,33.8,28.4,25.6,24.3,28.4,21.6,17.3,28.8,31,31.5,32,32.3,32.9,33.2,38.1,46.7,45,49,48.7,45.9,38.9,37.3,36.9,37.5,36.7,37.1,37.4,37.1,36.9,36.2,36.6,36.5,35.4,,
8066796254,2124272,1/5/2013,36.2,35.9,36,36.2,35.9,36.3,36.2,36,36.9,35.8,36.2,36.2,35.6,36.3,47.1,37.4,33.3,30,33.8,34.7,34.6,34.2,34.2,33.8,34.6,35,38.6,38.7,39.7,43.3,47,48.9,50.9,49.1,52.4,44.3,43.1,43.3,42.9,43.3,43.7,43.1,43.5,42,42.3,42.8,42.1,42.8,,
8066796254,2124272,1/4/2013,37,36.9,36.9,36.2,35.2,35.2,35.2,35.4,35.4,35.5,43.5,44.3,45.1,45,45.5,36.6,35,37,36.9,37,35.2,33.6,34,34.4,33.6,35.4,39.8,39.6,40.9,42.9,42.8,47.4,55.8,55.9,62.5,62.4,48.3,47.5,47.4,47.8,47.8,47.1,47.2,37,35.6,36.3,35.6,35.9,,
8066796254,2124272,1/3/2013,37.8,37.4,38.1,37.7,37.5,37.7,37.7,37.7,37.5,37.3,37.8,37.7,38.1,38.7,48.6,41.7,42.4,47.4,50.9,53.1,51,51.6,50.8,50.5,46.7,44.3,48.6,45.4,41.8,42.3,45.4,53.2,56.6,58.3,65.3,66.8,65.6,63.7,63.6,62.6,62.8,60.5,48.5,38.5,36.9,36.5,36.9,37.1,,
8066796254,2124272,1/2/2013,37.8,37.7,37.3,37.4,37.4,37.4,37.5,37.5,37.4,37.5,37.5,37,37.5,37.7,48.1,40.5,40.5,36.6,43.1,46.3,48.5,45.9,53.6,52.2,49.3,48.7,47.1,43.7,50.9,50.8,50.5,57.1,57.8,58.7,64.3,64.4,62.9,61.2,61,62.4,60.8,58.5,49,39.3,37.9,37.8,37.4,37.5,,
8066796254,2124272,1/1/2013,36.9,38.1,37,37.3,37.7,36.7,37.4,37.8,36.9,37.5,37,37,37.8,37.1,48.1,40.2,39.2,39.2,38.7,38.5,38.6,37.9,38.2,38.3,37.9,37.9,37.8,37.9,37.7,38.3,38.5,38.9,38.7,39.3,47.2,48.7,48.9,48.2,47.8,48.1,47.8,48.7,47.8,38.6,37,37,37.4,37.4,,
8066796254,2124272,12/31/2012,37.8,38.3,37.7,38.2,37.7,37.4,38.6,37.3,37.5,38.1,37.1,38.1,37.8,37.3,48.1,38.5,39.8,46.6,52.4,53.7,53.6,51.2,53.3,57.2,57.8,57.5,54.7,53.5,54.9,57.8,59.5,59.1,57.8,55.3,47.5,48.5,48.7,47.5,48.6,48.5,47.9,48.5,47.8,38.2,37.4,36.6,37.5,37.5,,
8066796254,2124272,12/30/2012,37.7,36.9,37.5,37.8,37,37.7,37.7,36.9,37.9,37.5,36.9,38.1,37.8,37.9,38.9,29,28.1,22.5,17.4,15.1,13.4,15.3,30.8,31.3,31.5,33.8,35.2,33.3,38.1,35.6,38.5,46,49,49.5,49.3,39.8,37.9,38.6,38.6,37.9,38.9,38.7,38.1,38.3,37.7,37.8,38.2,37.4,,
8066796254,2124272,12/29/2012,37.7,37.9,38.3,38.1,38.5,38.6,37.9,38.3,39,37.7,38.7,38.7,37.9,38.6,48.1,39.4,39.2,44.8,49.8,49.8,51.7,51.8,51.3,51.4,52,50.8,50.6,50.6,45.5,45.4,47.7,48.2,50.9,48.9,46.8,39.6,38.2,38.2,38.7,37.9,38.5,38.7,37.9,37.9,37.7,37.7,37.7,37.8,,
8066796254,2124272,12/28/2012,37.9,38.2,38.7,38.1,38.3,39.2,38.1,38.9,38.9,37.9,47.8,49.4,48.6,49,50,41.6,41.7,39.8,39,40.9,42.4,44.3,41.7,43.5,51.2,46.6,50.2,51.7,54.3,50.5,48.9,53.7,55.5,56.7,64.3,62.8,50,48.7,48.2,48.6,48.5,48.3,48.6,39.2,37.9,37.8,38.1,38.1,,
8066796254,2124272,12/27/2012,49.8,48.9,57.2,54.5,49,49.5,61.2,49.7,48.9,49.8,60.8,49.3,49.4,50,78.7,51.3,62.1,61.4,53.5,71.3,64,74.7,58,50.2,59.7,58.6,59.8,59.7,59.3,60.8,61.2,62.2,59.1,60.5,66.8,65.1,63.5,62.6,61.8,61,62.8,61.3,49.1,39.7,38.2,38.6,37.9,38.5,,
8066796254,2124272,12/26/2012,42.3,45.6,48.7,42.3,42,55.3,42.5,41.6,48.9,48.3,42.1,41.7,55.3,43.7,69.5,45.8,54.7,56.4,59.7,75.6,61.7,77.6,65.2,70.2,72.9,66.7,77.8,64.7,75.7,64.8,78.7,64.1,70.7,68.2,69.9,80.7,66.6,79.1,65.9,76.9,64.4,74.5,59.8,61.7,48.3,48.9,52.1,60.3,,
8066796254,2124272,12/25/2012,52,42.3,42.4,52.4,42.9,42,53.2,42.9,41.6,54,43.2,42,44.1,54,61.6,47.2,55.1,40.9,44.5,33.1,40.1,37.3,33.1,38.1,42.9,40.2,32.1,40.2,41.3,41.3,49.4,52.5,51.4,46.8,64.7,62.9,55.8,65.2,64.1,53.9,63.3,62.9,61,46.3,42.3,49.8,42.1,49.4,,
8066796254,2124272,12/24/2012,42.7,42.3,42.9,55.1,42.9,42.5,42.8,54.7,42.5,42.3,47.9,49.5,42.1,43.1,66.4,44,52.8,47,42.3,58.3,42.9,58.5,42.8,56.4,44.4,53.6,49.8,44.1,58.9,44.5,59,43.9,55.5,46.4,63.3,55.9,65.1,53.7,62.8,53.9,62.8,62.4,53.7,51.2,41.7,50.9,42.5,42,,
8066796254,2124272,12/23/2012,53.6,56.4,48.9,49.7,60.1,49.4,49.4,49.3,59.9,49.7,49.5,49.7,60.2,49.8,50.2,42.9,41.3,31.5,30.1,37.5,24.8,27.1,50.1,39.4,54.8,43.1,43.1,53.6,46.3,64,53.7,68.7,55.3,64.7,54.5,53.2,43.6,52.7,44,43.5,55.8,44.3,42.9,51.8,46.6,42.3,43.2,57.4,,
8066796254,2124272,12/22/2012,54.5,43.5,42.7,49.8,48.6,42.5,43.1,54.3,42.9,42.9,43.1,53.6,43.2,42.9,69,44.5,52.8,46.8,52.5,60.8,40.9,57.1,45.9,61,45.2,52.2,42.4,54.4,40.2,44.8,53.5,50.8,65.5,56.3,74,51,50,60.6,49.7,49.7,50.4,60.8,49.8,49.4,48.7,60.3,48.9,48.9,,
8066796254,2124272,12/21/2012,43.6,50.1,42.5,49.8,43.2,42.3,50.4,42.9,50.4,42.5,62.5,52.9,61.7,63.5,55.8,52,55.9,55.2,50.9,64.9,58.2,69.7,59.7,69.7,68,67,70.3,62.5,70.5,63.2,74.8,63.6,69.7,69.4,70.1,80.9,54.7,67.4,53.5,67.5,53.6,67.1,52.7,43.2,55.8,42.8,42.5,44.4,,
8066796254,2124272,12/20/2012,48.5,42.4,50.1,42.8,49.7,43.2,43.3,49.5,42.5,50.5,42.7,44.3,50.2,42.9,64.9,50.2,52.1,57.2,59.4,53.2,65.9,65.9,61.3,64.7,72.9,69.5,64.1,72,69.9,64.5,72.5,72,71.8,64,79.7,77.4,70.7,74.5,76.8,69.7,77.5,74.2,56.2,52.5,42.9,50.8,45,42.5,,
8066796254,2124272,12/19/2012,49.4,42.9,41.8,50.4,42.4,49.5,44.4,42.4,51.3,44.3,42.3,43.1,54.4,43.9,67.5,45.2,52.2,47.2,54.8,58.2,57.4,48.6,62.2,60.2,68.8,62.8,72,69.8,68.8,66.2,65.2,69.1,63.9,75.3,81.4,73,78.4,76.8,70.7,73.3,76.1,74.2,54,52.7,42.4,54.9,42.7,47.7,,
8066796254,2124272,12/18/2012,53.1,42.4,53.6,42.8,53.3,42.8,42.9,52.7,42.1,53.3,42.3,52.1,42.5,44,70.6,54.5,50.6,59.7,61.7,50.8,61.7,62.4,65.1,60.3,69.9,53.3,47.4,67.4,60.8,64,53.1,72.4,70.3,70.1,76.3,80.1,78.8,73,74.7,78.7,71.7,69.9,62.8,43.6,49.1,41.7,49.7,42.4,,
8066796254,2124272,12/17/2012,45.2,42.4,53.7,43.2,53.3,43.1,42.9,51.2,42.9,50.6,42,51.4,43.1,52.1,74.9,46.8,62.2,64.3,63.7,74.7,74.2,61,74,74.4,64.1,72,72.9,71.6,64.7,71,77.1,71,64.5,77.5,80.7,69,81.9,82.2,71,77.6,77.5,74.9,55.6,54.7,42.1,56.4,42.3,42.3,,
8066796254,2124272,12/16/2012,43.3,43.1,50.4,42.7,50.6,42.8,49.8,43.5,46.8,46.3,42.7,50.4,42.4,50.5,42.4,40.1,34,36.2,34.7,31.9,40.2,30.9,56.4,42.8,65.3,65.6,57,67.2,66.8,67.2,60.9,67.5,68.7,57.1,68.2,55.6,45.8,42.9,53.3,42.7,52.9,42.8,44.1,52.5,42,52.5,42.7,52.2,,
8066796254,2124272,12/15/2012,44.1,48.9,46.6,43.7,52.4,43.7,47.7,49.7,43.9,52.9,46.3,43.3,46.2,54.1,66.8,45.2,54.7,51.6,44.8,47,64,65.6,56.3,66.6,58.6,42.4,49.1,51.7,47.4,54.4,63.9,71.1,59.1,67.4,66,44.4,53.1,44.1,51.3,43.5,43.3,50.9,43.2,50.1,42.5,50,42.9,50.8,,
8066796254,2124272,12/14/2012,52.4,44.3,43.5,55.3,44,43.7,48.9,50.9,44,43.7,70.2,54.4,61.7,53.7,64.7,42.7,52.7,41.3,57.1,53.1,57.1,55.5,53.2,48.5,53.5,57.2,49.4,52.8,56,66.2,54.9,70.3,72.9,70.9,99,86.5,67.6,75.7,75.2,58,69.4,64,57.6,52.5,43.9,51.7,44,50.6,,
8066796254,2124272,12/13/2012,50.1,43.3,50.6,43.1,44.4,51.7,42.8,51.2,43.7,42.7,52.2,44,43.1,54.1,61.6,46.2,51.6,51.6,53.3,46.4,53.7,55.6,48.6,57.2,52.4,56.3,47.1,56.2,56.7,58.9,52,64.9,66.4,71.7,71.1,79,76.9,75.1,70.2,75.3,75.6,65.7,63.7,51.4,44.4,43.5,51,43.7,,
8066796254,2124272,12/12/2012,43.7,42.9,50.5,43.2,50.9,43.3,47,47.9,42.7,52,43.2,42.5,53.2,43.9,60.1,55.6,48.3,58.6,67,57.8,65.9,66,64.7,51.7,56.3,57.6,59.7,65.3,71.6,71.1,63,72,71,72.4,72.4,77.6,78,73.7,75.1,79.7,77.4,65.7,64.9,52.1,44.1,42.5,50.4,43.6,,
8066796254,2124272,12/11/2012,53.5,43.2,49.5,47.1,43.1,55.3,43.5,52.2,43.2,45.2,48.1,42.9,50.8,42.9,62.6,52.9,51.7,61,62,56,71.7,76,63,70.1,73.3,69.5,60.9,55.3,67.4,56.7,67.9,71.4,71.1,66.6,81,81.7,69.7,79.4,80.7,70.2,79,76.4,54.8,56.2,42.9,50.9,42.7,50,,
8066796254,2124272,12/10/2012,45,43.9,57.9,43.5,55.9,44.1,43.3,53.6,43.9,53.1,42.9,54,43.1,47.2,68.2,49.3,60.9,62.1,64.4,73.8,78.4,80.7,78.6,73.3,76.4,78.7,88.3,94,74.7,90.2,98.1,83.7,107.6,107.9,90.2,93.4,84.1,103.3,76,76.7,80.1,77.4,68.4,54.7,42.5,39.8,52.9,40.6,,
8066796254,2124272,12/9/2012,43.5,57.5,43.6,43.9,57.1,43.6,56.8,44.3,47.4,53.6,43.9,57.1,43.3,53.9,43.9,33.9,47.9,34.2,44.8,33.5,36.3,41,58.6,46.6,69.1,69.3,65.7,62,68.3,71.4,58.7,68.4,75.5,59.4,68,54.5,49.1,45.1,55.5,44.1,54.4,44.4,52,48.9,43.5,56.8,43.6,56.2,,
8066796254,2124272,12/8/2012,43.3,44,55.2,42.8,57,43.2,48.5,51.8,43.9,57.2,44.1,52.8,44.7,43.6,70.1,48.1,54.8,67.6,54.3,70.2,72.6,63.7,66.3,70.2,66.4,66,59.5,64.7,70.6,71.4,59,74.8,73.3,66,63.5,57.5,44.7,57.5,44.4,44.4,57.4,43.1,57,43.5,47.2,52.8,43.3,55.1,,
8066796254,2124272,12/7/2012,44.1,48.6,46.7,43.7,51.8,43.5,52,44.1,43.3,51.6,60.8,63.2,54.7,61.6,58.5,55.3,48.6,66.7,68,69.9,63.9,70.9,71.4,67,67.6,73.2,70.7,61.8,72.1,73.7,65.7,73.4,77.6,71.4,79.2,83,68.4,61.4,68.2,62.2,58.2,69.3,66.8,45.2,42.5,56.8,43.1,57.6,,
8066796254,2124272,12/6/2012,57.1,50.8,58.2,50.2,58,51.2,50,59,51,50.2,60.9,51.2,50.4,61.6,66,50.8,57.1,57.5,49.8,58,57,48.3,56.3,56.6,54.3,48.1,54.8,56,50.1,59.4,60.6,64.8,62,72.8,83,75.2,72.6,77.8,79.4,69.1,79,77.8,58.2,52.9,43.9,52.4,44.3,50.1,,
8066796254,2124272,12/5/2012,41,53.6,41.2,43.6,50.9,40.6,54.1,43.2,54.1,44,48.3,50,42.5,56.4,61.7,59,54.1,71.4,68,61.3,73.8,71.4,59.5,73.3,69.1,57.1,52,61.4,59.3,59,64,69.1,67,77.9,84.2,72.1,80.6,79.8,75.2,74.8,80.2,75.7,64.1,60.6,50.4,59.9,50.4,50.5,,
8066796254,2124272,12/4/2012,43.2,55.9,44.5,42.3,56.8,42.5,55.5,42.5,55.1,42.8,42.9,55.1,42.1,55.1,65.6,52.2,53.2,75.9,61.6,64.3,64.4,67.6,74.7,86.9,93.6,91.5,91.9,97.3,96.5,99,104.1,107.2,107.3,108.9,116.9,114.1,112.9,91,111.6,89,112.5,91.3,91.7,44,47.8,47.8,40.6,52.9,,
8066796254,2124272,12/3/2012,38.9,37.9,38.6,38.7,38.2,39.3,37.9,38.9,38.3,37.9,38.2,37.5,37.9,38.1,43.3,40.2,39.3,39.2,42.8,43.7,46,41.8,39.2,39.2,41.3,41.6,41.3,50,107.7,107.9,109.8,110.4,109.1,111.4,116.6,95.4,84.8,87.1,83.8,83,83.4,79.1,60.6,51.8,42.1,54.8,42.4,55.5,,
8066796254,2124272,12/2/2012,39.2,38.1,38.9,38.6,38.6,38.7,38.2,38.9,38.3,38.6,38.2,38.7,38.6,39.2,34.3,29.3,29.2,28.5,29,27.3,26.6,26.2,31.7,28.2,28.9,32.7,34.6,36,36.9,45.8,51,50,50.9,52.9,52.2,40.6,39.2,39,38.7,38.6,38.6,39,38.5,38.3,38.1,38.2,38.3,38.6,,
8066796254,2124272,12/1/2012,39.4,39.7,39.4,39.6,39.4,39.6,39.3,39.2,39.7,38.9,39.6,39.4,38.9,40.1,42.8,39.3,35.8,33.3,39.6,43.3,50.6,49.1,45.1,37.9,37.4,38.5,37.1,38.1,39.3,42.5,45.8,50.1,51.3,53.2,49.7,40.6,39.4,38.7,39.4,38.9,39.4,39.4,38.6,39,38.1,38.7,38.5,38.1,,
8066796254,2124272,11/30/2012,38.3,37.7,38.2,38.2,37.7,39.4,37.5,38.2,37.8,37.7,47.7,47.1,48.3,48.3,43.6,39.6,40.4,38.9,42,45.4,47.1,47.5,48.2,49.7,46.7,48.9,54.4,59.8,57.9,51.7,50.9,55.8,57.1,62,66,64.5,49.7,48.7,49.5,48.6,49.7,48.7,49.4,39.7,38.9,39.3,39.6,39.7,,
8066796254,2124272,11/29/2012,45.5,44.5,45.9,45,45.2,45.4,45.1,45.6,44.7,46,45.5,45.1,45.5,45.5,49.3,45.6,48.2,49.8,53.5,47.5,46,50,52.2,53.5,51,43.9,42.3,42.7,45.8,49.7,48.3,53.2,54.4,58.9,64.8,64.9,63.6,63.2,63.2,63.3,63.3,60.3,48.9,39.3,37.7,37.8,38.1,37.9,,
8066796254,2124272,11/28/2012,37.1,37.8,37.9,37.1,37.9,37.1,37.8,37.3,37.4,38.1,37.9,38.2,38.2,38.6,42.5,39.7,40,44.1,50.4,51.4,46.4,43.9,45.6,47.2,46.3,45.2,46,47.5,44.4,44.5,49.3,56.4,55.9,58.7,65.3,65.1,62.2,62,62.2,61.7,61.6,60.2,55.5,46.8,44.4,45.4,44.8,45.4,,
8066796254,2124272,11/27/2012,37.3,37.5,37.3,37.3,37.3,37.3,37.1,37.5,36.9,37.5,36.7,36,37.3,37,41.6,41,42.9,45.4,48.1,51.7,58.3,58.6,58.6,59.3,59.5,59.8,57.6,58.7,60.8,61.4,61.4,62.2,61.8,61.7,66.7,66.6,64.1,64.9,64.5,63.6,63.9,60.3,49.4,38.5,37.9,38.2,37,37.9,,
8066796254,2124272,11/26/2012,37.3,37.3,38.2,37,37.7,37,37.8,37.4,37,37.8,36.3,37.3,37.1,37.9,41.4,39.2,39.4,34.2,41.3,42.7,41.3,41.7,41.7,40.8,41,41.2,43.6,42.7,42.9,44.1,47.5,52.5,54.5,57.6,66,64.9,62.4,61.6,62.2,63.2,62,60.5,48.9,38.1,37.5,36.6,37.1,37.4,,
8066796254,2124272,11/25/2012,37.8,37.9,37.7,37.7,38.1,37.1,38.3,37.3,37.8,37.8,37,37.8,37.4,38.2,31.3,29.4,28.2,27.5,26.3,26.9,27.3,25.1,35.2,36.5,40.4,40.9,44.4,48.2,46,39,39,45.6,46.8,51.3,49.8,39,38.6,37.9,37.8,38.5,37.8,37.9,37.5,37.3,37.4,37.1,36.6,37.7,,
8066796254,2124272,11/24/2012,43.3,44.4,43.7,43.6,43.7,43.1,44.3,43.1,43.5,43.5,42.9,43.5,43.3,44.5,46.8,46.4,45.9,45.6,48.6,49.5,50,49.1,49.3,44.7,49.3,48.9,43.6,45.2,42.5,51.6,51.3,49.4,47.7,52.1,49.7,39.7,38.9,38.6,38.7,38.7,38.9,38.7,38.5,37.3,37.4,37.7,37.1,37.9,,
8066796254,2124272,11/23/2012,43.9,43.7,44.7,43.3,44.8,43.5,44,44,43.2,44,53.2,54.3,54.1,55.1,46.6,41.8,39.7,36.6,33.8,32.3,30.6,28.6,29,27.3,32.9,29.7,27.8,27.4,36.2,34,37.8,39.7,40,41.3,52.5,53.7,54.4,54.1,53.6,53.7,54,53.6,53.5,44.1,43.3,43.3,42.9,44,,
8066796254,2124272,11/22/2012,44,42.9,43.9,43.2,43.3,43.5,43.6,43.2,43.6,43.2,43.7,44.1,43.9,45,45.2,42.1,38.5,35.6,34.6,32.1,31.5,29.4,29.2,28.5,27.7,28.6,27.5,27,29,30.8,33.1,38.3,41.6,45.6,53.7,54.3,54.8,54.1,54.7,53.9,54.7,53.9,54.4,45,43.3,44.3,43.3,44.3,,
8066796254,2124272,11/21/2012,37.9,37.4,37.5,37.4,37.5,37.3,37.5,37.1,37.5,37.5,37.3,37.9,37.7,38.5,38.9,37.1,36.2,34.2,35.4,35.6,37.8,42.7,42.5,41.4,42,41.4,41,41.7,42.1,42.4,45,50,52.8,57.2,64.9,63,60.9,59,60.2,58.7,59.4,59,54,45.9,43.6,44.3,43.9,43.1,,
8066796254,2124272,11/20/2012,36.9,36.6,37.3,36.6,37.3,36.5,37,36.9,36.5,37.9,36.3,37.4,36.9,37.5,39,39.3,40.9,44.3,46,48.2,46.4,44.4,48.6,53.7,55.2,53.6,52.5,54.1,53.5,53.3,57,57.4,56.7,57.9,65.3,62.9,62,61,62,62.5,60.5,59.3,47,38.9,37.3,37.3,37.5,37.3,,
8066796254,2124272,11/19/2012,37.1,37.1,37.7,36.7,37.9,37.1,37.4,37.5,36.6,37.5,36.7,37.3,36.7,37.3,39.2,41.3,41,40.9,48.9,54.8,54.8,55.2,55.3,54.3,54.8,49.8,44.4,44.7,39.4,45.5,52.5,53.3,57,56.4,65.7,65.3,64,62.6,62,62,61,59,47.8,38.5,37,37.4,37,37,,
8066796254,2124272,11/18/2012,37,38.1,37.4,37.1,37.8,36.9,37.4,37.1,36.9,37.1,37.1,37.3,37.1,37.9,29,27.4,25.5,25.9,20.9,22.1,20.7,21.1,32.1,29.3,31.5,34.6,40.8,42.3,39.4,43.2,47.4,48.7,50.4,50.4,49.1,38.9,37.8,37.8,37.9,37.8,38.1,37.9,38.2,37.4,36.9,37.7,37.4,37.8,,
8066796254,2124272,11/17/2012,36.3,37,36.9,36.7,37,36.7,37,36.7,37,37.3,37.3,37,37.4,37,37,34.7,30.8,29.6,36.3,37.3,37.7,35.9,35.6,33.9,35.5,35.6,35.9,36.7,38.9,39.8,40.2,45.2,47.5,50.2,47.9,39,37.5,37.9,37.9,37.7,38.5,37.5,38.2,36.9,37.4,37.4,36.7,37.8,,
8066796254,2124272,11/16/2012,35.2,35.5,35.2,35.4,35.4,35.6,35.2,35.4,35.5,35,47.5,46.8,47.8,46.8,39.2,39.7,39.4,41,51.4,51,42.3,44,42.3,40.9,42.3,42.4,38.2,42,42.8,44.8,48.3,50.1,51.6,55.5,64.7,61.4,48.3,47.8,48.1,47.4,48.9,47.2,48.2,38.5,37,37.4,36.5,37.8,,
8066796254,2124272,11/15/2012,36,36.5,35.6,36.7,35.8,36.6,36.6,35.8,36.7,35.4,36.6,36.2,36.7,36.2,38.9,40.5,42.3,44.5,45.8,46.7,55.6,55.1,55.5,56,55.5,54.3,53.3,52.7,57.5,57.2,57.6,59,60.1,61.2,66.8,66.3,64.3,62.5,63.7,62.5,63.2,61,48.5,37.1,35.4,35.6,35,35.2,,
8066796254,2124272,11/14/2012,35.1,36.3,35.9,35.9,36.6,35.5,36.7,35.6,36.5,36.3,35.9,36.9,36.5,35.9,38.1,40.8,38.3,40.4,42.5,42.3,40.9,42,40.8,40.5,42,41.7,42.7,41.2,45.1,48.6,47.4,53.9,57.1,59.7,65.5,64.3,63.5,62.4,62.6,61.8,62.2,59.1,48.3,37.4,36.5,36,36.5,35.9,,
8066796254,2124272,11/13/2012,33.6,35.4,36.2,36.5,36,35.8,35.9,36.2,36,36.2,36.2,35.8,35.8,34.6,39.8,41.6,41.8,44.7,51.8,54.8,54.9,49.4,50.1,49.8,51.2,41.8,39.7,39.6,39.8,41.7,43.5,47.4,52,54.8,62.8,63.5,63.7,64.1,64,64.4,63.7,60.6,48.9,37,36.5,36.2,35.5,36.9,,
8066796254,2124272,11/12/2012,35.9,35.9,36.2,36,36.7,35.9,36.2,35.9,35.6,36,35.1,36,35.1,34,38.3,35.9,36,37,44.8,49.4,45.1,41.7,41.6,45.1,45.1,39.4,49.1,53.1,52.5,55.1,56.3,58.9,56.8,60.1,65.6,66.7,65.7,65.2,67.2,66,65.3,63.2,50.6,35.4,32.5,33.3,33.2,33.2,,
8066796254,2124272,11/11/2012,35.8,36.9,35.9,36.5,36.3,36.5,36,36.7,35.8,37,35.8,36.3,36.2,33.6,27.1,23.2,20.7,17.7,15.9,14.3,12.6,11.9,22.5,20.5,26.3,30.8,31.6,33.3,32.8,36,40.1,47.8,48.7,47.8,48.1,35,34.7,36.5,35.9,37,35.5,36.6,35.5,35.1,35.4,35,36,35.4,,
8066796254,2124272,11/10/2012,35.4,36.6,35.6,36.3,36.7,36,36.3,36.2,36.3,36.2,35.8,36,36.9,33.2,38.3,34.4,33.5,31,34.7,34.8,40.1,37.3,36.9,36.2,34.4,34.6,35.1,40.6,43.6,48.2,49.3,48.7,49.1,46.3,44.4,36.7,37,36.6,36.6,36.5,37,36.5,37.1,35.6,36.3,36.6,35.8,36.9,,
8066796254,2124272,11/9/2012,36.2,35.9,36.6,35.6,37.1,35.8,36.6,36.2,36.2,36.3,47.1,48.6,48.7,45.4,38.6,36.2,35.6,34.2,33.9,35.8,34,32.9,32.7,37.9,39.7,39.7,40.1,40.4,38.7,40.9,43.3,46.3,52,54.5,61.6,61.8,50.4,48.3,48.6,48.3,48.2,48.3,48.2,37.1,36.2,36.3,35.5,36.7,,
8066796254,2124272,11/8/2012,35.8,36.7,35.8,36.7,36.6,36.3,36.6,35.9,36.2,35.6,35.6,36.7,36.6,33.1,38.6,39.2,41.4,42.4,46,46.4,49.5,42.8,42.3,41,40.8,39,39.3,39.8,40.1,43.1,43.5,46.6,51,56.2,62.6,64.5,62.6,61.4,61.4,61.6,61.3,59.3,48.6,36.7,36.2,35.5,36.2,35.9,,
8066796254,2124272,11/7/2012,51,51.6,51.2,51.4,50.5,51.4,51.7,51.6,51,51.7,50.8,52.8,51,48.5,45.5,47.7,49.5,51.7,54.8,54.7,57.4,53.5,53.9,56.4,58.2,56.6,55.9,55.9,59.1,60.5,61.3,60.1,61.3,59.1,63.2,64,65.1,63.3,64.3,63.9,61.4,59.9,48.5,37.9,36.5,36.6,36,36.2,,
8066796254,2124272,11/6/2012,37.8,37.3,38.2,36.6,36.5,35.5,37.1,35.9,36.3,40.2,41.6,41.4,41.6,40.1,39.7,38.1,35.8,36.7,36.5,36.5,38.9,40.4,40.8,41.8,40.8,40.5,40.6,43.6,44.7,53.2,56,54.9,57.5,58.6,63.3,65.3,66.7,64.7,64.4,64.1,63.7,61.6,56.4,51.8,52.1,51.2,52.1,51.4,,
8066796254,2124272,11/5/2012,39.3,40,38.9,40,37.5,38.6,38.3,38.5,38.6,38.5,37.9,38.9,38.5,37.4,40.6,40.9,42.5,42.9,52.8,49.4,43.1,40.1,40.4,40.6,42.8,41.3,43.2,42.3,42.5,46.3,47.1,51.6,54.8,57.4,62,66.2,64.4,63.3,62,63,61.6,59.1,42.8,37.5,38.3,37.4,38.1,37.3,,
8066796254,2124272,11/4/2012,41,41.2,40.5,40.5,40.5,40.2,39.6,40.4,40,40.6,39.7,40.2,40,39.8,40.4,38.3,37.8,39.4,37.5,37.5,33.3,29.4,24.8,25.8,25.1,26.3,28.9,31.2,35.8,36,37,40.1,42.7,43.6,47.9,49.4,45.5,46.7,47.8,46.7,48.3,47.9,48.3,47.4,41,39.4,39,39.4,39.7,39.4
8066796254,2124272,11/3/2012,43.1,44,43.3,43.3,43.2,43.7,41.6,43.1,41.4,42.8,41.7,42.7,42.1,42.8,44.7,43.1,43.5,44,50.4,53.9,48.6,47.7,48.3,53.5,51.8,55.9,55.3,51.8,53.1,52,51.7,53.7,53.6,53.2,49.7,46.8,52.5,54.1,50,49.4,49.5,49.8,50,48.6,43.3,40.5,41,40.8,,
8066796254,2124272,11/2/2012,40.2,40.9,40.1,41.4,40.8,41,40.4,40.4,40.5,40.8,42.4,43.2,42.9,43.2,43.3,41.3,46,47.2,48.5,48.5,54,53.2,47.5,49.4,49.7,48.7,55.1,55.1,60.2,59.3,61.7,61.3,64.1,59.4,61,57.8,58.5,54.4,54.5,54.4,53.7,54.5,54.3,51.4,46,43.5,43.1,43.6,,
8066796254,2124272,11/1/2012,42,40.9,42.1,41.6,42,41.3,41,40.1,41,40.1,40.8,40.1,40.6,39.8,43.7,41,45.1,49.1,53.9,57.5,58.6,57.1,60.2,60.2,58.3,58.3,61.7,59.8,59.5,59.7,58.3,57.9,60.6,59.7,61.4,61.6,65.2,68.2,67.8,68,67.6,63.9,52,50.1,42.5,41.2,40.2,40.8,,
8066796254,2124272,10/31/2012,39.2,39.3,38.7,39,39.2,38.6,38.7,39.6,39.6,39.4,39.3,38.7,39.4,39.6,41.8,40.8,45.5,46.2,43.1,54.4,55.6,54.3,56.3,50.2,53.1,49,50.2,47,57,56.4,55.8,58.9,59.4,61.8,60.5,58,62.2,65.9,65.7,66.2,66.2,64.4,53.3,49,43.5,41.4,42.1,41.4,,
8066796254,2124272,10/30/2012,27.9,28.8,28.1,28.5,28.1,28.8,28.1,28.8,28.8,28.1,28.2,28.4,27.8,28.2,40,37.1,40.4,40.2,40.5,39.4,40,39,39.2,38.1,38.7,37.9,40.1,39.3,39.2,39.4,37.5,36.7,37.7,40,40.9,40.9,46.6,53.1,51.4,51,50.6,50.2,51,47.4,41.6,39.2,39.2,38.9,,
8066796254,2124272,10/29/2012,41.2,37.8,32.7,45.5,32.9,46.2,33.3,39.7,37.5,32.4,45.5,32.5,45.5,33.2,56.8,45.8,52,57.1,53.9,49.4,58.7,55.9,49.3,58.6,55.2,46.3,54.3,55.2,45.2,55.8,52.5,45.5,41.6,36.5,36.6,36.5,39.3,45.8,45.1,46,46.2,45.6,46.3,37.1,30.4,28.1,27.9,28.1,,
8066796254,2124272,10/28/2012,30.1,43.1,30.5,41.6,31,35.9,37,30.8,41.4,30.1,44.4,30.9,40.2,39.6,33.3,40.6,32,44.3,31.3,34.4,42.9,30.1,42.5,30.8,67.9,63.5,55.3,71.3,70.2,67.4,55.9,66.3,67,50.9,54.9,53.7,45.1,56.7,41.7,52.1,41.7,52.4,43.9,40.4,47.1,32.4,45.5,33.1,,
8066796254,2124272,10/27/2012,41.8,30.4,45.2,30.6,40,32.7,30.2,42,30.8,43.9,30.6,38.7,33.5,31.5,61,51.8,43.3,61.4,74.4,57.4,63.5,63.7,70.5,83.4,89.4,87.3,93.3,95.4,94.4,99.1,99.2,100,101,99.5,75.2,44.8,32.9,43.6,46.6,39,50.8,39.4,51.4,38.3,44.8,30.1,30.8,41.4,,
8066796254,2124272,10/26/2012,42.7,29.6,29.3,42.3,29.3,42.1,29.8,40.2,29.4,29.3,62.8,61.2,64.9,57.6,54.5,52.4,52.2,65.7,79.4,82.9,83,91.7,94.2,83.3,97.1,101.7,103.1,105.2,107.6,107.2,88,105.6,103.4,107.3,107.6,104.8,93,88.8,81.5,70.7,77.2,89.5,65.9,45.9,32.7,52,30.6,30.5,,
8066796254,2124272,10/25/2012,29.6,35.8,35.9,29.3,42.5,29.8,40.6,29.8,42.8,29.6,29.4,40.5,28.9,41.4,68.4,52.4,72.5,62.9,81.7,79,80.6,96.3,72.9,84.4,97.2,79.4,107.7,101,96.7,97.3,96.9,99.4,100.3,103.7,104.8,106,107.7,113.8,112.2,112.3,110.6,78,82.9,38.2,43.5,29.4,40.1,29.3,,
8066796254,2124272,10/24/2012,30.1,35.6,37.8,31.6,43.9,32,45.2,32.4,40.2,35.5,31.9,42.1,31.6,43.3,60.5,64.9,59.1,59,74.2,74,101.7,76.4,104.2,101.4,103.1,106.7,99.2,100,99.5,100,106.2,103.5,103.3,109.3,108.5,108.7,110.4,114.2,113.8,111.4,110.7,108.9,97.3,47.4,32.1,40.9,29.6,43.3,,
8066796254,2124272,10/23/2012,31.6,42.4,32.3,32.1,44.5,32.3,44.4,32.3,44,32.4,38.5,37.5,31.7,44.4,55.5,53.3,46.2,63.3,72.1,76,73.2,95.6,94.9,96.3,95.3,98.1,99.1,98.7,101.1,101.9,100.7,110.2,111.6,106.8,111.4,111,111.1,114.9,114.9,111.6,109.9,106.4,95.4,45.2,31.7,44,29.8,40.6,,
8066796254,2124272,10/22/2012,27.8,26.5,27.9,26.9,27.7,27.8,27.3,27.8,27.3,27.5,27.5,27.4,27.5,27.7,38.5,34.7,38.1,37.7,39.8,71.7,56,68.7,91.5,91.3,91.4,91.8,91.7,92.7,92.9,93.7,92.3,95.2,98.3,100.6,101,102.7,103.5,99.2,81.8,75.7,77.9,78.8,67.8,40.1,45.9,31.6,31.6,57.2,,
8066796254,2124272,10/21/2012,27.3,26.9,26.9,26.9,27.7,27,28.1,26.9,27.8,27.1,27.5,27.5,27,28.4,27,22.1,23.8,21.5,19,16.5,14.7,12.8,22.8,23.6,29.2,28.2,32.7,33.9,35.6,35.4,35.2,37.8,39.2,39.8,31.6,22.4,24.7,35.4,35.4,35.9,35.2,35.6,35.6,35.4,29.2,27.7,27.1,26.7,,
8066796254,2124272,10/20/2012,26.7,27.1,26.7,26.7,27.5,26.9,28.1,27,27.9,27.7,27.3,27.5,27,27.3,39.4,34.6,36.5,34.4,35.2,39.2,38.9,33.2,31.5,34.8,36,34.8,37.8,37,48.6,48.3,49.5,47.1,44.5,48.5,38.9,25.6,24.6,32.5,33.1,35.2,34.8,35.9,34.3,34.4,29,26.3,26.7,26.5,,
8066796254,2124272,10/19/2012,24.6,24.8,25.2,24.7,25.6,24.4,25.9,24.6,24.8,25,38.6,41.3,41,41.3,40.2,36.7,44.4,46.3,53.1,60.2,59.1,60.6,59.4,57.8,59.5,52.9,55.5,50.2,50.6,52.1,50.4,52.4,60.8,61.7,59.7,55.2,43.6,51.3,51.3,51.8,51,51.4,52.1,36.3,29.3,26.7,26.5,26.7,,
8066796254,2124272,10/18/2012,26.6,27.3,27.3,26.6,27.7,26.5,27.7,26.9,27.8,27.7,27,27.3,27.1,27.5,37.9,35.2,40.6,38.5,39.6,38.5,41.4,41.4,38.9,43.2,45.4,44.7,47,48.3,51.7,54.3,57.4,53.3,48.2,58.6,57.6,59.8,59,66.4,66.3,67.1,66.6,64.9,52.7,34.6,27.4,24.4,24.6,24.7,,
8066796254,2124272,10/17/2012,27.1,28.1,27.5,28.1,27.4,27.7,27.7,27.8,27.7,27.5,27.3,27.3,27.7,27.3,38.3,39.4,42.9,41.2,40.9,43.9,50.2,49.3,48.1,42.9,40.2,37.9,40.1,41.2,41.2,42.4,41.3,43.1,45.9,48.9,48.9,50.2,52.5,58.6,58.7,59,58.2,57.4,48.7,36.5,29.8,27.9,26.5,27.4,,
8066796254,2124272,10/16/2012,26.6,26.5,26.6,26.6,26.9,26.3,26.9,26.5,26.6,27.1,26.3,27.5,26.2,27.1,36.9,33.3,39.4,36.2,40.4,45,46.4,47,50.8,47.8,42.1,41.8,43.7,40.5,39.3,40.5,38.1,41.7,42.8,45.1,46.2,48.9,52.5,62.5,65.3,66,64.8,59.8,49.4,36.9,30.5,27.3,27.7,27.5,,
8066796254,2124272,10/15/2012,24.6,24.3,24.4,24.6,24.2,24.7,24.3,24.8,24.6,24.2,24,24.3,23.4,24.6,37,37.3,44.1,46.3,51.3,56.7,60.2,59.7,57.1,59.5,61,60.1,62.4,60.6,59,59.9,56,58,53.9,58.2,58.6,60.1,59.3,65.1,67.4,66.7,64.4,63.6,49.4,34.3,29.4,25.9,27,26.5,,
8066796254,2124272,10/14/2012,32.9,33.9,33.8,33.3,34.6,33.5,33.9,33.6,34,33.3,34.2,33.1,33.9,32.9,31.3,27,30.2,28.1,25.6,26.2,23.8,20.9,30.5,30.6,35.4,33.5,33.3,35,35.8,37.7,39.3,42.5,44,46.6,40.1,25.4,24.2,29.3,33.5,32.1,32.9,32.7,32.1,32.3,25.8,25,24,24,,
8066796254,2124272,10/13/2012,33.3,34.2,33.9,34,33.6,34.8,33.2,35,33.3,34,33.8,33.6,33.3,34.2,41.6,39.6,42,39.8,38.9,40.4,37.8,36.9,34.7,34.6,33.8,34.3,35.5,34.4,36,32.8,35.2,36.5,38.7,38.1,37.5,31.5,33.1,38.3,41.6,42,41.8,42.4,42.1,41.4,35.6,33.6,32.9,33.8,,
8066796254,2124272,10/12/2012,27,27.8,26.9,27.3,27.4,27.3,27.1,27.8,26.5,27.8,37.1,38.6,38.1,38.7,35.8,34.3,37.7,37.1,45.4,44.4,44.5,42.1,37.7,38.1,38.5,36.9,35.1,35.4,38.2,39.4,39.8,42.4,42.8,46,47.2,46.8,46.2,49.3,53.2,53.1,53.2,52.5,52.8,42.1,36,34,33.2,34.2,,
8066796254,2124272,10/11/2012,33.1,33.1,32.9,33.6,33.9,33.8,33.6,34.2,33.2,34.2,33.1,33.3,32.9,34.3,40.5,40,45.4,45,43.6,45.6,44.1,43.3,39.4,38.3,37.9,38.9,39.6,37.5,36.9,38.1,37.9,39.3,41.2,42.5,42.7,44.3,47.7,54.9,61.2,59.4,60.3,57.5,46.7,35.8,29.8,26.6,27.5,26.9,,
8066796254,2124272,10/10/2012,26.2,27.4,26.1,27.3,26.7,27.1,26.5,27.5,26.6,26.7,26.6,27,25.8,26.7,33.5,33.3,38.2,37.1,37.3,35.5,41.6,42.9,44,41,48.3,42.9,38.3,39.8,37.8,38.6,37.1,41.4,43.1,45.8,48.5,50.8,52.8,56.4,61.6,59.5,60.5,56.6,50.9,40.6,34.8,32.3,33.5,32.7,,
8066796254,2124272,10/9/2012,25.4,24.7,25.2,25.4,24.8,25.1,25.2,25.6,24.6,25.5,24.4,25,24.6,25,30.9,31.7,41.4,42.8,44.4,55.1,56.3,58.2,57.4,56.4,55.3,54.3,54.9,52.5,53.3,52.1,47.5,48.1,48.5,49.8,48.5,47.5,49.5,54.1,57.9,57.5,58.2,57,43.9,36.3,28.9,27.5,26.9,27.4,,
8066796254,2124272,10/8/2012,25.5,24.6,25,25.2,25.1,24.8,25.4,25.5,24.6,25.1,24.7,24.7,24.3,25.1,30.4,29.4,35,33.6,33.5,33.3,34.2,32.7,34.2,33.8,32.5,32.1,32.1,32.8,32.7,31.7,31.3,33.3,33.2,33.6,32.7,34.4,34,38.1,43.5,42.9,42.9,43.7,43.3,33.2,27.4,24.8,25.1,25.1,,
8066796254,2124272,10/7/2012,29,41.7,29.7,40.9,30.2,34,37.1,29.8,40.9,29.8,41,29.7,33.8,37,24.8,36.5,29,42.1,37.4,28.9,39.2,28.6,51.8,40.9,46.3,44.8,44.5,47.9,46,46,45.9,45.5,47.4,45.1,35.2,25.9,25,28.2,32.8,33.6,32.8,32.9,33.5,32,27,24.7,25.2,24.2,,
8066796254,2124272,10/6/2012,29.6,31.6,40.6,29,40.6,29.3,41,29.6,31,40.2,29.3,40.8,29.4,40.6,76,82.2,85.2,85.7,91.7,89.9,92.3,99.2,93.2,90.7,90.2,95,102.7,106.7,104.5,103,94.9,96.7,91.5,90.3,78.7,31.6,26.9,45.4,37.5,47.8,39.4,37,49.5,36.7,42.4,29.3,37.8,32.5,,
8066796254,2124272,10/5/2012,24.6,24.2,24.4,24.6,24.2,24.8,24.4,24.3,24.6,24.2,40.5,40.6,37.7,36.3,32.8,31.3,45.2,69.3,75.9,88,93.4,94.1,94.8,94.9,96.4,94.5,95.4,97.9,96.5,99.1,98,102.7,105.7,107.1,104.9,103.9,93.3,94.8,99,97.3,96.3,95.4,94.9,45.1,30.9,41,29.4,41.8,,
8066796254,2124272,10/4/2012,38.1,37.4,51.8,37.8,51.8,38.3,48.2,39.6,38.1,49.4,37.1,50.4,37.5,47.7,93,104.2,106.8,106.8,109.9,111.8,110.3,109.5,110.6,111.2,106.7,108.9,109.5,107.6,105.4,106.9,74.7,55.5,103.1,64.3,46.7,50.4,56.3,60.3,65.5,66.8,65.2,62.1,51.2,32.8,25.9,24,23.9,24.4,,
8066796254,2124272,10/3/2012,31.3,32,42,31,45.4,31.3,43.6,31.7,32.3,44,31,43.2,31.2,43.6,81.5,88.7,96.7,98.4,106,106.7,108.5,109.2,108.5,104.6,112.6,109.6,106.8,107.5,109.3,109.5,109.5,113.5,113.3,114.5,110.3,110.4,111.2,112.2,118.5,117.3,115.4,114.2,110.2,56,39.6,52.4,37.7,50.4,,
8066796254,2124272,10/2/2012,31.5,31.3,42.7,31.5,45.2,32,38.9,36.5,31.6,46,31.2,41.8,31.7,31.6,84.6,83.6,89.6,90.9,98.4,102.2,105,104.1,106.2,108.8,105,105,105.7,106.1,107.2,108.1,108.5,110.3,111.8,109.6,108.4,106.2,106.9,108.8,116,115.3,115.6,111.6,99.9,48.9,33.6,43.2,31.9,45.4,,
8066796254,2124272,10/1/2012,37.1,34.7,31.2,42.9,31.3,43.7,31.7,43.6,31.7,31.6,44.1,30.6,46.3,31.3,46.6,41.3,52.8,60.2,63.5,59.8,104.1,76.8,106.1,105.3,107.1,109.3,108.1,107.3,106.9,108.4,109.2,109.1,110.6,110.4,106,104.5,103.1,102.6,109.8,109.9,108.7,107.1,95.4,46.6,34,43.6,31.5,44.4,,
8066796254,2124272,9/30/2012,36,39.2,31.3,43.5,31.7,44.4,32.3,33.3,42.1,32,46.4,32.1,41.2,35.6,25.9,38.3,31.7,42.9,31.5,34,41,31.3,81,87.2,95,100.4,101.1,100.8,101,101.1,101.7,102.5,103,102.6,92.3,43.5,31.3,42.4,40.1,51.8,40.1,40.1,51.6,38.7,43.1,31.7,43.7,31.7,,
8066796254,2124272,9/29/2012,31.9,31.2,42.7,31.3,44.1,31.6,42.8,32.1,31.3,43.1,31.5,42.9,31.6,44.5,46,47.9,43.3,55.9,58.7,44.8,67.4,67.9,75.2,86.8,87.8,99,100.6,99.4,101.7,101.7,100.7,101.2,100.4,99.9,88.6,39.6,31.9,44,39.3,51.4,40.2,39.6,52.1,38.7,42.5,31.6,43.9,31.6,,
8066796254,2124272,9/28/2012,31.7,35.4,39.7,31.6,44.4,31.6,43.3,32,44.3,31.7,76,80.5,80.1,79.8,52.2,52.9,92.1,96,105,108,102.1,99.2,104.5,105.3,102.2,112.9,113.4,113,114.9,114.5,114.2,113.3,111.8,111.8,109.2,106.8,93.7,91,98.1,97.1,95.7,94.4,93.7,46.4,32.8,43.6,31.5,43.5,,
8066796254,2124272,9/27/2012,0,0,0,0,0,0,0,0,0,0,0,0,0,0,0,0,0,0,0,0,0,0,0,0,0,0,0,0,0,0,0,118.3,118.1,117.4,115.7,114.2,112.1,110.4,118,117.2,115,112.3,100.6,49,33.3,44.5,31.5,43.9,,
8066796254,2124272,9/26/2012,0,0,0,0,0,0,0,0,0,0,0,0,0,0,0,0,0,0,0,0,0,0,0,0,0,0,0,0,0,0,0,0,0,0,0,0,0,0,0,0,0,0,0,0,0,0,0,0,,
8066796254,2124272,9/25/2012,0,0,0,0,0,0,0,0,0,0,0,0,0,0,0,0,0,0,0,0,0,0,0,0,0,0,0,0,0,0,0,0,0,0,0,0,0,0,0,0,0,0,0,0,0,0,0,0,,
8066796254,2124272,9/24/2012,0,0,0,0,0,0,0,0,0,0,0,0,0,0,0,0,0,0,0,0,0,0,0,0,0,0,0,0,0,0,0,0,0,0,0,0,0,0,0,0,0,0,0,0,0,0,0,0,,
8066796254,2124272,9/23/2012,0,0,0,0,0,0,0,0,0,0,0,0,0,0,0,0,0,0,0,0,0,0,0,0,0,0,0,0,0,0,0,0,0,0,0,0,0,0,0,0,0,0,0,0,0,0,0,0,,
8066796254,2124272,9/22/2012,0,0,0,0,0,0,0,0,0,0,0,0,0,0,0,0,0,0,0,0,0,0,0,0,0,0,0,0,0,0,0,0,0,0,0,0,0,0,0,0,0,0,0,0,0,0,0,0,,
8066796254,2124272,9/21/2012,0,0,0,0,0,0,0,0,0,0,0,0,0,0,0,0,0,0,0,0,0,0,0,0,0,0,0,0,0,0,0,0,0,0,0,0,0,0,0,0,0,0,0,0,0,0,0,0,,
8066796254,2124272,9/20/2012,0,0,0,0,0,0,0,0,0,0,0,0,0,0,0,0,0,0,0,0,0,0,0,0,0,0,0,0,0,0,0,0,0,0,0,0,0,0,0,0,0,0,0,0,0,0,0,0,,
8066796254,2124272,9/19/2012,0,0,0,0,0,0,0,0,0,0,0,0,0,0,0,0,0,0,0,0,0,0,0,0,0,0,0,0,0,0,0,0,0,0,0,0,0,0,0,0,0,0,0,0,0,0,0,0,,
8066796254,2124272,9/18/2012,0,0,0,0,0,0,0,0,0,0,0,0,0,0,0,0,0,0,0,0,0,0,0,0,0,0,0,0,0,0,0,0,0,0,0,0,0,0,0,0,0,0,0,0,0,0,0,0,,
8066796254,2124272,9/17/2012,0,0,0,0,0,0,0,0,0,0,0,0,0,0,0,0,0,0,0,0,0,0,0,0,0,0,0,0,0,0,0,0,0,0,0,0,0,0,0,0,0,0,0,0,0,0,0,0,,
8066796254,2124272,9/16/2012,0,0,0,0,0,0,0,0,0,0,0,0,0,0,0,0,0,0,0,0,0,0,0,0,0,0,0,0,0,0,0,0,0,0,0,0,0,0,0,0,0,0,0,0,0,0,0,0,,
8066796254,2124272,9/15/2012,0,0,0,0,0,0,0,0,0,0,0,0,0,0,0,0,0,0,0,0,0,0,0,0,0,0,0,0,0,0,0,0,0,0,0,0,0,0,0,0,0,0,0,0,0,0,0,0,,
8066796254,2124272,9/14/2012,0,0,0,0,0,0,0,0,0,0,0,0,0,0,0,0,0,0,0,0,0,0,0,0,0,0,0,0,0,0,0,0,0,0,0,0,0,0,0,0,0,0,0,0,0,0,0,0,,
8066796254,2124272,9/13/2012,0,0,0,0,0,0,0,0,0,0,0,0,0,0,0,0,0,0,0,0,0,0,0,0,0,0,0,0,0,0,0,0,0,0,0,0,0,0,0,0,0,0,0,0,0,0,0,0,,
8066796254,2124272,9/12/2012,0,0,0,0,0,0,0,0,0,0,0,0,0,0,0,0,0,0,0,0,0,0,0,0,0,0,0,0,0,0,0,0,0,0,0,0,0,0,0,0,0,0,0,0,0,0,0,0,,
8066796254,2124272,9/11/2012,0,0,0,0,0,0,0,0,0,0,0,0,0,0,0,0,0,0,0,0,0,0,0,0,0,0,0,0,0,0,0,0,0,0,0,0,0,0,0,0,0,0,0,0,0,0,0,0,,
8066796254,2124272,9/10/2012,0,0,0,0,0,0,0,0,0,0,0,0,0,0,0,0,0,0,0,0,0,0,0,0,0,0,0,0,0,0,0,0,0,0,0,0,0,0,0,0,0,0,0,0,0,0,0,0,,
8066796254,2124272,9/9/2012,0,0,0,0,0,0,0,0,0,0,0,0,0,0,0,0,0,0,0,0,0,0,0,0,0,0,0,0,0,0,0,0,0,0,0,0,0,0,0,0,0,0,0,0,0,0,0,0,,
8066796254,2124272,9/8/2012,0,0,0,0,0,0,0,0,0,0,0,0,0,0,0,0,0,0,0,0,0,0,0,0,0,0,0,0,0,0,0,0,0,0,0,0,0,0,0,0,0,0,0,0,0,0,0,0,,
8066796254,2124272,9/7/2012,0,0,0,0,0,0,0,0,0,0,0,0,0,0,0,0,0,0,0,0,0,0,0,0,0,0,0,0,0,0,0,0,0,0,0,0,0,0,0,0,0,0,0,0,0,0,0,0,,
8066796254,2124272,9/6/2012,0,0,0,0,0,0,0,0,0,0,0,0,0,0,0,0,0,0,0,0,0,0,0,0,0,0,0,0,0,0,0,0,0,0,0,0,0,0,0,0,0,0,0,0,0,0,0,0,,
8066796254,2124272,9/5/2012,0,0,0,0,0,0,0,0,0,0,0,0,0,0,0,0,0,0,0,0,0,0,0,0,0,0,0,0,0,0,0,0,0,0,0,0,0,0,0,0,0,0,0,0,0,0,0,0,,
8066796254,2124272,9/4/2012,0,0,0,0,0,0,0,0,0,0,0,0,0,0,0,0,0,0,0,0,0,0,0,0,0,0,0,0,0,0,0,0,0,0,0,0,0,0,0,0,0,0,0,0,0,0,0,0,,
8066796254,2124272,9/3/2012,0,0,0,0,0,0,0,0,0,0,0,0,0,0,0,0,0,0,0,0,0,0,0,0,0,0,0,0,0,0,0,0,0,0,0,0,0,0,0,0,0,0,0,0,0,0,0,0,,
8066796254,2124272,9/2/2012,0,0,0,0,0,0,0,0,0,0,0,0,0,0,0,0,0,0,0,0,0,0,0,0,0,0,0,0,0,0,0,0,0,0,0,0,0,0,0,0,0,0,0,0,0,0,0,0,,
8066796254,2124272,9/1/2012,0,0,0,0,0,0,0,0,0,0,0,0,0,0,0,0,0,0,0,0,0,0,0,0,0,0,0,0,0,0,0,0,0,0,0,0,0,0,0,0,0,0,0,0,0,0,0,0,,
8066796254,2124272,8/31/2012,0,0,0,0,0,0,0,0,0,0,0,0,0,0,0,0,0,0,0,0,0,0,0,0,0,0,0,0,0,0,0,0,0,0,0,0,0,0,0,0,0,0,0,0,0,0,0,0,,
8066796254,2124272,8/30/2012,0,0,0,0,0,0,0,0,0,0,0,0,0,0,0,0,0,0,0,0,0,0,0,0,0,0,0,0,0,0,0,0,0,0,0,0,0,0,0,0,0,0,0,0,0,0,0,0,,
8066796254,2124272,8/29/2012,0,0,0,0,0,0,0,0,0,0,0,0,0,0,0,0,0,0,0,0,0,0,0,0,0,0,0,0,0,0,0,0,0,0,0,0,0,0,0,0,0,0,0,0,0,0,0,0,,
8066796254,2124272,8/28/2012,0,0,0,0,0,0,0,0,0,0,0,0,0,0,0,0,0,0,0,0,0,0,0,0,0,0,0,0,0,0,0,0,0,0,0,0,0,0,0,0,0,0,0,0,0,0,0,0,,
8066796254,2124272,8/27/2012,0,0,0,0,0,0,0,0,0,0,0,0,0,0,0,0,0,0,0,0,0,0,0,0,0,0,0,0,0,0,0,0,0,0,0,0,0,0,0,0,0,0,0,0,0,0,0,0,,
8066796254,2124272,8/26/2012,0,0,0,0,0,0,0,0,0,0,0,0,0,0,0,0,0,0,0,0,0,0,0,0,0,0,0,0,0,0,0,0,0,0,0,0,0,0,0,0,0,0,0,0,0,0,0,0,,
8066796254,2124272,8/25/2012,0,0,0,0,0,0,0,0,0,0,0,0,0,0,0,0,0,0,0,0,0,0,0,0,0,0,0,0,0,0,0,0,0,0,0,0,0,0,0,0,0,0,0,0,0,0,0,0,,
8066796254,2124272,8/24/2012,0,0,0,0,0,0,0,0,0,0,0,0,0,0,0,0,0,0,0,0,0,0,0,0,0,0,0,0,0,0,0,0,0,0,0,0,0,0,0,0,0,0,0,0,0,0,0,0,,
8066796254,2124272,8/23/2012,0,0,0,0,0,0,0,0,0,0,0,0,0,0,0,0,0,0,0,0,0,0,0,0,0,0,0,0,0,0,0,0,0,0,0,0,0,0,0,0,0,0,0,0,0,0,0,0,,
8066796254,2124272,8/22/2012,0,0,0,0,0,0,0,0,0,0,0,0,0,0,0,0,0,0,0,0,0,0,0,0,0,0,0,0,0,0,0,0,0,0,0,0,0,0,0,0,0,0,0,0,0,0,0,0,,
8066796254,2124272,8/21/2012,0,0,0,0,0,0,0,0,0,0,0,0,0,0,0,0,0,0,0,0,0,0,0,0,0,0,0,0,0,0,0,0,0,0,0,0,0,0,0,0,0,0,0,0,0,0,0,0,,
8066796254,2124272,8/20/2012,0,0,0,0,0,0,0,0,0,0,0,0,0,0,0,0,0,0,0,0,0,0,0,0,0,0,0,0,0,0,0,0,0,0,0,0,0,0,0,0,0,0,0,0,0,0,0,0,,
8066796254,2124272,8/19/2012,0,0,0,0,0,0,0,0,0,0,0,0,0,0,0,0,0,0,0,0,0,0,0,0,0,0,0,0,0,0,0,0,0,0,0,0,0,0,0,0,0,0,0,0,0,0,0,0,,
8066796254,2124272,8/18/2012,0,0,0,0,0,0,0,0,0,0,0,0,0,0,0,0,0,0,0,0,0,0,0,0,0,0,0,0,0,0,0,0,0,0,0,0,0,0,0,0,0,0,0,0,0,0,0,0,,
8066796254,2124272,8/17/2012,0,0,0,0,0,0,0,0,0,0,0,0,0,0,0,0,0,0,0,0,0,0,0,0,0,0,0,0,0,0,0,0,0,0,0,0,0,0,0,0,0,0,0,0,0,0,0,0,,
8066796254,2124272,8/16/2012,0,0,0,0,0,0,0,0,0,0,0,0,0,0,0,0,0,0,0,0,0,0,0,0,0,0,0,0,0,0,0,0,0,0,0,0,0,0,0,0,0,0,0,0,0,0,0,0,,
8066796254,2124272,8/15/2012,0,0,0,0,0,0,0,0,0,0,0,0,0,0,0,0,0,0,0,0,0,0,0,0,0,0,0,0,0,0,0,0,0,0,0,0,0,0,0,0,0,0,0,0,0,0,0,0,,
8066796254,2124272,8/14/2012,0,0,0,0,0,0,0,0,0,0,0,0,0,0,0,0,0,0,0,0,0,0,0,0,0,0,0,0,0,0,0,0,0,0,0,0,0,0,0,0,0,0,0,0,0,0,0,0,,
8066796254,2124272,8/13/2012,0,0,0,0,0,0,0,0,0,0,0,0,0,0,0,0,0,0,0,0,0,0,0,0,0,0,0,0,0,0,0,0,0,0,0,0,0,0,0,0,0,0,0,0,0,0,0,0,,
8066796254,2124272,8/12/2012,0,0,0,0,0,0,0,0,0,0,0,0,0,0,0,0,0,0,0,0,0,0,0,0,0,0,0,0,0,0,0,0,0,0,0,0,0,0,0,0,0,0,0,0,0,0,0,0,,
8066796254,2124272,8/11/2012,0,0,0,0,0,0,0,0,0,0,0,0,0,0,0,0,0,0,0,0,0,0,0,0,0,0,0,0,0,0,0,0,0,0,0,0,0,0,0,0,0,0,0,0,0,0,0,0,,
8066796254,2124272,8/10/2012,0,0,0,0,0,0,0,0,0,0,0,0,0,0,0,0,0,0,0,0,0,0,0,0,0,0,0,0,0,0,0,0,0,0,0,0,0,0,0,0,0,0,0,0,0,0,0,0,,
8066796254,2124272,8/9/2012,0,0,0,0,0,0,0,0,0,0,0,0,0,0,0,0,0,0,0,0,0,0,0,0,0,0,0,0,0,0,0,0,0,0,0,0,0,0,0,0,0,0,0,0,0,0,0,0,,
8066796254,2124272,8/8/2012,0,0,0,0,0,0,0,0,0,0,0,0,0,0,0,0,0,0,0,0,0,0,0,0,0,0,0,0,0,0,0,0,0,0,0,0,0,0,0,0,0,0,0,0,0,0,0,0,,
8066796254,2124272,8/7/2012,0,0,0,0,0,0,0,0,0,0,0,0,0,0,0,0,0,0,0,0,0,0,0,0,0,0,0,0,0,0,0,0,0,0,0,0,0,0,0,0,0,0,0,0,0,0,0,0,,
8066796254,2124272,8/6/2012,0,0,0,0,0,0,0,0,0,0,0,0,0,0,0,0,0,0,0,0,0,0,0,0,0,0,0,0,0,0,0,0,0,0,0,0,0,0,0,0,0,0,0,0,0,0,0,0,,
8066796254,2124272,8/5/2012,0,0,0,0,0,0,0,0,0,0,0,0,0,0,0,0,0,0,0,0,0,0,0,0,0,0,0,0,0,0,0,0,0,0,0,0,0,0,0,0,0,0,0,0,0,0,0,0,,
8066796254,2124272,8/4/2012,0,0,0,0,0,0,0,0,0,0,0,0,0,0,0,0,0,0,0,0,0,0,0,0,0,0,0,0,0,0,0,0,0,0,0,0,0,0,0,0,0,0,0,0,0,0,0,0,,
8066796254,2124272,8/3/2012,0,0,0,0,0,0,0,0,0,0,0,0,0,0,0,0,0,0,0,0,0,0,0,0,0,0,0,0,0,0,0,0,0,0,0,0,0,0,0,0,0,0,0,0,0,0,0,0,,
8066796254,2124272,8/2/2012,0,0,0,0,0,0,0,0,0,0,0,0,0,0,0,0,0,0,0,0,0,0,0,0,0,0,0,0,0,0,0,0,0,0,0,0,0,0,0,0,0,0,0,0,0,0,0,0,,
8066796254,2124272,8/1/2012,0,0,0,0,0,0,0,0,0,0,0,0,0,0,0,0,0,0,0,0,0,0,0,0,0,0,0,0,0,0,0,0,0,0,0,0,0,0,0,0,0,0,0,0,0,0,0,0,,
8066796254,2124272,7/31/2012,0,0,0,0,0,0,0,0,0,0,0,0,0,0,0,0,0,0,0,0,0,0,0,0,0,0,0,0,0,0,0,0,0,0,0,0,0,0,0,0,0,0,0,0,0,0,0,0,,
8066796254,2124272,7/30/2012,0,0,0,0,0,0,0,0,0,0,0,0,0,0,0,0,0,0,0,0,0,0,0,0,0,0,0,0,0,0,0,0,0,0,0,0,0,0,0,0,0,0,0,0,0,0,0,0,,
8066796254,2124272,7/29/2012,0,0,0,0,0,0,0,0,0,0,0,0,0,0,0,0,0,0,0,0,0,0,0,0,0,0,0,0,0,0,0,0,0,0,0,0,0,0,0,0,0,0,0,0,0,0,0,0,,
8066796254,2124272,7/28/2012,0,0,0,0,0,0,0,0,0,0,0,0,0,0,0,0,0,0,0,0,0,0,0,0,0,0,0,0,0,0,0,0,0,0,0,0,0,0,0,0,0,0,0,0,0,0,0,0,,
8066796254,2124272,7/27/2012,0,0,0,0,0,0,0,0,0,0,0,0,0,0,0,0,0,0,0,0,0,0,0,0,0,0,0,0,0,0,0,0,0,0,0,0,0,0,0,0,0,0,0,0,0,0,0,0,,
8066796254,2124272,7/26/2012,0,0,0,0,0,0,0,0,0,0,0,0,0,0,0,0,0,0,0,0,0,0,0,0,0,0,0,0,0,0,0,0,0,0,0,0,0,0,0,0,0,0,0,0,0,0,0,0,,
8066796254,2124272,7/25/2012,0,0,0,0,0,0,0,0,0,0,0,0,0,0,0,0,0,0,0,0,0,0,0,0,0,0,0,0,0,0,0,0,0,0,0,0,0,0,0,0,0,0,0,0,0,0,0,0,,
8066796254,2124272,7/24/2012,0,0,0,0,0,0,0,0,0,0,0,0,0,0,0,0,0,0,0,0,0,0,0,0,0,0,0,0,0,0,0,0,0,0,0,0,0,0,0,0,0,0,0,0,0,0,0,0,,
8066796254,2124272,7/23/2012,0,0,0,0,0,0,0,0,0,0,0,0,0,0,0,0,0,0,0,0,0,0,0,0,0,0,0,0,0,0,0,0,0,0,0,0,0,0,0,0,0,0,0,0,0,0,0,0,,
8066796254,2124272,7/22/2012,0,0,0,0,0,0,0,0,0,0,0,0,0,0,0,0,0,0,0,0,0,0,0,0,0,0,0,0,0,0,0,0,0,0,0,0,0,0,0,0,0,0,0,0,0,0,0,0,,
8066796254,2124272,7/21/2012,0,0,0,0,0,0,0,0,0,0,0,0,0,0,0,0,0,0,0,0,0,0,0,0,0,0,0,0,0,0,0,0,0,0,0,0,0,0,0,0,0,0,0,0,0,0,0,0,,
8066796254,2124272,7/20/2012,0,0,0,0,0,0,0,0,0,0,0,0,0,0,0,0,0,0,0,0,0,0,0,0,0,0,0,0,0,0,0,0,0,0,0,0,0,0,0,0,0,0,0,0,0,0,0,0,,
8066796254,2124272,7/19/2012,0,0,0,0,0,0,0,0,0,0,0,0,0,0,0,0,0,0,0,0,0,0,0,0,0,0,0,0,0,0,0,0,0,0,0,0,0,0,0,0,0,0,0,0,0,0,0,0,,
8066796254,2124272,7/18/2012,0,0,0,0,0,0,0,0,0,0,0,0,0,0,0,0,0,0,0,0,0,0,0,0,0,0,0,0,0,0,0,0,0,0,0,0,0,0,0,0,0,0,0,0,0,0,0,0,,
8066796254,2124272,7/17/2012,0,0,0,0,0,0,0,0,0,0,0,0,0,0,0,0,0,0,0,0,0,0,0,0,0,0,0,0,0,0,0,0,0,0,0,0,0,0,0,0,0,0,0,0,0,0,0,0,,
8066796254,2124272,7/16/2012,0,0,0,0,0,0,0,0,0,0,0,0,0,0,0,0,0,0,0,0,0,0,0,0,0,0,0,0,0,0,0,0,0,0,0,0,0,0,0,0,0,0,0,0,0,0,0,0,,
8066796254,2124272,7/15/2012,0,0,0,0,0,0,0,0,0,0,0,0,0,0,0,0,0,0,0,0,0,0,0,0,0,0,0,0,0,0,0,0,0,0,0,0,0,0,0,0,0,0,0,0,0,0,0,0,,
8066796254,2124272,7/14/2012,0,0,0,0,0,0,0,0,0,0,0,0,0,0,0,0,0,0,0,0,0,0,0,0,0,0,0,0,0,0,0,0,0,0,0,0,0,0,0,0,0,0,0,0,0,0,0,0,,
8066796254,2124272,7/13/2012,0,0,0,0,0,0,0,0,0,0,0,0,0,0,0,0,0,0,0,0,0,0,0,0,0,0,0,0,0,0,0,0,0,0,0,0,0,0,0,0,0,0,0,0,0,0,0,0,,
8066796254,2124272,7/12/2012,0,0,0,0,0,0,0,0,0,0,0,0,0,0,0,0,0,0,0,0,0,0,0,0,0,0,0,0,0,0,0,0,0,0,0,0,0,0,0,0,0,0,0,0,0,0,0,0,,
8066796254,2124272,7/11/2012,0,0,0,0,0,0,0,0,0,0,0,0,0,0,0,0,0,0,0,0,0,0,0,0,0,0,0,0,0,0,0,0,0,0,0,0,0,0,0,0,0,0,0,0,0,0,0,0,,
8066796254,2124272,7/10/2012,0,0,0,0,0,0,0,0,0,0,0,0,0,0,0,0,0,0,0,0,0,0,0,0,0,0,0,0,0,0,0,0,0,0,0,0,0,0,0,0,0,0,0,0,0,0,0,0,,
8066796254,2124272,7/9/2012,0,0,0,0,0,0,0,0,0,0,0,0,0,0,0,0,0,0,0,0,0,0,0,0,0,0,0,0,0,0,0,0,0,0,0,0,0,0,0,0,0,0,0,0,0,0,0,0,,
8066796254,2124272,7/8/2012,0,0,0,0,0,0,0,0,0,0,0,0,0,0,0,0,0,0,0,0,0,0,0,0,0,0,0,0,0,0,0,0,0,0,0,0,0,0,0,0,0,0,0,0,0,0,0,0,,
8066796254,2124272,7/7/2012,0,0,0,0,0,0,0,0,0,0,0,0,0,0,0,0,0,0,0,0,0,0,0,0,0,0,0,0,0,0,0,0,0,0,0,0,0,0,0,0,0,0,0,0,0,0,0,0,,
8066796254,2124272,7/6/2012,0,0,0,0,0,0,0,0,0,0,0,0,0,0,0,0,0,0,0,0,0,0,0,0,0,0,0,0,0,0,0,0,0,0,0,0,0,0,0,0,0,0,0,0,0,0,0,0,,
8066796254,2124272,7/5/2012,0,0,0,0,0,0,0,0,0,0,0,0,0,0,0,0,0,0,0,0,0,0,0,0,0,0,0,0,0,0,0,0,0,0,0,0,0,0,0,0,0,0,0,0,0,0,0,0,,
8066796254,2124272,7/4/2012,0,0,0,0,0,0,0,0,0,0,0,0,0,0,0,0,0,0,0,0,0,0,,,,,,,,,,,,,,,,,,,,,,,,,,,,
