0956030449,02124547,7/2/2015,0.6,0.7,0.6,0.7,0.6,0.7,0.6,0.7,0.7,0.8,0.7,0.6,0.6,0.8,0.7,0.6,0.6,0.2,0.1,0.0,0.0,0.3,0.3,0.0
0956030449,02124547,7/1/2015,0.7,0.7,1.1,0.8,0.7,0.8,0.7,0.7,0.8,0.8,0.8,0.7,0.6,0.6,0.2,0.3,0.0,0.0,0.0,0.0,0.0,0.0,0.0,0.0,0.0,0.0,0.0,0.0,0.0,0.0,0.0,0.0,0.0,0.0,0.0,0.1,0.6,0.4,3.7,33.6,70.9,70.7,70.6,70.6,67.3,1.0,0.6,0.8
0956030449,02124547,6/30/2015,0.6,0.7,0.7,0.6,0.7,0.6,0.6,0.7,0.6,0.8,0.7,0.7,0.6,0.4,0.2,0.1,0.4,0.5,0.3,0.1,0.3,0.1,0.0,0.0,0.0,0.0,0.0,0.0,0.0,0.0,0.0,0.0,0.0,0.0,0.0,0.0,0.0,0.2,3.5,3.5,3.9,3.8,3.7,3.9,0.7,0.6,0.6,0.6
0956030449,02124547,6/29/2015,0.7,0.7,0.7,0.7,0.6,0.7,0.9,0.7,0.9,0.7,0.9,0.8,0.9,0.5,0.4,0.0,0.0,0.0,0.0,0.0,0.0,0.0,0.0,0.0,0.0,0.0,0.0,0.0,0.0,0.0,0.0,0.0,0.0,0.0,0.0,0.0,0.0,0.2,3.3,33.9,70.8,70.4,70.4,70.2,67.3,1.3,0.6,0.7
0956030449,02124547,6/28/2015,0.6,0.7,0.7,0.7,0.6,0.7,0.7,0.7,0.6,0.7,0.7,0.6,0.6,0.4,0.2,0.0,0.0,0.0,0.0,0.0,0.0,0.0,0.0,0.0,0.0,0.0,0.0,0.0,0.0,0.0,0.0,0.0,0.0,0.0,0.0,0.2,0.0,0.4,3.5,3.6,3.9,3.8,3.9,3.9,0.7,0.7,0.6,0.7
0956030449,02124547,6/27/2015,0.7,0.7,0.7,0.7,0.6,0.9,0.6,0.6,0.7,0.7,0.8,0.7,0.7,0.6,0.6,0.7,0.6,0.5,0.5,0.6,0.5,0.7,0.5,0.7,0.5,0.6,0.6,0.6,0.4,0.4,0.5,0.5,0.2,0.2,0.6,0.4,0.2,0.5,3.6,3.8,3.8,3.8,3.8,3.8,0.7,0.6,0.7,0.7
0956030449,02124547,6/26/2015,0.6,0.6,0.6,0.7,0.6,0.7,0.6,0.7,0.7,0.7,0.6,0.7,0.6,0.7,0.3,0.2,0.0,0.0,0.0,0.0,0.1,0.0,0.0,0.0,0.1,0.0,0.0,0.0,0.0,0.0,0.0,0.0,0.0,0.0,0.0,0.0,0.0,0.3,3.3,3.6,3.8,4.0,3.8,3.8,0.8,0.6,0.6,0.7
0956030449,02124547,6/25/2015,0.6,0.7,0.6,0.7,0.6,0.7,0.6,0.6,0.6,0.7,0.8,0.6,0.6,0.5,0.4,0.3,0.0,0.0,0.0,0.0,0.0,0.0,0.0,0.0,0.0,0.0,0.0,0.0,0.0,0.0,0.0,0.0,0.0,0.0,0.0,0.0,0.4,0.3,3.7,3.8,3.9,3.9,3.8,3.8,0.7,0.6,0.7,0.6
0956030449,02124547,6/24/2015,0.6,0.6,0.6,0.6,0.7,0.6,0.7,0.6,0.7,0.7,0.6,0.6,0.6,0.4,0.2,0.0,0.0,0.0,0.0,0.0,0.0,0.0,0.0,0.0,0.0,0.0,0.0,0.0,0.0,0.0,0.0,0.0,0.0,0.0,0.0,0.0,0.0,33.1,38.1,38.2,61.1,70.4,70.2,70.1,45.6,18.4,0.6,0.7
0956030449,02124547,6/23/2015,0.6,0.6,0.6,0.6,0.6,0.6,0.6,0.6,0.7,0.6,0.6,0.6,0.6,0.4,0.2,0.0,0.0,0.0,0.0,0.0,0.0,0.0,0.0,0.0,0.0,0.0,0.0,0.0,0.0,0.0,0.0,0.0,0.0,0.0,0.0,0.0,0.1,29.5,15.9,3.9,3.7,3.7,3.8,3.8,0.7,0.6,0.6,0.6
0956030449,02124547,6/22/2015,0.6,0.6,0.6,0.6,0.6,0.6,0.6,0.6,0.7,0.6,0.6,0.6,0.6,0.5,0.3,0.1,0.0,0.0,0.0,0.0,0.0,0.0,0.0,0.0,0.0,0.0,0.0,0.0,0.0,0.0,0.0,0.0,0.0,0.0,0.0,0.0,0.0,0.2,66.2,70.7,70.6,70.4,70.4,70.0,67.0,1.1,0.6,0.6
0956030449,02124547,6/21/2015,0.6,0.6,0.6,0.8,0.8,0.6,0.7,0.6,0.7,0.6,0.7,0.6,0.7,0.5,0.6,0.0,0.0,0.0,0.0,0.0,0.0,0.0,0.0,0.0,0.0,0.0,0.0,0.0,0.0,0.0,0.0,0.0,0.0,0.0,0.0,0.0,0.0,0.2,3.6,3.9,66.9,70.3,70.5,70.3,1.1,0.6,0.6,0.6
0956030449,02124547,6/20/2015,0.7,0.6,0.6,0.7,0.6,0.6,0.6,0.6,0.8,0.6,0.7,0.6,0.6,0.5,0.2,0.2,0.1,0.0,0.0,0.0,0.0,0.0,0.0,0.0,0.0,0.0,0.0,0.0,0.0,0.0,0.0,0.0,0.0,0.0,0.1,0.0,0.4,0.6,3.6,3.7,3.8,3.8,3.7,3.8,0.7,0.6,0.6,0.6
0956030449,02124547,6/19/2015,0.8,0.6,0.9,0.7,0.6,0.7,0.6,0.7,0.6,0.6,0.8,0.6,0.6,0.4,0.1,0.3,0.1,0.0,0.0,0.0,0.0,0.0,0.0,0.0,0.0,0.0,0.0,0.0,0.0,0.0,0.0,0.0,0.0,0.0,0.0,0.0,13.5,15.0,18.1,18.3,18.1,18.3,18.3,11.4,0.7,0.7,0.6,0.6
0956030449,02124547,6/18/2015,0.7,0.7,0.7,0.7,0.7,0.8,0.7,0.7,0.8,0.7,0.9,0.7,0.8,0.6,0.3,0.1,0.0,0.0,0.0,0.0,0.0,0.0,0.0,0.0,0.0,0.0,0.0,0.0,0.0,0.0,0.0,0.0,0.0,0.2,0.6,0.1,13.6,6.4,3.4,3.6,3.7,3.9,3.8,3.7,0.7,0.6,0.6,0.6
0956030449,02124547,6/17/2015,0.7,0.7,0.7,0.7,0.7,0.7,0.7,0.7,0.7,0.7,0.7,0.6,0.6,0.6,0.2,0.1,0.0,0.0,0.0,0.0,0.0,0.0,0.0,0.0,0.0,0.0,0.0,0.0,0.0,0.0,0.0,0.0,0.1,0.6,0.5,0.9,14.4,46.0,65.9,85.1,84.7,84.7,84.9,84.8,33.0,0.9,0.7,0.7
0956030449,02124547,6/16/2015,0.6,0.6,0.6,0.6,0.6,0.6,0.6,0.6,0.6,0.6,0.6,0.6,0.5,0.4,0.2,0.2,0.0,0.0,0.0,0.0,0.0,0.0,0.0,0.0,0.0,0.0,0.0,0.0,0.1,0.0,0.0,0.0,0.0,0.0,0.0,0.0,0.1,0.6,3.5,3.8,3.8,4.0,3.9,4.1,0.9,0.8,0.7,0.7
0956030449,02124547,6/15/2015,0.6,0.6,0.6,0.6,0.6,0.6,0.6,0.7,0.6,0.6,0.6,0.6,0.6,0.5,0.4,0.3,0.0,0.2,0.0,0.0,0.0,0.0,0.0,0.0,0.0,0.0,0.0,0.0,0.0,0.0,0.0,0.0,0.0,0.0,0.0,0.4,0.8,14.2,80.4,84.7,84.6,84.5,84.3,84.6,66.9,0.8,0.6,0.6
0956030449,02124547,6/14/2015,0.6,0.6,0.6,0.6,0.6,0.6,0.6,0.6,0.6,0.6,0.6,0.6,0.6,0.4,0.3,0.0,0.0,0.0,0.0,0.0,0.0,0.0,0.0,0.0,0.0,0.0,0.0,0.0,0.0,0.0,0.0,0.0,0.0,0.0,0.3,0.5,0.1,15.9,37.7,38.2,38.4,38.1,38.0,38.0,0.8,0.6,0.6,0.6
0956030449,02124547,6/13/2015,0.6,0.7,0.6,0.6,0.6,0.6,0.7,0.7,0.6,0.6,0.7,0.6,0.6,0.4,0.2,0.2,0.0,0.2,0.0,0.2,0.0,0.0,0.0,0.0,0.0,0.0,0.0,0.0,0.0,0.0,0.0,0.0,0.0,0.0,0.0,0.1,0.2,0.1,3.2,3.6,3.7,3.7,3.7,3.7,0.7,0.6,0.6,0.6
0956030449,02124547,6/12/2015,0.6,0.6,0.6,0.6,0.6,0.6,0.6,0.6,0.7,0.6,0.6,0.6,0.8,0.4,0.2,0.0,0.0,0.0,0.0,0.0,0.0,0.0,0.0,0.0,0.0,0.0,0.0,0.0,0.0,0.0,0.0,0.0,0.0,0.0,0.0,0.2,0.5,0.8,3.6,3.8,60.5,70.6,37.6,3.7,0.7,0.6,0.6,0.6
0956030449,02124547,6/11/2015,0.6,0.7,0.7,0.7,0.6,0.6,0.6,0.6,0.7,0.8,0.8,0.8,0.5,0.5,0.4,0.1,0.0,0.0,0.0,0.0,0.0,0.0,0.0,0.0,0.0,0.0,0.0,0.0,0.0,0.0,0.0,0.0,0.0,0.0,0.0,0.0,0.0,0.1,16.9,18.4,18.4,18.5,18.3,18.1,0.7,0.6,0.6,0.6
0956030449,02124547,6/10/2015,0.7,0.7,0.7,0.7,0.8,0.6,0.8,0.7,0.6,0.8,0.7,0.8,0.6,0.5,0.4,0.0,0.0,0.0,0.0,0.0,0.0,0.0,0.0,0.0,0.0,0.0,0.0,0.0,0.0,0.0,0.0,0.0,0.0,0.0,0.0,0.0,0.0,30.7,35.6,35.9,51.4,70.5,14.5,3.8,0.8,0.7,0.7,0.6
0956030449,02124547,6/9/2015,0.7,0.6,0.7,0.6,0.8,0.7,0.6,0.7,0.7,0.6,0.8,0.8,0.6,0.5,0.4,0.2,0.0,0.0,0.0,0.0,0.0,0.0,0.0,0.0,0.0,0.0,0.0,0.0,0.0,0.0,0.0,0.0,0.0,0.0,0.0,0.0,0.1,14.6,85.1,84.9,84.6,83.6,70.5,70.3,67.0,1.0,0.8,0.6
0956030449,02124547,6/8/2015,0.6,0.6,0.8,0.8,1.0,0.7,0.8,0.8,0.8,0.9,0.7,0.9,0.6,0.6,0.5,0.6,0.0,0.0,0.0,0.0,0.0,0.0,0.0,0.0,0.0,0.0,0.0,0.0,0.0,0.0,0.0,0.0,0.0,0.1,0.6,0.0,0.0,33.8,38.5,38.6,38.3,38.5,38.3,4.1,0.8,0.6,0.6,0.6
0956030449,02124547,6/7/2015,0.8,0.7,1.0,0.6,0.8,0.6,0.8,0.7,0.6,0.8,0.7,0.8,0.6,0.5,0.3,0.0,0.1,0.1,0.0,0.0,0.0,0.0,0.0,0.0,0.0,0.0,0.0,0.0,0.0,0.0,0.0,0.0,0.0,0.1,0.1,0.4,0.1,15.8,38.1,38.4,38.7,38.6,38.4,38.2,1.1,0.7,0.9,0.7
0956030449,02124547,6/6/2015,0.9,0.9,0.7,0.9,0.7,0.9,0.9,0.7,0.9,0.9,0.7,0.9,0.8,0.4,0.4,0.0,0.1,0.0,0.2,0.0,0.0,0.1,0.0,0.0,0.0,0.0,0.0,0.0,0.0,0.0,0.0,0.0,0.0,0.1,0.0,0.1,0.0,0.2,3.3,3.7,3.8,3.8,3.9,3.8,0.7,0.7,0.7,0.7
0956030449,02124547,6/5/2015,0.9,0.7,0.9,0.7,0.9,0.7,0.9,0.9,0.7,0.9,0.7,0.9,0.9,0.6,0.7,0.5,0.9,0.5,0.3,0.3,0.2,0.1,0.0,0.1,0.0,0.0,0.0,0.0,0.0,0.0,0.1,0.0,0.2,0.0,0.3,0.0,0.3,46.8,70.6,71.0,70.7,70.7,71.0,70.3,1.2,0.7,0.9,0.7
0956030449,02124547,6/4/2015,1.0,1.0,0.8,0.9,1.0,0.9,0.8,1.0,1.0,0.7,1.1,0.9,0.7,0.9,1.2,0.5,0.7,0.6,0.3,0.4,0.3,0.3,0.4,0.3,0.0,0.3,0.4,0.1,0.4,0.3,0.5,0.6,0.2,1.0,0.6,0.9,1.4,65.4,72.1,71.8,71.7,71.5,71.2,71.6,1.1,1.0,0.7,0.9
0956030449,02124547,6/3/2015,0.8,0.7,0.9,1.0,0.7,0.9,0.7,1.0,0.7,0.9,0.7,0.9,0.7,0.8,0.5,0.8,0.5,0.6,0.2,0.5,0.4,0.6,0.0,0.3,0.1,0.2,0.3,0.1,0.2,0.0,0.4,0.4,0.4,1.0,0.4,0.6,0.8,65.4,72.2,72.0,71.9,71.6,72.1,72.0,1.4,1.0,1.0,0.7
0956030449,02124547,6/2/2015,0.6,0.7,0.7,0.6,0.7,0.7,0.8,0.6,0.6,0.6,0.7,0.6,0.6,0.4,0.5,0.6,0.5,0.7,0.8,0.5,0.6,0.5,0.4,0.4,0.3,0.1,0.1,0.3,0.3,0.6,0.6,0.2,0.5,0.5,1.0,1.0,1.0,48.3,72.2,72.4,71.9,71.9,71.7,72.1,1.4,0.9,0.7,0.8
0956030449,02124547,6/1/2015,0.6,0.6,0.6,0.7,0.7,0.6,0.6,0.7,0.7,0.7,0.8,0.6,0.5,0.5,0.1,0.0,0.0,0.0,0.0,0.0,0.0,0.0,0.0,0.0,0.0,0.0,0.0,0.0,0.0,0.0,0.0,0.0,0.1,0.0,0.2,0.4,0.8,65.4,71.9,72.0,72.0,72.4,72.4,4.5,0.7,0.6,0.6,0.7
0956030449,02124547,5/31/2015,0.6,0.6,0.6,0.6,0.6,0.6,0.6,0.6,0.7,0.6,0.7,0.6,0.7,0.4,0.2,0.1,0.0,0.0,0.0,0.0,0.0,0.0,0.0,0.0,0.0,0.0,0.0,0.0,0.0,0.0,0.0,0.0,0.0,0.0,0.0,0.1,0.3,16.2,38.5,38.7,38.0,37.8,38.0,38.0,0.9,0.6,0.6,0.6
0956030449,02124547,5/30/2015,0.6,0.6,0.6,0.6,0.7,0.6,0.8,0.6,0.6,0.8,0.6,0.6,0.7,0.4,0.2,0.1,0.0,0.0,0.0,0.0,0.0,0.0,0.0,0.0,0.0,0.0,0.0,0.0,0.0,0.0,0.0,0.0,0.0,0.0,0.1,0.0,0.0,0.1,3.4,3.6,3.7,3.9,3.7,3.6,0.6,0.6,0.6,0.6
0956030449,02124547,5/29/2015,0.6,0.6,0.8,0.6,0.8,0.7,0.8,0.6,0.8,0.6,0.6,0.7,0.7,0.6,0.5,0.1,0.0,0.1,0.0,0.0,0.0,0.0,0.0,0.0,0.0,0.0,0.0,0.0,0.0,0.0,0.0,0.0,0.0,0.0,0.0,0.0,0.1,47.5,69.9,70.1,70.1,69.7,69.6,69.2,1.1,0.6,0.6,0.6
0956030449,02124547,5/28/2015,0.6,0.8,0.6,0.6,0.7,0.6,0.6,0.7,0.6,0.7,0.6,0.6,0.6,0.4,0.1,0.0,0.0,0.0,0.0,0.0,0.0,0.0,0.0,0.0,0.0,0.0,0.0,0.0,0.0,0.0,0.0,0.0,0.0,0.0,0.4,0.9,0.7,63.6,69.7,70.2,70.2,69.7,69.2,68.7,1.1,0.6,0.8,0.6
0956030449,02124547,5/27/2015,0.8,0.7,0.7,0.6,0.6,0.7,0.8,0.7,0.6,0.6,0.7,0.7,0.6,0.7,0.2,0.6,0.1,0.4,0.0,0.1,0.0,0.0,0.0,0.0,0.0,0.0,0.0,0.0,0.0,0.0,0.0,0.0,0.0,0.1,0.0,0.0,0.0,62.6,69.6,70.0,69.7,69.9,70.2,69.7,1.1,0.6,0.6,0.6
0956030449,02124547,5/26/2015,0.6,0.7,0.8,0.7,0.7,0.7,0.6,0.7,0.7,0.6,0.7,0.6,0.6,0.5,0.4,0.1,0.0,0.0,0.0,0.0,0.0,0.0,0.0,0.0,0.0,0.0,0.0,0.0,0.0,0.0,0.0,0.0,0.0,0.0,0.0,0.0,0.0,47.4,71.6,70.5,70.5,70.5,70.6,70.6,1.1,0.6,0.6,0.6
0956030449,02124547,5/25/2015,0.6,0.7,0.7,0.8,0.7,0.7,0.6,0.7,0.7,0.7,0.7,0.7,0.6,0.6,0.2,0.1,0.0,0.0,0.0,0.0,0.0,0.0,0.0,0.0,0.0,0.0,0.0,0.0,0.0,0.0,0.0,0.0,0.0,0.0,0.0,0.0,0.0,64.5,69.9,70.1,69.6,69.5,69.7,4.5,0.7,0.6,0.7,0.7
0956030449,02124547,5/24/2015,0.9,0.8,0.8,0.8,0.8,0.8,0.8,0.8,0.8,0.8,1.0,0.8,0.7,0.6,0.4,0.2,0.1,0.1,0.0,0.0,0.0,0.0,0.0,0.0,0.0,0.0,0.0,0.0,0.0,0.0,0.0,0.0,0.0,0.0,0.0,0.0,0.0,15.8,38.1,38.3,38.3,38.4,38.2,38.2,1.2,0.8,0.6,0.6
0956030449,02124547,5/23/2015,0.7,0.8,0.8,0.8,0.8,0.8,0.8,0.9,0.8,0.9,0.8,0.9,0.8,0.6,0.6,0.5,0.1,0.0,0.0,0.0,0.0,0.0,0.0,0.0,0.0,0.0,0.0,0.0,0.0,0.0,0.0,0.0,0.0,0.0,0.0,0.0,0.1,0.0,3.5,3.7,4.0,3.9,3.8,3.9,0.8,0.7,0.7,0.7
0956030449,02124547,5/22/2015,0.9,0.9,1.0,0.9,0.9,0.9,1.1,0.8,1.0,1.0,0.9,1.0,0.8,0.8,0.4,0.3,0.0,0.0,0.0,0.0,0.0,0.0,0.0,0.0,0.0,0.0,0.0,0.0,0.0,0.0,0.0,0.0,0.1,0.0,0.0,0.2,0.2,46.1,69.7,70.3,70.0,70.0,69.7,69.6,1.3,0.7,0.8,0.8
0956030449,02124547,5/21/2015,0.9,0.7,0.7,0.9,0.8,0.7,0.7,0.7,0.8,0.7,0.7,0.8,0.6,0.7,0.7,0.9,0.6,0.8,0.7,0.6,0.6,0.6,0.9,0.2,0.3,0.5,0.4,0.7,0.3,0.1,0.4,0.2,0.3,0.4,0.9,1.0,1.0,70.4,85.1,85.0,84.4,84.3,84.5,69.9,1.6,0.9,0.8,1.0
0956030449,02124547,5/20/2015,0.6,0.6,0.6,0.7,0.9,0.7,0.7,0.8,0.7,0.7,0.6,0.8,0.7,0.5,0.3,0.0,0.0,0.0,0.0,0.0,0.0,0.0,0.0,0.0,0.0,0.0,0.0,0.0,0.0,0.0,0.0,0.0,0.0,0.0,0.0,0.0,0.2,63.0,70.1,69.8,69.7,70.0,69.8,70.1,1.5,0.7,0.9,0.7
0956030449,02124547,5/19/2015,0.6,0.6,0.7,0.6,0.7,0.7,0.7,0.9,0.8,0.6,0.8,0.6,0.6,0.5,0.1,0.1,0.0,0.0,0.0,0.0,0.0,0.0,0.0,0.0,0.0,0.0,0.0,0.0,0.0,0.0,0.0,0.0,0.0,0.0,0.0,0.0,0.2,46.9,70.5,70.6,70.8,70.7,71.3,71.1,1.3,0.6,0.6,0.6
0956030449,02124547,5/18/2015,0.6,0.7,0.7,0.6,0.8,0.7,0.7,0.6,0.8,0.6,0.8,0.6,0.8,0.5,0.5,0.1,0.0,0.0,0.0,0.0,0.0,0.0,0.0,0.0,0.0,0.0,0.0,0.0,0.0,0.0,0.0,0.0,0.1,0.5,0.1,0.0,0.0,63.8,70.7,71.1,70.9,70.8,70.7,4.6,0.7,0.6,0.7,0.6
0956030449,02124547,5/17/2015,0.7,0.7,0.6,0.7,0.6,0.7,0.8,0.6,0.7,0.6,0.6,0.8,0.6,0.6,0.4,0.5,0.5,0.2,0.1,0.0,0.0,0.0,0.0,0.0,0.0,0.0,0.0,0.0,0.0,0.0,0.0,0.0,0.0,0.0,0.0,0.0,0.0,15.1,51.2,69.5,69.4,69.1,69.5,69.5,1.2,0.6,0.7,0.6
0956030449,02124547,5/16/2015,0.8,0.7,0.8,0.7,0.9,0.7,0.8,0.7,0.9,0.7,0.8,0.7,0.8,0.4,0.2,0.0,0.1,0.0,0.0,0.0,0.0,0.0,0.0,0.0,0.0,0.0,0.0,0.0,0.0,0.0,0.0,0.0,0.0,0.5,0.7,0.8,0.6,0.6,3.6,3.7,3.8,3.9,3.7,3.8,0.8,0.7,0.6,0.7
0956030449,02124547,5/15/2015,0.8,0.8,0.9,1.0,0.9,0.7,1.0,1.0,1.0,1.0,0.9,0.8,1.0,0.8,0.6,0.9,0.0,0.3,0.0,0.0,0.0,0.0,0.0,0.0,0.0,0.0,0.0,0.0,0.0,0.0,0.0,0.0,0.0,0.0,0.0,0.2,0.1,59.2,83.3,83.4,83.1,83.0,83.1,83.7,1.2,0.7,0.8,0.6
0956030449,02124547,5/14/2015,0.9,1.1,1.1,0.7,1.0,1.0,1.1,1.1,1.0,1.1,0.7,1.1,1.0,0.9,0.6,0.4,0.0,0.1,0.0,0.0,0.0,0.0,0.0,0.0,0.0,0.0,0.0,0.0,0.0,0.0,0.0,0.0,0.0,0.0,0.0,0.1,0.1,76.2,83.3,83.0,83.0,83.0,83.1,83.6,1.4,0.8,0.9,0.9
0956030449,02124547,5/13/2015,0.6,0.7,0.7,0.8,0.7,0.7,0.8,0.6,0.7,0.6,0.7,0.8,0.8,0.5,0.3,0.1,0.0,0.0,0.2,0.0,0.0,0.0,0.0,0.0,0.0,0.0,0.0,0.1,0.0,0.0,0.0,0.0,0.0,0.2,0.0,0.1,0.5,62.1,69.2,69.7,69.1,69.3,69.7,69.2,1.7,0.8,1.2,0.9
0956030449,02124547,5/12/2015,0.6,0.8,0.7,0.7,0.8,0.6,0.7,0.6,0.8,0.6,0.6,0.8,0.6,0.5,0.3,0.1,0.0,0.0,0.0,0.0,0.0,0.0,0.0,0.0,0.0,0.0,0.0,0.0,0.0,0.0,0.0,0.0,0.0,0.0,0.1,0.5,0.6,60.3,84.0,84.1,83.9,75.3,70.2,70.0,1.2,0.6,0.6,0.7
0956030449,02124547,5/11/2015,0.8,0.7,0.7,0.8,0.8,0.8,0.7,0.7,0.7,0.8,0.7,0.7,0.8,0.6,0.8,0.6,0.2,0.2,0.1,0.0,0.0,0.0,0.0,0.0,0.0,0.1,0.0,0.0,0.0,0.0,0.0,0.0,0.0,0.0,0.0,0.1,0.1,61.0,67.7,67.4,66.7,66.6,66.7,4.2,0.6,0.7,0.6,0.6
0956030449,02124547,5/10/2015,0.7,0.7,0.9,0.7,0.7,0.7,0.8,0.7,0.7,0.7,0.7,0.7,0.7,0.6,1.0,0.8,0.1,0.3,0.0,0.0,0.1,0.1,0.0,0.0,0.0,0.0,0.1,0.0,0.0,0.2,0.0,0.0,0.0,0.2,0.4,0.5,0.1,15.3,50.9,68.5,68.3,68.2,68.4,68.4,1.1,0.7,0.7,0.7
0956030449,02124547,5/9/2015,1.0,0.7,0.7,0.7,0.8,0.9,0.7,0.7,0.9,0.7,0.7,0.8,0.8,0.6,0.6,0.6,0.4,0.4,0.3,0.2,0.5,0.4,0.0,0.0,0.0,0.0,0.0,0.0,0.0,0.1,0.0,0.0,0.0,0.0,0.1,0.0,0.0,0.5,3.7,4.2,35.9,36.9,4.1,3.9,0.7,0.7,0.9,0.7
0956030449,02124547,5/8/2015,0.3,0.4,0.4,0.3,0.4,0.4,0.3,0.4,0.4,0.4,0.3,0.4,0.3,0.2,0.0,0.0,0.0,0.0,0.0,0.0,0.0,0.0,0.0,0.0,0.0,0.0,0.0,0.0,0.0,0.0,0.0,0.0,0.0,0.0,0.0,0.0,0.0,60.4,84.3,84.6,84.5,84.3,84.3,70.0,1.3,0.9,0.7,0.8
0956030449,02124547,5/7/2015,0.3,0.3,0.3,0.3,0.3,0.3,0.3,0.3,0.3,0.3,0.3,0.4,0.3,0.1,0.0,0.1,0.0,0.0,0.0,0.0,0.0,0.0,0.0,0.0,0.0,0.0,0.0,0.0,0.0,0.0,0.0,0.0,0.0,0.0,0.0,0.0,0.2,75.6,84.3,84.6,83.9,83.9,84.0,69.8,1.1,0.3,0.4,0.5
0956030449,02124547,5/6/2015,0.3,0.3,0.3,0.5,0.3,0.3,0.3,0.3,0.3,0.3,0.3,0.3,0.4,0.1,0.0,0.1,0.0,0.0,0.0,0.0,0.0,0.0,0.0,0.0,0.0,0.0,0.0,0.0,0.0,0.0,0.0,0.2,0.5,0.0,0.0,0.0,0.5,64.1,70.0,69.8,69.5,69.8,69.0,69.3,0.5,0.4,0.4,0.3
0956030449,02124547,5/5/2015,0.3,0.3,0.3,0.3,0.3,0.3,0.3,0.4,0.3,0.3,0.3,0.4,0.4,0.2,0.1,0.3,0.0,0.1,0.0,0.0,0.0,0.0,0.0,0.0,0.0,0.0,0.0,0.0,0.0,0.0,0.0,0.0,0.0,0.2,0.5,0.9,0.4,46.1,70.0,69.3,68.9,69.0,69.1,69.3,0.4,0.3,0.3,0.3
0956030449,02124547,5/4/2015,0.4,0.3,0.5,0.3,0.5,0.3,0.4,0.4,0.5,0.3,0.5,0.3,0.5,0.1,0.2,0.4,0.0,0.0,0.0,0.0,0.0,0.0,0.0,0.0,0.0,0.0,0.0,0.0,0.0,0.0,0.0,0.0,0.0,0.0,0.0,0.0,0.0,60.4,68.1,68.1,67.9,68.2,68.6,3.7,0.3,0.3,0.3,0.3
0956030449,02124547,5/3/2015,0.3,0.6,0.5,0.4,0.6,0.6,0.3,0.6,0.5,0.4,0.7,0.6,0.3,0.5,0.2,0.0,0.0,0.0,0.0,0.0,0.0,0.0,0.0,0.0,0.0,0.1,0.1,0.0,0.0,0.0,0.0,0.0,0.1,0.1,0.2,0.0,0.0,14.4,36.3,36.6,36.4,36.3,36.5,36.6,0.4,0.4,0.3,0.4
0956030449,02124547,5/2/2015,0.6,0.6,0.3,0.7,0.6,0.6,0.4,0.6,0.7,0.6,0.4,0.7,0.7,0.5,0.2,0.4,1.0,0.3,0.4,0.0,0.0,0.0,0.0,0.0,0.2,0.1,0.0,0.0,0.0,0.0,0.0,0.0,0.1,0.1,0.3,0.0,0.2,0.3,3.3,3.4,3.6,3.5,3.6,3.5,0.6,0.3,0.5,0.5
0956030449,02124547,5/1/2015,0.7,0.4,0.7,0.4,0.8,0.4,0.8,0.5,0.8,0.4,0.8,0.5,0.7,0.8,0.6,1.5,0.2,0.5,0.3,0.0,0.2,0.0,0.1,0.0,0.0,0.0,0.0,0.0,0.0,0.0,0.0,0.0,0.2,0.2,0.1,6.6,14.9,76.3,83.9,83.4,83.1,83.0,83.1,68.6,0.7,0.6,0.6,0.4
0956030449,02124547,4/30/2015,0.5,0.6,0.4,0.6,0.6,0.5,0.7,0.7,0.4,0.6,0.7,0.4,0.7,0.6,0.2,1.3,0.8,0.5,0.1,0.0,0.1,0.0,0.0,0.0,0.0,0.0,0.1,0.0,0.1,0.0,0.0,0.0,0.0,0.0,0.4,0.3,0.7,61.8,69.3,69.0,69.3,69.0,69.5,69.3,0.5,0.7,0.6,0.5
0956030449,02124547,4/29/2015,0.8,0.7,0.7,0.9,0.9,0.8,0.4,0.9,0.8,0.8,0.4,0.8,0.8,0.7,0.1,0.6,0.5,0.1,0.0,0.0,0.0,0.0,0.0,0.0,0.0,0.0,0.0,0.0,0.0,0.0,0.0,0.0,0.0,0.0,0.0,0.0,6.4,75.1,83.1,83.1,82.9,82.8,82.9,69.0,0.7,0.4,0.6,0.4
0956030449,02124547,4/28/2015,2.3,2.3,2.3,2.3,2.3,2.3,2.1,0.9,2.2,0.9,1.6,1.2,0.9,1.9,1.4,1.0,1.1,0.0,0.1,0.0,0.0,0.0,0.0,0.0,0.0,0.0,0.1,0.0,0.1,0.0,0.1,0.3,0.2,0.1,0.0,0.4,0.1,51.5,83.5,83.9,83.5,83.4,83.7,69.6,1.0,0.4,0.7,0.8
0956030449,02124547,4/27/2015,0.9,0.7,0.7,1.0,0.9,0.9,0.7,0.8,0.9,1.1,1.1,0.8,0.7,1.1,0.8,1.1,0.7,0.1,0.0,0.0,0.0,0.1,0.0,0.2,0.2,0.7,0.5,1.0,0.0,0.5,0.9,0.1,1.0,0.2,0.9,0.1,8.1,77.4,84.7,84.1,84.1,84.1,84.6,4.9,1.3,1.6,2.2,2.4
0956030449,02124547,4/26/2015,1.4,0.8,0.8,1.2,1.5,0.8,1.9,0.8,1.1,1.7,0.9,1.2,1.5,0.9,1.1,0.9,0.5,1.8,1.1,0.0,0.0,0.1,0.0,0.0,0.0,0.0,0.1,0.2,0.0,0.2,0.1,0.0,0.1,0.0,0.1,0.5,0.1,14.8,51.1,70.1,69.2,69.8,53.4,37.3,0.6,0.9,0.8,0.9
0956030449,02124547,4/25/2015,0.8,1.1,1.0,0.7,0.8,1.1,1.1,0.9,0.6,0.9,1.0,0.9,0.9,0.5,0.7,1.2,1.1,1.2,1.4,0.7,0.9,0.9,2.1,0.8,2.1,2.0,1.0,1.8,1.9,1.9,1.2,1.0,1.3,1.8,1.4,1.8,2.7,2.7,19.6,38.1,37.1,38.9,37.2,21.4,1.3,1.0,0.6,1.1
0956030449,02124547,4/24/2015,0.9,1.3,1.5,0.9,1.1,1.7,0.9,2.0,1.6,1.6,2.2,2.3,2.3,1.7,1.2,1.8,1.1,0.4,0.1,0.0,0.0,0.0,0.0,0.0,0.0,0.0,0.0,0.0,0.0,0.0,0.0,0.0,0.0,0.0,0.1,0.4,0.6,45.9,83.8,84.0,84.2,83.5,76.6,69.0,1.0,0.7,0.7,0.8
0956030449,02124547,4/23/2015,2.2,1.2,1.9,2.5,2.4,2.4,2.3,2.3,2.2,0.7,1.0,0.9,1.0,0.4,0.8,1.2,0.7,0.1,0.2,0.6,0.8,0.6,0.5,0.3,0.3,0.3,0.3,0.2,0.3,0.0,0.7,1.0,0.0,1.1,1.1,0.2,1.7,68.4,84.6,83.8,84.1,84.6,84.1,70.8,1.3,0.6,1.5,1.1
0956030449,02124547,4/22/2015,0.6,0.7,0.5,0.8,0.8,0.4,0.8,0.8,0.6,0.7,0.8,0.8,0.5,0.7,0.6,0.3,0.1,0.3,0.0,0.0,0.0,0.0,0.0,0.0,0.0,0.0,0.0,0.4,0.3,0.2,0.7,0.1,0.9,0.0,1.1,0.3,0.7,61.7,69.1,78.0,83.6,83.0,83.9,69.7,1.3,1.1,1.1,0.9
0956030449,02124547,4/21/2015,0.4,0.6,0.5,0.6,0.4,0.6,0.4,0.7,1.2,0.7,1.3,0.7,1.3,0.5,0.6,1.0,1.5,0.1,0.1,0.0,0.0,0.0,0.0,0.0,0.0,0.0,0.0,0.0,0.0,0.0,0.0,0.0,0.0,0.0,0.0,0.5,0.4,46.4,70.1,70.2,69.6,69.7,70.0,69.6,0.6,0.7,0.6,0.5
0956030449,02124547,4/20/2015,0.8,1.3,1.2,0.9,1.2,1.2,0.8,1.2,1.3,0.8,1.2,1.0,0.8,1.1,0.8,1.0,0.2,0.2,0.3,0.0,0.0,0.0,0.0,0.0,0.0,0.0,0.0,0.0,0.0,0.0,0.0,0.1,0.0,0.0,0.0,0.2,0.6,61.1,68.8,68.6,68.3,69.0,69.1,4.3,0.4,0.6,0.4,0.6
0956030449,02124547,4/19/2015,0.8,0.9,1.0,0.8,1.0,1.0,0.9,1.0,1.0,0.8,1.0,0.9,1.1,0.9,0.6,0.5,0.3,0.4,0.0,0.1,0.0,0.0,0.0,0.2,0.0,0.0,0.0,0.0,0.0,0.0,0.3,0.1,0.5,0.6,1.0,0.9,1.0,15.1,37.1,37.1,36.7,36.9,36.8,36.7,1.3,0.9,1.2,1.2
0956030449,02124547,4/18/2015,0.8,1.0,1.1,0.8,1.0,1.1,1.0,0.9,1.1,1.1,1.1,0.8,1.2,1.1,1.0,0.5,0.3,0.1,0.0,0.0,0.0,0.0,0.0,0.0,0.0,0.0,0.0,0.0,0.0,0.0,0.0,0.0,0.0,0.0,0.0,0.3,10.0,64.2,67.7,68.0,67.6,67.7,67.8,68.0,0.8,0.9,0.8,1.0
0956030449,02124547,4/17/2015,1.2,0.9,1.3,1.3,1.4,0.9,1.3,1.5,1.5,1.0,1.4,1.6,1.2,0.9,1.0,0.8,0.1,0.3,0.1,0.0,0.0,0.0,0.0,0.0,0.0,0.0,0.0,0.0,0.1,0.0,0.2,0.0,0.2,0.5,0.2,0.8,0.8,58.4,82.4,82.3,81.8,81.8,75.6,68.1,1.0,0.7,1.0,1.0
0956030449,02124547,4/16/2015,1.5,1.5,1.4,1.2,1.7,1.7,1.1,1.8,1.8,1.2,2.0,1.3,1.7,1.6,1.1,1.8,1.2,0.2,0.2,0.0,0.0,0.0,0.0,0.0,0.0,0.0,0.0,0.0,0.0,0.2,0.0,0.0,0.2,0.0,0.6,0.6,1.0,61.1,68.6,82.7,83.2,83.1,83.3,69.3,1.2,0.8,1.2,1.2
0956030449,02124547,4/15/2015,4.0,3.9,3.8,3.6,4.0,4.0,3.7,3.7,4.0,4.2,3.5,4.1,4.2,3.3,3.8,3.8,2.9,2.5,2.6,2.5,1.8,2.0,2.6,1.9,1.8,1.1,0.4,0.0,0.0,0.0,0.1,0.2,0.2,0.3,0.1,0.7,0.9,61.2,69.2,68.8,68.8,69.2,69.6,69.1,1.5,1.4,1.2,1.1
0956030449,02124547,4/14/2015,2.9,3.4,3.0,3.4,3.2,3.4,3.3,3.6,3.4,3.3,3.6,3.2,3.4,3.4,3.3,3.3,2.8,2.5,3.6,2.9,2.8,2.4,2.6,2.4,2.3,2.8,3.2,3.1,2.9,3.1,3.2,3.0,3.4,2.8,3.2,3.7,3.3,47.7,72.0,71.1,71.7,71.2,71.4,71.4,4.1,4.0,3.6,3.6
0956030449,02124547,4/13/2015,3.2,3.3,3.0,3.5,3.2,3.1,3.3,3.0,3.3,3.3,3.0,3.3,3.2,3.1,3.2,4.6,3.3,1.8,1.7,0.6,0.6,0.3,0.0,0.1,0.0,0.1,0.0,0.1,0.0,0.1,0.0,0.0,0.5,0.7,1.3,1.9,2.2,62.0,69.6,69.7,69.7,70.1,70.2,6.8,3.1,3.1,2.9,3.1
0956030449,02124547,4/12/2015,3.2,3.1,3.3,3.0,3.4,3.4,3.1,3.3,3.4,3.3,3.2,3.4,3.4,3.0,3.6,4.4,2.7,2.3,2.0,1.1,0.9,0.5,0.2,0.3,0.2,0.2,0.0,0.3,0.1,0.0,0.2,0.2,0.7,1.1,1.8,2.2,2.5,30.6,69.9,70.5,71.0,71.1,55.0,38.7,3.0,3.1,3.2,2.9
0956030449,02124547,4/11/2015,3.7,3.1,4.1,3.0,3.3,3.2,3.0,3.3,3.3,3.1,3.3,3.3,3.1,3.1,3.2,3.3,3.5,2.5,2.9,2.4,1.2,0.3,1.2,0.3,0.7,0.5,0.0,0.9,0.2,0.4,0.1,0.3,0.4,1.4,1.8,2.2,2.2,2.9,5.9,6.4,6.6,6.4,6.6,6.6,3.4,3.2,3.0,3.2
0956030449,02124547,4/10/2015,3.6,3.0,3.5,3.6,3.5,3.2,3.5,3.5,3.1,3.4,3.5,3.2,3.3,3.5,3.7,3.6,3.4,2.8,3.0,3.4,2.9,3.9,3.9,2.9,2.9,2.6,3.0,3.1,2.4,3.3,2.7,2.3,2.7,2.8,2.5,3.3,10.0,61.7,85.9,85.3,84.2,85.0,85.4,71.1,3.7,3.4,3.5,3.0
0956030449,02124547,4/9/2015,3.3,3.0,3.4,3.4,3.2,3.3,3.7,3.4,3.0,3.3,3.3,3.2,3.2,3.4,3.5,3.5,3.2,2.9,2.8,3.0,3.0,3.6,4.3,3.6,2.5,2.2,2.9,2.8,2.2,3.0,3.2,3.6,3.2,4.6,3.7,4.8,4.1,63.9,71.3,71.1,70.5,71.3,71.8,70.4,3.7,3.6,3.3,3.5
0956030449,02124547,4/8/2015,3.4,3.2,3.3,3.1,3.6,3.3,3.6,3.2,3.4,3.4,3.4,3.2,3.2,3.0,3.1,3.0,3.1,2.8,2.8,2.5,3.1,2.7,2.5,4.0,2.4,2.7,2.3,2.8,2.4,2.3,2.8,3.2,3.0,3.1,3.2,3.5,13.3,77.4,85.1,85.6,85.3,85.7,78.3,71.4,4.1,3.4,3.2,3.3
0956030449,02124547,4/7/2015,3.2,3.1,3.4,3.1,3.3,3.0,3.4,3.7,3.3,3.6,3.6,3.2,3.4,3.5,2.9,3.8,2.2,2.3,2.2,1.9,2.6,2.2,2.8,1.7,1.4,0.5,0.7,0.7,0.8,0.9,0.8,0.9,1.9,1.9,2.9,2.8,3.4,76.3,84.9,84.3,84.4,84.5,77.8,38.8,3.7,3.3,3.6,3.6
0956030449,02124547,4/6/2015,3.4,3.3,3.1,3.3,3.4,3.1,3.4,3.4,3.0,3.3,3.4,3.1,3.3,3.3,2.8,3.1,2.2,1.6,1.0,0.8,0.4,0.3,0.0,0.1,0.0,0.0,0.0,0.0,0.0,0.1,0.0,0.3,0.2,0.8,1.6,2.0,2.8,62.7,70.7,69.9,69.8,69.6,69.8,6.8,3.0,3.2,2.9,3.1
0956030449,02124547,4/5/2015,3.3,3.1,3.4,3.4,3.1,3.4,3.4,3.1,3.4,3.4,3.0,3.5,3.5,3.4,3.0,3.1,2.9,2.7,2.3,2.6,1.6,1.7,1.5,0.9,0.0,0.3,0.0,0.0,0.0,0.0,0.1,0.2,0.1,0.6,1.4,1.5,2.3,2.9,6.3,6.3,6.7,6.7,6.5,6.6,3.4,3.3,3.1,3.2
0956030449,02124547,4/4/2015,3.3,3.7,3.1,3.7,3.2,3.4,3.6,5.1,5.0,4.4,3.2,4.7,4.9,5.0,4.8,3.9,2.3,3.1,2.8,2.6,2.7,1.7,1.2,1.2,0.5,0.4,0.4,0.3,0.3,0.0,0.6,1.1,0.4,1.0,2.9,1.8,2.5,3.5,6.5,7.5,6.4,6.8,7.0,6.5,3.5,3.3,3.0,3.3
0956030449,02124547,4/3/2015,3.0,3.3,3.3,3.0,3.4,3.5,3.0,3.5,3.4,3.0,3.3,3.4,2.9,3.5,3.1,3.1,3.4,2.9,3.1,2.9,3.0,3.2,3.0,2.7,1.8,2.2,2.3,2.9,3.0,2.4,3.1,2.8,2.9,2.5,2.8,3.0,2.9,63.4,70.7,70.8,70.2,70.9,70.4,7.2,3.0,3.7,3.0,4.0
0956030449,02124547,4/2/2015,3.4,3.4,3.4,3.1,3.4,3.5,3.5,3.1,3.5,3.5,3.5,3.6,3.2,3.4,3.6,3.9,4.2,3.6,2.9,2.3,1.5,1.1,1.2,0.3,0.1,0.1,0.5,0.0,0.1,0.8,0.2,0.6,0.8,1.7,1.5,2.6,2.5,63.2,70.7,70.2,70.7,70.7,70.5,70.8,3.4,3.1,3.2,3.2
0956030449,02124547,4/1/2015,3.7,3.4,3.5,3.6,3.6,3.5,3.2,3.5,3.8,3.7,3.7,3.5,3.6,3.9,3.7,3.4,4.1,2.8,2.0,2.4,0.6,0.5,0.8,0.2,0.2,0.4,0.1,0.1,0.3,0.0,0.9,0.6,0.8,1.4,1.7,1.9,2.9,63.6,71.4,71.6,71.3,71.7,71.5,71.3,3.8,3.4,3.3,3.0
0956030449,02124547,3/31/2015,3.4,3.3,3.0,3.5,3.5,3.4,3.4,3.1,3.5,3.5,3.6,3.3,3.5,3.5,3.7,3.0,2.8,2.2,1.7,1.3,1.2,0.1,1.4,0.9,0.3,0.0,0.2,0.2,0.0,0.2,1.8,2.1,3.1,3.0,3.0,4.0,3.4,63.7,71.4,71.6,71.8,71.3,71.7,40.1,3.4,3.5,3.6,3.6
0956030449,02124547,3/30/2015,4.7,4.7,4.8,4.8,4.6,4.6,3.6,4.4,3.5,4.2,3.8,3.9,4.3,4.6,4.4,4.5,4.5,4.0,3.3,3.7,3.5,3.4,3.5,3.3,1.5,0.3,0.7,1.1,0.4,0.4,0.1,0.9,0.2,2.3,2.1,3.3,2.4,64.0,71.3,71.8,71.7,71.0,71.6,7.3,3.4,3.3,3.1,3.4
0956030449,02124547,3/29/2015,5.3,5.3,5.2,5.3,5.2,5.1,5.1,5.2,5.2,5.2,5.2,5.4,5.2,5.2,5.2,5.0,4.2,3.7,3.1,2.5,1.6,1.4,0.9,0.7,0.5,0.4,0.3,0.3,0.3,0.5,0.7,0.8,0.6,0.8,2.7,1.7,3.2,3.4,7.8,6.9,7.1,7.6,7.2,8.1,3.9,4.4,4.5,3.7
0956030449,02124547,3/28/2015,3.7,4.8,3.7,4.9,5.0,5.0,4.9,5.0,4.9,4.9,5.1,5.2,5.2,5.2,5.2,4.9,4.9,4.3,3.8,3.5,2.7,2.2,1.9,1.6,1.5,1.7,2.8,2.8,4.1,3.8,4.3,2.3,2.4,2.7,3.7,4.4,4.6,5.0,8.4,8.7,8.9,8.7,8.8,8.7,5.4,5.3,5.3,5.3
0956030449,02124547,3/27/2015,3.3,3.4,3.6,3.9,3.7,3.4,3.6,4.2,3.7,3.5,3.4,3.5,3.4,3.5,3.2,4.7,3.3,3.4,3.2,2.8,3.9,2.9,2.5,3.4,2.6,2.6,3.3,1.8,2.9,2.7,1.0,2.5,1.9,2.4,3.1,2.8,4.4,63.1,71.4,70.9,38.8,39.7,38.4,8.3,4.4,3.9,4.8,4.5
0956030449,02124547,3/26/2015,3.5,3.4,3.6,3.5,3.5,3.3,3.4,3.6,3.5,3.3,3.3,3.1,4.3,3.5,3.2,3.1,2.9,3.2,4.1,3.4,3.3,3.4,2.6,3.1,1.2,2.2,0.7,1.0,0.5,0.2,0.4,0.4,0.6,0.8,1.5,2.6,9.1,77.4,84.7,84.3,85.0,85.2,84.9,84.9,3.7,3.1,4.1,3.8
0956030449,02124547,3/25/2015,4.1,3.4,3.9,4.3,3.7,4.4,3.5,4.6,3.7,4.2,3.6,4.5,3.5,4.3,3.5,4.1,3.4,3.1,3.8,3.2,4.1,3.2,2.5,3.0,2.4,2.5,1.2,0.8,2.1,1.1,1.8,3.2,4.5,4.2,3.4,4.6,3.6,64.4,72.1,71.6,71.7,71.8,72.0,71.8,3.9,3.6,3.4,3.3
0956030449,02124547,3/24/2015,3.6,3.4,3.4,3.6,3.6,3.5,3.3,3.6,3.6,3.6,3.1,3.5,3.6,3.8,3.4,4.3,3.5,3.4,3.2,3.3,4.0,1.9,2.2,1.5,1.2,2.7,1.8,1.9,2.0,2.7,3.1,1.9,2.5,2.2,3.0,3.2,10.0,78.6,85.8,87.4,86.5,86.7,85.5,85.8,3.9,4.0,3.3,3.8
0956030449,02124547,3/23/2015,3.5,3.3,3.2,3.5,3.6,3.6,3.2,3.4,3.7,3.6,3.6,3.4,3.8,3.8,3.6,3.2,4.8,3.4,2.3,1.2,0.5,0.5,0.3,0.2,0.0,0.0,0.3,0.3,0.2,0.5,0.5,0.6,0.7,1.4,2.1,2.5,3.3,63.7,71.4,71.4,71.9,72.1,71.6,7.2,3.7,3.1,3.6,3.6
0956030449,02124547,3/22/2015,3.5,3.9,3.6,3.3,3.4,3.7,3.8,3.5,3.9,3.6,3.3,3.3,3.7,3.7,3.6,3.8,5.2,3.8,4.5,3.5,2.9,2.6,1.1,1.9,2.4,1.7,2.2,1.5,1.3,2.0,1.4,1.4,2.0,1.2,2.3,2.6,3.2,62.6,70.1,38.9,6.7,6.4,6.8,6.7,3.4,3.0,3.3,3.4
0956030449,02124547,3/21/2015,4.2,4.1,3.6,4.0,3.7,3.4,4.5,4.0,3.8,4.4,3.5,4.1,3.8,3.6,4.3,3.5,4.5,4.7,5.3,3.9,4.7,3.5,3.6,2.3,0.6,1.0,1.1,1.4,1.6,2.5,1.6,1.6,1.7,1.5,2.2,2.5,2.8,62.6,34.0,6.5,6.2,6.6,6.6,6.6,3.0,3.3,3.5,3.5
0956030449,02124547,3/20/2015,3.3,3.4,3.4,3.3,3.4,3.4,3.6,3.5,3.3,3.3,3.5,3.6,3.7,3.4,3.4,3.6,3.6,3.3,3.3,3.5,3.3,2.9,3.2,3.3,3.4,2.9,4.1,3.6,3.4,2.9,3.6,3.7,3.6,3.6,4.4,4.0,4.1,65.9,73.2,72.7,40.6,40.4,39.3,7.6,3.6,4.1,4.0,3.6
0956030449,02124547,3/19/2015,5.8,6.0,6.1,6.1,5.5,5.9,5.9,5.5,5.8,5.7,5.8,5.8,5.8,5.7,5.5,5.7,5.9,6.1,5.9,5.3,4.0,3.1,4.0,3.6,2.6,2.6,2.9,3.0,3.0,3.0,4.2,4.2,4.6,5.3,4.9,5.4,5.6,65.2,72.1,72.1,72.2,72.6,70.9,69.9,3.5,3.2,3.1,3.3
0956030449,02124547,3/18/2015,7.1,6.6,6.2,6.3,6.1,6.3,6.5,6.4,6.6,6.5,6.6,6.3,7.4,6.2,6.3,7.0,6.8,6.5,5.9,5.4,4.7,4.4,3.7,3.5,3.4,3.1,2.9,3.0,3.0,3.3,3.6,4.0,4.7,5.0,4.7,5.7,13.2,80.7,87.7,88.2,88.4,88.3,88.2,87.4,7.0,5.9,6.0,6.0
0956030449,02124547,3/17/2015,5.8,5.5,5.8,5.8,5.8,5.8,5.7,5.8,5.8,5.6,5.8,5.7,5.7,5.8,5.9,5.7,5.7,5.4,5.2,4.7,4.5,4.1,4.2,5.1,3.0,3.1,5.3,5.2,4.5,3.0,2.4,2.8,2.9,3.6,4.2,5.2,5.6,66.5,73.9,72.9,73.5,74.7,73.8,42.5,6.9,6.2,6.6,7.4
0956030449,02124547,3/16/2015,5.9,5.7,6.0,6.0,5.8,6.0,6.0,5.9,5.7,6.0,5.8,5.8,5.6,6.0,5.9,5.7,5.7,5.6,5.3,5.1,4.9,4.5,3.2,2.4,2.2,2.3,2.5,2.8,1.9,2.4,3.4,4.2,4.4,4.2,4.2,4.9,5.3,65.8,73.2,73.2,73.9,73.6,73.2,10.4,5.7,5.8,5.6,5.7
0956030449,02124547,3/15/2015,5.9,6.0,5.9,5.9,5.9,5.9,5.9,5.9,5.7,5.9,5.9,5.8,5.7,5.5,6.0,7.2,8.1,8.3,8.4,8.2,7.4,6.8,6.3,4.5,4.4,4.9,4.7,4.3,4.4,2.3,3.3,2.5,3.8,3.6,4.3,5.1,6.0,35.9,41.6,41.7,41.6,9.9,9.9,9.8,5.9,6.0,6.0,5.9
0956030449,02124547,3/14/2015,6.0,6.1,6.0,5.9,6.0,6.0,6.2,6.2,6.1,6.0,6.4,6.2,6.4,6.1,6.0,6.6,6.8,7.0,6.8,7.0,7.4,7.0,7.4,6.4,6.4,6.5,6.0,6.2,5.9,5.4,5.9,6.0,6.4,6.0,6.3,6.3,6.2,66.9,74.2,74.4,74.0,24.9,42.3,42.3,6.3,6.0,5.8,6.2
0956030449,02124547,3/13/2015,5.9,6.0,5.9,6.0,5.8,6.0,5.9,6.0,5.9,6.0,6.0,5.8,6.0,6.0,5.8,5.8,5.4,4.7,4.6,4.4,3.8,3.4,2.8,2.0,1.9,1.8,1.8,2.4,3.9,4.1,4.6,4.5,5.0,4.7,5.5,5.5,6.0,66.4,74.0,74.1,74.3,74.0,42.3,10.3,6.2,6.1,6.0,6.0
0956030449,02124547,3/12/2015,6.0,6.0,6.4,6.0,6.0,6.0,6.0,6.0,6.0,6.0,6.3,6.2,6.3,6.1,6.3,6.0,5.6,5.2,4.8,4.4,3.1,2.8,2.4,2.0,1.9,1.8,1.6,1.6,1.9,2.1,2.4,2.2,2.7,3.3,3.7,4.8,5.3,65.9,73.5,73.8,73.7,74.1,73.9,74.1,6.7,5.8,5.9,5.8
0956030449,02124547,3/11/2015,6.2,6.0,6.4,6.0,5.8,5.8,5.8,5.6,5.8,6.0,6.1,6.3,6.2,5.8,6.3,5.5,5.8,6.2,6.0,5.8,5.5,5.3,5.4,5.2,4.8,4.3,3.2,3.1,3.2,4.2,4.5,4.8,4.6,4.8,5.0,5.3,5.7,66.0,73.5,73.9,74.1,74.2,74.1,73.8,6.6,5.9,6.3,5.9
0956030449,02124547,3/10/2015,6.0,6.0,6.1,6.1,6.1,6.0,6.3,6.1,6.1,6.1,6.1,6.1,6.0,6.0,5.9,5.8,5.9,5.3,5.1,4.9,6.5,6.4,5.5,6.1,4.5,5.1,5.0,5.0,5.3,5.6,5.4,5.7,5.8,5.7,5.5,6.2,6.3,66.5,74.1,74.4,74.2,74.3,74.0,42.8,6.7,5.9,5.7,6.1
0956030449,02124547,3/9/2015,7.1,6.9,6.9,7.2,7.6,6.4,7.6,6.6,7.3,7.4,6.4,7.3,7.4,6.5,7.2,7.3,5.9,6.9,5.7,6.1,6.1,4.1,3.7,3.5,2.6,2.2,2.4,2.5,2.5,2.8,2.7,2.9,3.8,3.5,4.0,5.0,5.5,66.0,74.3,74.4,74.2,73.8,74.5,10.9,6.1,5.8,6.0,6.0
0956030449,02124547,3/8/2015,7.6,6.6,7.5,7.7,-,-,7.6,7.7,7.2,6.8,7.6,7.6,7.6,7.6,7.5,7.4,7.2,6.8,6.4,4.9,5.4,3.6,4.2,2.4,2.9,2.9,3.0,2.5,2.3,2.8,2.8,3.0,3.1,5.7,8.4,9.1,9.3,39.6,41.6,42.2,42.4,42.0,42.2,42.9,7.3,6.5,7.3,6.6
0956030449,02124547,3/7/2015,7.7,7.5,7.6,7.5,7.1,7.2,7.7,7.7,7.7,7.7,7.5,7.7,7.7,7.5,7.5,7.4,7.2,7.3,7.3,7.0,7.2,7.2,7.2,7.1,7.1,6.8,7.0,6.8,6.6,6.6,6.4,6.5,6.6,8.8,11.2,11.3,11.3,11.5,11.6,11.6,11.7,11.7,11.7,11.8,7.8,7.6,7.6,7.6
0956030449,02124547,3/6/2015,7.6,7.5,7.7,7.7,7.5,7.5,7.5,7.5,7.6,7.5,7.4,7.6,7.5,7.2,7.3,7.4,7.3,6.4,7.2,6.1,7.4,6.5,6.8,5.9,7.1,6.5,6.4,6.9,6.3,6.8,6.5,6.0,6.5,8.3,11.2,70.0,17.2,10.9,11.1,10.7,10.8,11.3,10.7,11.6,7.5,6.8,7.6,7.5
0956030449,02124547,3/5/2015,6.4,6.9,7.1,7.6,6.3,7.6,6.4,7.6,7.6,7.4,6.5,7.7,7.6,7.2,6.9,7.6,7.6,7.5,7.4,7.5,7.5,7.6,7.6,7.5,7.6,7.7,7.7,7.5,7.6,7.6,7.4,7.6,7.5,9.4,11.5,11.5,11.8,11.9,12.1,11.9,11.8,11.8,11.8,11.8,7.7,7.7,7.6,7.6
0956030449,02124547,3/4/2015,7.7,7.7,7.7,7.6,7.6,7.5,7.4,7.5,7.5,7.5,7.5,7.6,7.6,7.4,7.3,7.2,7.4,7.0,6.2,7.0,6.7,7.3,6.1,6.7,6.3,6.6,6.9,7.1,6.5,6.4,7.1,7.5,7.3,8.4,11.3,71.3,76.4,76.1,75.1,76.1,75.6,75.1,74.6,75.1,6.6,7.3,6.8,7.4
0956030449,02124547,3/3/2015,7.6,6.6,6.3,7.6,6.7,6.8,7.8,6.7,7.6,6.6,7.3,6.7,6.6,6.3,7.1,6.1,6.8,6.6,6.3,5.3,6.3,6.5,6.6,6.4,6.5,6.9,7.2,7.1,7.1,7.1,7.2,7.4,7.5,9.5,11.6,72.9,76.5,76.5,76.4,76.2,76.2,76.2,75.6,75.7,8.1,7.8,7.6,7.7
0956030449,02124547,3/2/2015,7.7,7.6,7.7,7.6,7.6,7.6,7.6,7.6,7.6,7.6,7.5,7.6,7.5,7.5,7.3,7.2,6.6,6.0,5.8,4.9,4.6,4.0,4.0,3.5,3.4,4.0,3.7,3.6,3.6,4.0,3.2,4.8,4.0,7.0,10.4,71.3,74.9,76.5,75.4,75.8,75.2,76.0,75.0,74.9,7.3,6.4,7.5,6.7
0956030449,02124547,3/1/2015,6.7,7.4,7.7,6.8,7.5,7.5,7.7,7.6,6.4,7.7,7.6,7.7,7.6,6.4,7.4,7.3,7.2,7.2,7.1,7.1,7.1,7.3,7.4,7.4,7.4,7.2,7.2,7.1,7.1,7.3,7.3,7.4,7.3,9.2,11.4,41.8,44.0,17.6,11.7,11.6,11.7,11.6,11.6,11.7,7.7,7.6,7.7,7.6
0956030449,02124547,2/28/2015,7.7,7.0,6.9,6.8,6.6,7.7,7.5,6.8,6.8,7.6,7.5,7.9,7.1,7.7,7.5,5.8,6.3,5.0,6.1,4.4,4.0,4.2,3.4,2.4,3.5,2.2,3.5,2.6,3.5,3.9,3.7,3.6,5.3,6.6,10.8,71.3,76.1,75.0,75.3,75.0,11.1,11.0,11.8,10.4,7.8,7.7,7.8,6.7
0956030449,02124547,2/27/2015,7.4,6.5,7.2,6.9,6.9,7.5,7.4,7.4,7.4,6.9,7.0,7.7,7.7,7.5,7.5,6.5,6.8,6.1,5.8,6.2,5.0,5.9,5.9,4.9,4.3,3.3,3.4,2.6,3.9,4.2,4.5,4.9,4.6,6.7,10.3,72.1,76.1,74.9,74.3,74.2,75.7,75.6,75.9,75.4,7.2,7.2,6.6,6.7
0956030449,02124547,2/26/2015,7.3,7.4,7.4,7.4,7.4,7.4,6.5,7.4,7.4,7.4,6.4,7.6,7.5,7.4,6.5,7.3,7.4,6.5,7.4,6.7,6.4,6.6,5.9,6.7,6.0,6.9,6.4,6.1,5.0,5.5,4.9,6.1,6.6,8.1,10.4,11.1,10.6,11.2,11.4,10.1,11.4,11.4,11.4,11.5,7.6,7.5,7.5,7.5
0956030449,02124547,2/25/2015,7.3,7.4,7.5,7.3,7.4,7.6,7.3,7.4,7.3,7.4,6.9,7.0,7.4,7.4,7.2,6.8,6.8,7.0,6.2,6.0,5.5,5.1,4.5,3.9,4.6,4.2,5.0,5.1,5.2,5.6,5.2,5.3,6.0,8.1,9.9,70.5,74.4,74.9,74.8,74.8,74.6,74.6,74.5,74.6,7.8,7.4,7.4,7.4
0956030449,02124547,2/24/2015,7.4,7.4,7.4,7.5,6.5,7.3,7.3,6.4,7.4,7.4,6.7,6.9,6.4,6.7,6.3,6.0,6.0,5.8,4.4,3.4,3.0,3.4,3.0,3.2,2.9,2.9,3.0,3.0,3.3,3.6,4.0,5.5,6.5,8.4,10.8,11.1,11.3,11.4,11.3,11.2,11.1,11.4,11.4,11.2,7.3,7.5,7.4,7.3
0956030449,02124547,2/23/2015,7.4,7.3,7.4,7.5,7.4,7.5,7.4,6.5,7.4,7.4,7.6,7.5,6.5,7.6,7.5,7.5,7.4,6.5,7.1,7.2,7.2,7.5,7.4,7.0,6.2,4.6,3.2,3.5,3.9,4.1,4.7,5.1,5.8,7.9,11.0,11.3,11.4,11.5,11.4,11.6,11.5,11.5,11.5,11.4,7.6,7.5,7.4,7.4
0956030449,02124547,2/22/2015,7.3,7.2,7.3,7.3,7.2,7.2,7.3,7.3,7.2,7.3,7.3,7.2,7.2,7.3,7.3,7.3,7.3,7.2,7.2,7.2,7.1,7.1,7.0,6.8,6.5,6.3,6.0,5.8,4.6,5.3,4.5,5.4,5.4,8.5,10.1,11.2,11.4,11.4,11.3,11.4,11.4,11.5,11.5,11.5,7.4,7.4,7.5,7.3
0956030449,02124547,2/21/2015,7.2,7.2,7.1,7.2,7.2,7.2,7.3,7.3,7.3,7.3,7.3,7.2,7.3,7.2,7.3,7.2,7.3,7.2,7.3,7.2,7.2,7.3,7.5,7.1,7.4,7.2,7.1,7.2,7.0,7.1,7.2,7.2,7.1,8.9,11.3,11.1,11.1,11.3,11.4,11.4,11.4,11.3,11.3,11.2,7.5,7.4,7.4,7.2
0956030449,02124547,2/20/2015,7.4,7.4,7.4,7.3,7.4,7.4,7.5,7.7,7.6,7.5,7.6,7.6,7.6,7.4,7.5,7.5,7.4,7.4,7.4,7.3,7.3,7.5,7.3,7.4,7.4,7.4,7.7,7.8,7.6,7.4,7.4,7.3,7.1,8.9,11.0,11.1,11.3,11.4,11.3,11.4,11.4,11.5,11.5,11.6,7.5,7.3,7.4,7.3
0956030449,02124547,2/19/2015,7.6,7.5,7.6,7.5,7.5,7.6,7.5,7.5,7.5,7.4,7.4,7.4,7.6,7.5,7.5,7.4,7.3,7.2,7.3,7.3,7.4,7.5,7.5,7.6,7.5,7.6,7.8,7.2,7.2,7.3,7.4,7.3,7.3,9.5,11.6,11.5,11.6,11.6,11.6,11.7,11.7,11.5,11.4,11.4,7.4,7.4,7.4,7.5
0956030449,02124547,2/18/2015,7.1,7.2,7.1,7.2,7.1,7.2,7.0,7.2,7.1,7.1,7.2,7.1,6.3,7.2,7.4,7.2,7.0,5.8,7.1,6.8,6.3,6.4,7.1,6.2,7.0,6.5,6.5,7.0,7.1,6.9,6.9,7.1,7.1,9.0,11.3,10.9,11.3,11.6,11.4,11.6,11.5,11.5,11.6,11.6,7.5,7.5,7.5,7.5
0956030449,02124547,2/17/2015,7.0,7.0,7.1,7.0,7.0,7.0,7.1,7.2,7.1,7.1,7.1,7.2,7.1,7.0,7.0,7.1,7.0,7.1,7.0,6.9,7.2,7.0,7.1,7.1,7.1,7.1,7.1,7.0,7.0,6.9,7.2,7.0,5.6,8.0,10.4,9.9,10.8,10.4,10.9,10.1,11.3,11.1,10.6,10.4,7.4,7.2,7.2,7.0
0956030449,02124547,2/16/2015,7.5,7.5,7.4,7.5,7.4,7.4,7.4,7.5,7.5,7.5,7.4,7.5,7.4,7.4,7.2,6.9,6.7,6.6,6.5,6.1,5.8,5.9,5.4,5.6,6.0,6.0,6.3,6.4,6.6,6.6,6.7,6.9,6.8,8.8,11.0,10.9,11.2,11.1,11.2,11.1,11.0,11.1,11.0,11.0,7.1,7.2,7.3,7.1
0956030449,02124547,2/15/2015,7.6,7.7,7.7,7.5,7.5,7.5,7.5,7.5,7.4,7.4,7.5,7.5,7.5,7.4,7.3,6.9,6.4,5.8,5.0,4.8,4.1,3.8,3.5,3.3,3.3,3.3,3.4,3.6,3.8,4.2,4.7,5.2,5.8,8.3,11.1,11.4,11.4,11.5,11.5,11.4,11.4,11.4,11.5,11.5,7.6,7.5,7.4,7.5
0956030449,02124547,2/14/2015,7.1,6.5,6.6,7.0,7.2,6.5,7.0,6.8,6.0,7.0,6.2,6.4,6.4,7.2,7.0,6.7,6.6,6.7,7.0,7.0,6.8,6.9,7.4,6.8,6.7,6.8,6.6,3.9,5.1,4.6,5.1,6.6,6.6,8.7,10.8,11.3,10.6,11.5,11.8,11.9,11.7,11.5,11.6,11.6,7.8,7.6,7.5,7.6
0956030449,02124547,2/13/2015,7.7,7.6,7.4,7.4,7.4,7.4,7.4,7.4,7.6,7.4,7.4,7.5,7.5,7.5,7.5,7.2,6.7,5.9,5.3,4.6,4.3,3.9,3.6,3.4,3.4,3.5,3.5,3.5,3.8,4.0,4.7,5.0,5.5,8.2,40.6,43.1,42.8,42.8,42.9,27.3,9.9,11.2,10.4,10.8,6.1,7.4,6.9,6.3
0956030449,02124547,2/12/2015,7.4,6.6,7.0,7.3,7.4,7.4,6.4,7.2,7.3,7.4,7.4,7.4,7.3,7.3,7.2,7.2,7.1,7.0,6.8,6.9,6.9,7.1,6.7,6.7,6.9,6.6,6.2,6.6,6.5,7.0,5.5,7.1,6.5,8.6,25.1,57.2,75.9,75.8,75.4,75.2,75.4,59.9,28.0,11.6,7.8,7.6,7.6,7.7
0956030449,02124547,2/11/2015,6.8,7.1,7.5,7.5,7.6,7.5,7.4,7.5,6.1,6.3,7.3,7.2,7.3,7.3,7.2,6.9,5.6,5.2,4.2,3.8,3.2,2.6,3.1,2.2,2.4,3.4,2.3,2.7,2.9,3.0,3.6,4.4,4.3,20.7,41.1,42.4,42.1,42.2,42.6,42.4,42.0,42.2,42.5,11.5,7.3,7.3,7.3,7.4
0956030449,02124547,2/10/2015,7.1,7.1,6.7,7.5,7.5,7.5,7.5,7.5,7.6,7.5,7.4,7.5,7.5,7.5,7.3,7.3,7.2,7.2,7.5,7.2,7.0,6.9,6.8,6.9,6.5,6.5,6.4,6.4,6.6,6.8,7.0,7.0,7.2,8.9,32.2,57.1,75.1,75.0,75.0,74.6,74.9,75.1,44.1,11.4,7.6,7.5,7.5,7.4
0956030449,02124547,2/9/2015,6.1,6.5,6.5,6.6,6.2,6.3,6.4,6.2,6.2,6.2,6.1,6.2,6.4,7.1,6.2,6.6,7.2,5.9,5.8,6.0,6.2,6.1,5.6,5.6,5.9,5.8,5.9,5.9,5.8,6.7,6.4,6.4,6.4,8.1,31.9,43.3,42.4,42.5,42.7,42.8,42.2,43.1,26.9,10.3,7.6,7.0,6.7,6.8
0956030449,02124547,2/8/2015,7.5,7.5,6.2,7.5,7.4,7.4,7.4,7.4,7.4,7.4,6.3,7.2,7.4,7.4,7.3,7.2,7.2,7.2,6.9,6.6,6.1,5.0,3.9,3.9,3.6,3.0,3.2,2.8,3.1,2.8,3.7,4.2,4.7,7.1,9.8,10.1,41.6,41.4,26.8,10.1,10.2,10.0,10.1,10.4,6.4,6.4,6.3,6.3
0956030449,02124547,2/7/2015,7.3,7.7,7.5,7.6,7.7,7.5,6.7,7.7,7.7,6.5,7.4,7.7,7.5,6.9,7.6,7.5,7.1,6.1,6.5,5.3,6.3,6.2,5.3,4.7,4.5,5.2,5.9,5.3,5.9,5.0,6.5,6.7,6.0,9.2,13.5,42.9,43.0,43.9,43.7,43.6,43.5,43.4,27.8,11.6,7.6,7.5,7.5,7.5
0956030449,02124547,2/6/2015,7.8,7.7,7.7,6.7,7.0,6.5,7.4,6.4,6.3,6.4,6.8,7.1,6.6,7.7,7.4,6.6,6.8,7.1,6.7,6.0,5.6,5.7,4.2,5.5,6.2,5.5,5.5,6.0,6.0,6.7,6.9,6.6,6.9,9.0,42.0,43.7,44.1,42.5,43.1,27.5,11.1,10.9,11.8,10.3,6.7,7.7,7.7,7.1
0956030449,02124547,2/5/2015,6.9,7.0,6.8,6.5,6.7,7.1,6.1,7.4,6.5,7.6,6.8,7.2,7.9,7.8,7.8,7.4,7.2,7.4,7.2,6.9,6.7,6.7,4.8,4.3,3.8,3.9,4.3,5.1,4.5,4.9,5.1,5.8,6.2,8.6,25.2,57.6,77.5,77.2,77.5,77.4,77.2,61.2,19.3,11.9,7.9,7.9,7.9,7.8
0956030449,02124547,2/4/2015,7.6,6.4,6.7,7.4,6.6,7.4,7.5,7.5,6.6,6.3,7.5,6.7,7.2,6.6,6.9,6.5,5.8,6.0,5.6,5.2,4.9,4.5,4.2,4.0,3.7,2.9,3.0,4.0,3.6,4.3,4.8,4.7,4.8,22.2,41.9,42.3,42.8,42.5,42.6,42.1,42.8,43.2,42.4,12.1,7.5,7.5,6.9,6.2
0956030449,02124547,2/3/2015,7.8,7.8,7.7,7.8,7.8,7.8,7.7,7.6,7.6,7.5,7.5,7.8,7.7,7.6,7.3,7.2,7.4,7.3,6.9,6.6,6.5,4.7,4.0,3.8,3.7,3.6,3.6,3.9,4.0,3.6,4.7,4.7,5.4,8.2,40.1,57.2,75.9,74.9,74.8,75.4,75.3,75.2,44.8,10.2,6.6,7.2,7.7,7.6
0956030449,02124547,2/2/2015,7.5,7.6,7.6,7.2,6.8,7.5,7.5,6.4,7.5,7.2,6.6,7.4,7.0,6.7,7.4,6.4,7.0,6.9,6.5,6.7,6.4,6.0,7.2,7.2,7.3,6.3,6.9,6.8,6.9,6.3,5.5,6.2,7.4,9.8,42.9,44.5,44.9,44.5,44.6,44.8,44.3,43.9,28.3,12.0,7.9,7.8,7.7,7.7
0956030449,02124547,2/1/2015,7.6,7.4,7.2,6.7,7.5,7.6,7.6,7.6,7.7,7.5,7.5,7.6,7.5,7.5,7.5,7.3,7.1,6.8,6.9,6.9,6.7,6.3,6.5,6.5,6.3,6.4,6.3,5.9,5.9,6.8,6.6,7.0,5.7,8.6,10.5,11.5,11.6,10.6,10.8,11.3,11.4,10.7,11.5,11.5,7.5,7.4,7.2,6.8
0956030449,02124547,1/31/2015,7.8,7.8,7.7,7.7,7.8,7.8,7.7,7.7,7.9,8.0,7.9,7.8,7.8,7.7,7.5,7.4,6.8,6.2,5.6,5.2,4.8,4.3,4.5,4.3,4.2,4.3,4.7,4.4,4.6,5.1,4.9,5.6,6.3,22.6,43.6,43.8,43.6,42.1,42.4,28.2,11.6,11.7,11.5,11.6,7.7,7.6,7.5,7.6
0956030449,02124547,1/30/2015,6.8,6.7,7.1,7.4,7.3,7.3,7.4,7.4,7.4,7.6,7.5,7.6,7.6,7.7,7.8,7.2,7.3,5.3,6.2,6.0,7.4,5.1,5.5,6.3,3.7,4.3,4.7,4.4,5.0,5.9,5.4,6.0,6.6,9.2,41.9,43.9,44.2,43.9,44.0,28.3,11.7,11.7,11.7,11.9,7.9,7.8,7.8,7.7
0956030449,02124547,1/29/2015,6.2,7.4,6.6,6.9,7.1,7.5,6.5,6.8,7.4,7.6,7.5,7.7,7.5,7.7,7.5,7.1,5.8,6.0,6.9,6.6,5.6,6.0,6.1,5.7,5.7,6.3,6.3,6.4,6.7,6.8,7.1,6.9,6.4,9.2,25.3,57.6,76.3,75.8,75.9,75.9,75.6,40.2,11.4,11.5,7.6,7.5,7.5,7.0
0956030449,02124547,1/28/2015,7.9,7.9,7.8,7.8,7.7,7.6,7.8,7.7,7.7,7.7,7.8,7.8,7.5,7.6,7.6,7.3,6.8,6.1,5.9,5.0,4.6,4.3,3.9,3.9,4.2,4.1,4.0,4.3,4.4,4.7,5.3,5.4,6.0,22.4,42.3,43.0,42.6,43.5,42.3,43.2,42.6,43.0,43.5,11.6,6.7,7.5,7.5,7.5
0956030449,02124547,1/27/2015,7.9,7.9,7.8,7.9,7.6,7.8,7.7,7.6,7.6,7.6,7.7,7.6,7.6,7.6,7.7,7.6,7.4,7.2,7.2,7.1,6.9,6.7,6.0,6.0,4.9,4.5,6.0,6.6,7.0,6.3,6.4,7.1,7.5,15.5,43.8,58.4,77.2,76.8,76.4,76.3,75.6,75.4,44.5,11.8,7.9,7.8,7.8,7.7
0956030449,02124547,1/26/2015,6.7,6.7,6.5,6.3,6.7,6.4,6.4,6.3,6.1,6.2,6.6,6.6,6.5,6.2,6.2,6.5,6.4,6.3,6.1,5.8,7.5,6.7,6.9,6.0,6.2,7.0,6.2,7.0,6.6,7.4,7.5,7.4,6.3,17.2,42.6,43.7,43.9,43.8,43.9,43.7,43.5,43.5,28.2,12.0,7.8,7.8,7.9,7.8
0956030449,02124547,1/25/2015,7.1,6.6,7.5,6.3,7.5,7.6,6.4,7.4,7.4,7.5,6.5,7.6,7.5,6.4,7.5,7.1,6.4,7.0,6.7,4.5,5.0,4.3,4.8,4.8,6.1,6.0,4.8,5.0,4.4,4.0,5.4,6.0,5.8,8.4,10.4,10.2,10.8,10.7,10.7,10.3,10.3,10.7,10.7,10.3,6.3,6.8,6.6,6.2
0956030449,02124547,1/24/2015,7.1,7.4,7.4,7.5,7.5,6.9,6.6,6.5,6.4,7.5,7.4,6.4,7.4,7.6,7.5,6.8,7.0,7.2,7.1,6.8,6.3,7.3,7.0,6.9,6.8,6.9,7.2,7.3,7.4,7.2,7.3,7.3,6.5,9.0,11.7,12.0,11.7,11.9,11.7,11.8,11.5,10.7,11.4,10.4,7.5,7.8,7.8,7.7
0956030449,02124547,1/23/2015,7.5,6.8,7.0,7.5,7.5,7.5,7.5,7.4,7.5,7.6,7.5,7.4,6.5,7.0,7.4,7.3,6.9,6.3,4.8,5.5,5.9,5.3,5.1,3.5,4.4,5.1,6.2,6.2,6.1,6.1,6.6,7.2,7.3,9.1,41.2,43.3,43.3,43.4,42.9,27.7,11.4,11.4,11.4,11.5,7.0,6.7,6.3,6.7
0956030449,02124547,1/22/2015,7.6,7.7,7.5,7.5,7.5,7.5,7.5,7.5,7.4,7.5,7.5,7.5,7.5,7.4,7.3,7.4,7.2,7.2,7.2,6.5,5.0,4.4,4.4,4.0,6.1,6.1,5.9,4.7,5.0,5.2,5.9,6.0,6.4,8.7,24.5,56.7,76.1,75.6,75.5,75.6,74.6,59.9,27.1,11.4,6.9,7.2,6.7,7.4
0956030449,02124547,1/21/2015,6.4,7.6,6.9,7.0,7.6,6.5,7.5,7.6,7.5,7.6,7.5,6.4,7.3,6.4,6.5,6.8,6.3,7.0,6.5,5.9,5.7,5.8,6.5,6.9,7.1,6.9,7.1,7.2,6.8,6.2,6.6,6.6,7.2,23.3,43.6,43.9,44.0,43.7,43.7,43.4,42.1,43.0,42.9,11.8,7.5,7.6,7.6,7.5
0956030449,02124547,1/20/2015,7.5,7.6,7.6,7.6,7.7,7.6,7.5,7.6,6.3,7.3,7.4,7.5,7.5,7.5,7.4,7.2,7.0,6.9,6.8,6.6,5.4,6.3,4.8,4.4,5.5,4.2,5.4,5.6,5.2,5.0,6.6,5.8,6.0,23.1,42.2,56.6,75.8,74.8,75.2,75.7,75.7,75.1,44.7,11.7,7.6,7.6,6.9,7.3
0956030449,02124547,1/19/2015,7.4,6.6,7.5,7.5,7.5,7.5,7.5,7.5,7.5,7.1,6.9,7.5,6.5,7.8,7.7,7.6,7.6,7.5,6.0,7.0,6.2,6.5,7.0,7.0,6.9,5.7,5.3,4.7,4.7,4.3,5.3,5.7,5.1,23.9,42.3,42.8,42.9,43.0,43.6,42.7,43.5,43.5,27.8,11.5,7.6,7.6,7.5,7.6
0956030449,02124547,1/18/2015,7.7,7.6,7.5,7.5,7.6,7.6,7.6,7.5,7.5,7.5,7.5,7.4,7.5,7.4,7.4,7.3,7.3,7.3,7.3,7.3,7.7,7.2,7.3,7.3,6.7,6.5,6.9,6.4,6.0,6.8,5.5,6.4,6.0,9.0,10.4,11.4,10.5,11.6,11.8,11.2,11.2,11.1,11.1,11.7,6.8,7.4,7.3,6.8
0956030449,02124547,1/17/2015,7.2,6.3,6.5,7.1,6.7,6.4,6.9,6.8,7.1,7.7,7.4,6.8,6.8,6.4,6.6,6.1,6.3,5.1,4.6,5.0,3.7,4.6,4.3,2.8,2.9,4.0,4.3,4.6,5.6,5.4,5.7,3.1,5.4,8.7,11.4,10.5,11.5,11.6,10.6,11.6,11.6,10.6,11.5,11.5,7.6,7.7,7.7,7.7
0956030449,02124547,1/16/2015,7.5,7.6,7.6,7.5,7.6,7.6,7.5,6.6,7.6,7.5,7.5,7.5,7.5,7.5,7.5,7.4,7.0,6.2,5.8,5.4,4.9,4.7,4.3,5.0,4.1,4.4,5.2,4.8,5.1,5.4,5.9,6.1,7.2,9.8,41.9,44.4,44.3,44.1,43.8,28.0,11.0,11.3,11.8,11.7,6.5,7.6,7.4,6.7
0956030449,02124547,1/15/2015,7.7,7.6,7.5,7.5,7.3,6.6,7.4,7.5,7.4,7.5,7.4,6.5,7.4,7.6,7.5,7.4,7.4,6.0,7.0,7.3,7.0,6.8,6.8,6.5,6.2,4.9,4.4,5.1,5.2,6.0,6.7,6.9,7.0,9.1,25.2,57.7,76.0,75.2,75.3,74.9,74.5,43.5,27.5,11.5,7.6,7.5,7.6,7.6
0956030449,02124547,1/14/2015,7.0,6.3,7.6,7.9,7.8,6.9,6.6,6.8,7.1,7.8,6.4,7.6,7.5,7.7,7.6,7.6,7.6,7.5,7.4,7.2,7.0,7.0,7.1,7.0,7.0,6.9,6.8,6.8,6.7,6.7,7.0,7.1,7.2,23.0,43.5,43.5,43.7,43.6,43.6,43.6,43.7,43.8,43.8,11.7,7.6,7.5,7.6,7.7
0956030449,02124547,1/13/2015,6.4,7.6,7.2,6.8,7.5,6.4,7.5,6.6,7.3,7.5,7.5,7.3,6.9,7.4,6.8,7.3,6.3,6.7,4.7,4.4,4.7,4.0,3.9,5.6,4.4,4.3,3.7,6.0,5.4,5.8,6.7,5.8,5.7,8.2,10.0,25.6,43.7,43.2,44.1,43.7,44.0,43.5,27.1,11.0,6.9,7.1,6.7,7.4
0956030449,02124547,1/12/2015,7.5,7.5,7.6,7.5,7.5,7.5,7.6,7.5,7.4,7.3,7.4,7.4,7.4,7.5,7.5,7.3,7.3,7.3,7.3,7.3,7.2,7.1,7.0,7.1,7.1,7.0,7.0,7.1,7.2,7.2,6.5,7.2,7.0,31.8,43.2,42.9,43.1,43.6,43.6,43.3,41.6,42.7,27.2,10.3,7.5,6.9,7.2,7.5
0956030449,02124547,1/11/2015,7.6,7.3,7.6,7.7,7.5,7.5,7.5,7.8,7.8,7.8,7.6,7.7,7.6,7.7,7.6,7.3,6.8,6.1,5.7,5.2,4.8,4.5,4.2,4.1,4.0,4.1,4.7,4.9,5.1,5.8,6.4,5.5,7.0,9.3,11.6,11.7,11.7,10.2,11.6,10.9,11.2,10.6,10.7,11.3,6.5,7.4,7.5,7.5
0956030449,02124547,1/10/2015,7.6,7.7,7.6,7.7,7.7,7.7,7.6,7.6,7.5,7.6,7.4,7.5,7.8,7.7,7.5,7.4,6.9,6.4,5.8,5.3,5.0,4.4,4.1,4.0,3.9,3.9,4.0,4.2,4.6,4.9,5.4,5.7,5.0,8.5,10.6,11.7,10.9,11.4,11.3,10.9,11.6,11.0,11.5,10.9,7.5,6.6,7.5,7.5
0956030449,02124547,1/9/2015,7.7,7.6,7.8,7.7,7.8,7.9,7.7,7.7,7.7,7.5,7.6,7.6,7.6,7.4,7.2,7.3,7.1,6.9,5.5,5.1,4.8,4.6,4.2,4.0,3.8,4.1,4.2,4.3,4.6,5.0,5.5,6.1,7.1,9.6,41.0,44.1,44.0,43.3,43.5,27.8,11.6,11.6,11.7,11.8,7.7,7.6,7.6,7.6
0956030449,02124547,1/8/2015,7.6,7.6,7.7,7.7,7.7,7.8,7.9,7.8,7.8,7.8,7.8,7.6,7.7,7.6,7.7,7.6,6.9,6.4,6.2,5.6,5.4,4.9,4.6,4.5,4.5,4.5,4.7,4.9,5.0,5.2,5.5,6.0,6.3,9.1,24.8,57.1,14.4,11.5,11.5,11.8,11.9,11.7,11.9,12.2,7.9,7.6,7.7,7.7
0956030449,02124547,1/7/2015,7.6,7.6,7.7,7.6,7.6,7.7,7.6,7.6,7.6,7.6,7.6,7.5,7.5,7.6,7.7,7.6,7.5,7.6,7.2,7.0,6.6,6.3,6.6,6.6,6.5,6.2,7.4,6.4,6.2,7.3,6.6,6.6,6.9,9.3,11.6,11.9,11.9,11.9,11.8,11.8,11.8,11.9,11.8,11.9,7.8,7.7,7.7,7.6
0956030449,02124547,1/6/2015,6.3,6.3,7.3,5.8,7.4,6.3,7.5,6.1,6.7,7.0,7.1,6.8,7.4,7.5,7.5,7.5,7.4,7.4,7.2,7.3,7.2,7.2,7.2,7.3,7.2,7.3,7.2,7.4,7.3,7.3,7.3,7.1,6.3,9.2,11.3,24.6,11.8,11.7,11.8,11.8,11.7,11.7,11.7,11.7,7.7,7.6,7.6,7.6
0956030449,02124547,1/5/2015,7.8,8.0,7.6,6.5,7.9,7.8,7.8,7.5,6.3,6.6,7.1,6.9,6.7,6.3,6.3,7.6,7.2,6.7,6.4,5.4,4.9,4.7,4.4,4.4,4.2,4.3,4.4,4.5,4.9,5.5,5.7,6.2,6.8,9.5,13.6,43.7,44.2,44.2,44.1,28.2,11.9,10.6,11.6,10.2,7.7,6.9,7.1,6.1
0956030449,02124547,1/4/2015,7.4,6.4,7.3,7.3,7.4,7.3,7.5,7.5,7.4,7.4,7.3,7.3,7.3,6.8,6.7,7.2,7.2,7.0,6.9,7.0,7.0,6.7,6.8,6.8,5.7,6.7,6.8,5.3,4.3,5.7,6.0,6.4,3.4,8.3,10.3,7.6,10.8,10.2,10.7,10.5,10.1,11.6,10.4,11.3,7.8,7.7,6.5,7.3
0956030449,02124547,1/3/2015,7.5,7.5,7.5,7.4,7.5,7.0,6.8,7.2,6.6,7.4,6.1,7.5,6.7,7.1,7.4,7.2,6.1,6.2,6.6,6.2,5.9,7.2,6.0,6.7,6.5,7.2,5.9,6.8,6.0,6.9,6.2,6.6,6.7,9.1,10.5,11.3,10.7,11.1,10.9,11.2,10.8,11.5,10.5,11.5,7.1,7.0,7.5,6.3
0956030449,02124547,1/2/2015,7.6,6.3,7.5,7.5,7.5,7.5,7.5,6.1,7.4,7.4,7.5,7.4,7.3,7.3,7.3,7.3,7.1,6.9,6.1,5.6,5.0,5.2,4.7,4.4,4.8,4.7,5.2,5.4,5.6,5.5,5.6,6.2,6.4,8.1,10.3,11.0,10.8,10.7,11.1,11.5,10.4,11.3,10.7,11.5,7.6,7.5,7.4,7.4
0956030449,02124547,1/1/2015,7.3,7.0,7.4,6.7,7.6,7.7,7.6,7.6,7.6,7.6,7.7,7.6,7.3,7.0,7.4,7.5,6.8,6.2,5.9,5.2,4.8,4.5,4.4,4.4,4.4,4.3,4.5,4.7,5.4,6.3,5.9,6.0,6.6,9.1,11.4,10.6,11.3,11.6,11.6,11.7,10.7,11.3,11.6,11.7,7.7,7.5,6.6,7.2
0956030449,02124547,12/31/2014,6.6,6.7,7.4,7.6,7.6,7.6,7.6,7.6,7.1,7.1,7.5,7.4,6.5,7.6,7.6,7.5,7.1,6.8,5.8,5.4,4.0,4.7,4.5,4.6,4.3,4.3,4.3,3.6,5.0,4.8,4.8,5.3,6.0,7.8,10.0,10.6,11.1,11.3,10.4,11.8,10.7,10.5,10.9,11.3,7.6,6.6,7.4,7.5
0956030449,02124547,12/30/2014,6.3,6.6,6.9,6.2,7.0,6.7,6.5,7.2,6.2,7.3,6.6,6.4,7.4,6.6,7.1,6.7,6.8,7.1,6.1,6.4,5.8,5.4,4.3,3.0,2.9,3.4,3.4,3.7,3.6,5.0,4.1,5.8,5.5,7.9,10.6,25.2,43.4,43.1,43.4,44.0,44.4,43.2,27.5,10.7,7.5,7.5,7.5,7.3
0956030449,02124547,12/29/2014,6.0,7.6,6.3,6.5,6.5,6.0,6.5,6.7,6.0,6.5,6.6,6.1,6.3,6.8,6.4,6.2,6.1,6.2,6.1,6.2,5.7,6.1,6.2,5.7,5.0,5.4,5.6,5.9,5.6,6.1,6.3,6.3,6.0,8.5,10.6,10.2,10.9,11.0,10.3,10.8,11.0,10.3,10.4,11.1,6.5,6.3,6.9,6.8
0956030449,02124547,12/28/2014,6.6,6.5,6.5,6.1,6.4,7.1,6.1,6.5,6.9,6.1,4.9,5.7,6.3,6.3,6.1,5.8,6.2,4.3,4.9,4.8,2.0,4.2,4.1,2.4,2.8,3.0,4.0,3.0,4.1,4.1,4.6,7.0,4.6,5.6,10.8,10.4,9.9,10.0,9.0,9.9,10.3,10.4,10.1,10.2,6.2,6.9,6.5,6.1
0956030449,02124547,12/27/2014,7.4,6.9,6.8,7.4,6.3,7.5,7.4,7.4,6.7,6.9,7.4,6.2,7.4,7.3,6.2,7.3,5.8,6.3,4.7,5.4,5.3,3.4,2.9,1.4,2.4,1.2,2.4,2.1,1.9,2.4,3.4,2.8,2.7,5.4,7.4,9.7,10.2,10.2,10.3,10.4,10.4,10.2,10.1,10.5,6.6,6.5,6.2,6.2
0956030449,02124547,12/26/2014,6.8,6.8,6.2,6.4,6.7,6.7,6.3,7.4,6.3,7.4,7.0,6.7,7.5,7.4,6.3,7.3,6.2,5.1,4.7,5.0,3.8,3.6,3.4,3.0,3.4,3.3,3.6,3.3,0.7,1.8,2.6,3.4,2.9,7.6,10.1,10.3,10.2,10.2,10.8,10.6,10.2,11.0,10.8,10.4,7.3,6.6,7.3,6.4
0956030449,02124547,12/25/2014,7.1,7.6,4.9,3.8,6.7,5.4,3.7,6.4,6.8,6.7,6.3,6.1,6.2,6.9,6.5,5.9,6.4,5.9,6.7,5.1,5.1,5.4,4.4,6.2,6.5,5.1,3.5,4.1,4.0,4.1,4.5,4.7,5.2,8.1,10.1,10.1,10.3,10.5,10.8,10.8,10.4,11.0,10.9,10.5,6.8,7.6,6.2,6.5
0956030449,02124547,12/24/2014,6.8,6.6,6.3,7.3,7.6,6.4,6.8,6.1,7.2,6.0,6.5,6.6,5.9,6.6,6.8,5.9,6.1,6.5,6.0,5.7,6.1,5.9,6.0,5.6,6.5,6.3,5.8,6.2,6.0,5.8,3.1,6.3,6.4,7.6,10.3,11.1,10.3,9.0,9.6,9.6,8.1,10.9,11.4,9.9,6.6,6.6,7.6,6.6
0956030449,02124547,12/23/2014,7.5,6.3,7.4,7.4,7.3,6.4,7.5,7.4,7.1,6.5,7.5,7.1,6.5,7.4,6.5,6.9,7.2,5.8,6.9,6.4,5.8,6.8,6.6,5.8,5.7,6.4,5.4,6.8,5.6,6.6,6.2,5.9,6.8,8.0,11.1,24.2,43.2,43.3,42.5,43.1,43.3,42.6,26.9,11.0,6.9,6.1,7.4,6.0
0956030449,02124547,12/22/2014,7.5,7.5,6.4,7.3,7.2,6.6,7.4,6.5,7.1,7.1,6.6,7.4,6.3,7.4,7.5,6.3,7.0,6.6,7.1,6.7,5.3,7.0,6.9,5.9,6.6,6.9,5.6,6.3,6.2,6.6,6.5,7.3,7.3,9.3,11.2,10.8,11.8,11.8,10.8,11.8,10.8,11.7,11.7,11.7,6.7,7.3,7.5,7.3
0956030449,02124547,12/21/2014,7.5,7.6,7.5,6.5,7.5,7.6,7.1,6.9,7.6,7.0,6.9,7.5,7.5,7.5,6.4,7.1,7.2,6.7,6.2,6.8,5.6,6.2,5.1,5.6,3.6,3.4,3.5,3.8,4.2,4.5,4.7,5.9,6.1,7.9,10.8,11.2,10.5,11.7,10.6,11.7,11.7,11.6,11.7,10.7,7.8,7.7,7.5,7.4
0956030449,02124547,12/20/2014,7.6,7.7,7.6,7.6,7.6,7.5,7.5,7.6,7.6,7.6,7.7,7.8,7.7,7.6,7.5,7.4,7.2,7.2,5.5,6.3,5.7,6.1,4.8,6.4,4.4,5.4,5.2,5.6,4.9,6.7,7.2,7.2,7.3,9.2,11.6,11.7,11.7,11.6,10.3,11.7,11.7,11.0,11.2,11.6,7.6,7.5,7.7,7.6
0956030449,02124547,12/19/2014,7.6,6.7,7.8,7.3,7.2,7.9,7.9,7.8,7.7,7.2,6.9,7.7,7.2,6.9,6.6,7.6,7.5,7.5,7.5,7.3,7.2,7.2,7.1,6.9,7.0,6.9,6.9,6.2,6.1,7.0,6.4,6.1,7.1,9.3,11.2,10.8,10.6,11.6,10.8,11.5,11.7,11.3,11.0,11.6,7.6,7.6,6.9,7.2
0956030449,02124547,12/18/2014,7.3,7.9,8.2,7.9,6.7,7.8,7.8,7.9,7.0,7.3,6.9,7.5,7.7,7.6,6.2,7.3,6.9,5.5,5.4,5.7,5.1,4.9,5.2,5.2,4.6,4.5,3.9,4.8,5.4,4.8,5.3,6.6,5.9,8.7,10.9,25.5,43.6,43.4,43.8,44.1,44.2,43.8,27.2,11.7,6.7,7.7,6.7,7.7
0956030449,02124547,12/17/2014,6.2,7.2,6.5,6.9,7.1,7.5,7.3,6.3,6.8,6.6,6.6,7.0,6.6,7.0,7.3,5.8,6.6,4.8,5.6,5.2,4.6,3.4,4.1,4.8,3.8,4.3,3.9,4.2,5.0,3.8,4.7,5.4,5.7,8.0,24.0,42.6,43.7,43.1,42.9,44.3,44.5,27.0,11.8,12.0,8.1,7.0,7.3,7.1
0956030449,02124547,12/16/2014,6.9,6.9,6.6,6.6,7.1,6.9,6.5,6.9,7.1,6.7,7.2,6.3,7.5,6.3,7.3,6.2,6.3,6.2,5.6,5.2,6.2,6.5,6.3,6.8,6.3,6.5,5.7,6.3,6.5,6.0,6.1,5.4,4.7,8.1,25.3,56.1,75.4,75.1,74.6,75.5,75.1,59.7,27.8,11.1,7.0,7.9,6.6,7.2
0956030449,02124547,12/15/2014,6.7,6.2,6.6,7.1,6.2,7.0,6.6,6.3,7.3,6.3,6.6,6.9,6.3,6.5,6.8,6.0,6.2,6.1,5.7,4.8,3.6,3.5,2.8,1.1,1.7,1.1,1.2,1.5,1.4,2.3,2.7,2.4,3.4,8.4,8.1,10.0,10.2,10.2,10.6,10.6,10.7,10.6,10.4,10.5,6.8,6.7,6.5,6.4
0956030449,02124547,12/14/2014,6.1,7.3,7.0,6.7,7.4,7.4,7.3,6.5,7.5,7.4,7.4,7.6,7.5,7.5,7.3,7.2,6.1,5.6,5.1,5.7,5.4,5.9,6.1,6.0,6.4,6.3,5.8,6.0,5.9,6.1,6.2,6.9,6.1,8.1,10.6,10.2,10.2,10.8,10.8,10.3,10.6,10.6,10.7,10.6,6.2,6.1,6.6,6.7
0956030449,02124547,12/13/2014,6.7,7.5,7.6,7.6,6.4,7.6,7.6,7.6,7.6,6.4,7.5,7.6,7.6,7.6,7.5,7.3,6.8,6.3,6.1,5.4,4.7,4.2,5.4,5.1,4.0,5.2,3.7,5.2,4.1,5.1,5.4,5.5,5.6,8.1,10.5,10.4,10.4,10.9,11.2,10.9,11.2,10.5,11.0,11.1,6.5,7.4,6.3,7.4
0956030449,02124547,12/12/2014,7.5,7.7,7.7,7.8,6.6,7.2,7.8,6.3,7.4,6.8,7.7,7.6,7.8,7.8,7.7,7.4,7.3,7.2,6.6,6.4,6.4,5.7,5.6,5.6,5.6,5.3,4.8,6.1,5.3,5.6,6.0,5.8,6.4,9.1,10.3,11.7,10.2,10.8,10.9,10.4,11.3,10.3,11.4,10.5,7.6,6.3,7.3,7.3
0956030449,02124547,12/11/2014,8.1,8.1,8.1,7.9,8.0,8.0,7.9,7.7,7.8,8.0,7.8,7.6,7.8,7.8,7.3,7.3,7.0,6.5,6.3,5.5,5.1,5.0,4.7,5.5,5.3,6.7,7.3,6.5,7.1,7.3,7.6,7.5,7.4,9.4,11.7,25.8,44.5,42.9,44.4,44.9,42.7,42.9,27.0,10.5,7.5,7.6,7.6,6.5
0956030449,02124547,12/10/2014,7.7,6.5,7.9,7.9,7.9,8.0,8.0,7.9,7.8,7.8,7.8,7.9,7.9,7.9,7.9,7.6,7.1,6.6,5.6,5.4,5.8,4.6,4.8,6.0,5.8,6.5,5.6,6.5,7.1,6.5,7.2,7.0,7.6,9.7,26.1,44.1,44.4,44.1,44.5,44.4,44.3,28.2,12.3,12.2,8.1,7.9,8.1,8.1
0956030449,02124547,12/9/2014,7.2,7.8,7.7,7.8,6.7,7.7,7.7,7.7,7.7,7.7,7.6,7.7,7.6,7.5,7.5,7.4,6.6,6.9,7.1,7.1,6.9,6.9,5.5,6.3,5.7,5.9,6.5,6.8,7.2,7.5,7.7,7.6,7.4,9.4,25.8,56.8,76.2,76.0,75.3,75.3,76.0,60.6,27.1,11.3,7.7,6.6,7.3,6.4
0956030449,02124547,12/8/2014,6.5,5.2,5.3,6.6,6.4,6.7,6.5,6.4,5.9,6.6,6.1,6.6,6.6,6.5,6.3,6.2,6.3,6.1,7.0,5.7,5.8,6.1,5.9,6.3,5.2,5.7,6.4,5.4,5.6,6.1,6.4,6.5,6.1,9.0,10.7,10.4,10.7,11.5,10.5,10.6,11.1,11.0,10.9,11.7,7.2,6.9,7.6,6.8
0956030449,02124547,12/7/2014,6.9,6.5,6.8,7.4,6.6,7.9,7.0,7.3,7.2,7.1,7.3,7.3,6.5,7.5,6.8,7.1,6.0,5.1,4.9,4.6,3.7,3.2,3.3,3.2,3.1,3.1,3.3,3.3,3.9,2.2,2.3,2.7,3.8,5.7,10.1,10.8,10.3,10.5,10.8,10.9,8.1,10.8,10.4,9.1,6.7,6.3,6.1,4.4
0956030449,02124547,12/6/2014,6.4,7.2,6.3,7.0,6.5,6.4,7.2,6.5,7.1,6.1,7.5,6.1,7.1,6.5,6.3,6.8,6.1,6.1,6.5,6.0,6.0,6.8,5.6,5.0,5.9,7.4,5.7,6.3,6.8,7.7,6.2,7.1,7.3,8.5,11.9,10.5,10.7,10.7,10.9,10.5,11.6,10.3,10.8,11.3,6.9,7.5,6.5,7.2
0956030449,02124547,12/5/2014,7.2,6.7,6.4,7.2,6.8,6.4,7.3,6.7,6.5,7.1,6.5,7.0,6.5,6.4,6.7,6.5,6.6,6.7,5.9,7.0,5.7,6.3,6.5,5.8,6.0,5.5,6.1,6.2,5.9,7.1,6.2,7.1,7.2,9.3,11.2,10.5,11.5,10.2,11.4,10.6,11.2,11.2,10.6,11.6,6.2,6.9,6.8,7.2
0956030449,02124547,12/4/2014,7.1,7.0,6.9,6.5,7.2,6.9,6.8,7.2,7.6,6.5,7.7,7.6,7.5,7.2,6.7,6.9,5.7,5.8,6.1,5.0,6.0,5.4,4.6,5.3,5.5,5.4,4.9,5.8,6.1,6.4,6.2,6.6,6.3,8.3,11.2,11.2,10.6,10.5,11.0,11.0,10.5,10.4,10.9,11.0,6.6,6.6,7.3,6.3
0956030449,02124547,12/3/2014,7.7,6.6,7.8,7.8,7.8,7.8,7.2,6.9,7.7,7.7,6.8,7.1,7.6,7.7,7.5,7.6,7.4,7.7,7.3,7.1,6.9,6.9,7.2,7.1,6.7,6.3,7.1,6.0,6.6,7.0,7.4,7.2,6.1,8.9,11.4,11.5,10.5,9.0,43.2,44.3,44.3,43.7,44.4,44.1,24.1,7.2,6.7,6.6
0956030449,02124547,12/2/2014,6.9,6.4,6.4,6.7,6.8,6.9,6.5,4.2,6.6,6.3,6.8,6.9,6.2,6.5,6.4,6.6,6.1,6.2,6.3,6.2,6.9,6.2,6.5,6.6,6.2,5.9,6.6,6.3,6.1,7.4,7.0,6.4,6.8,8.8,11.0,12.1,10.9,12.2,10.9,12.1,10.8,11.9,11.9,11.0,7.8,7.3,7.2,7.7
0956030449,02124547,12/1/2014,5.0,4.3,6.3,4.1,5.4,5.5,6.2,5.1,6.9,6.7,6.9,6.4,6.5,6.5,6.4,5.2,6.0,3.8,2.5,1.8,4.3,3.1,1.8,2.0,1.1,2.4,3.4,2.3,1.8,2.4,3.1,2.9,3.5,5.5,9.2,11.4,11.0,11.6,11.7,11.1,11.4,11.2,10.8,8.8,6.6,6.5,6.7,6.5
0956030449,02124547,11/30/2014,7.6,6.4,7.6,6.7,7.4,6.9,7.0,7.3,6.6,7.3,6.6,6.7,7.2,6.9,6.7,6.9,5.6,6.0,4.6,5.5,4.8,2.6,3.6,3.4,2.8,1.0,1.5,2.0,1.1,1.8,2.7,2.6,3.8,5.3,8.0,8.7,9.5,8.9,9.6,8.2,9.7,9.2,8.4,8.8,6.0,3.9,7.3,5.3
0956030449,02124547,11/29/2014,7.7,7.7,7.8,6.7,7.6,7.7,7.8,7.7,6.5,7.8,7.7,7.7,7.1,7.1,7.6,5.9,7.0,5.5,5.9,5.0,3.8,3.8,3.5,3.9,3.9,4.7,5.6,3.2,3.3,2.9,3.3,6.4,4.4,8.8,10.7,10.8,9.6,11.4,10.9,11.1,11.5,10.8,10.9,10.3,5.0,6.8,7.6,7.6
0956030449,02124547,11/28/2014,8.3,8.2,6.8,8.1,8.1,8.0,7.9,6.6,7.7,7.9,7.9,8.0,8.1,7.8,7.6,7.3,6.8,6.4,5.7,5.8,5.6,5.4,5.0,6.4,6.1,6.6,5.8,5.5,6.3,4.4,6.1,6.8,7.0,8.9,10.7,12.0,10.8,11.8,11.1,12.1,12.2,12.2,10.8,12.2,7.8,7.7,7.7,7.7
0956030449,02124547,11/27/2014,6.3,7.6,7.7,7.3,6.7,7.6,6.6,7.2,7.6,6.3,7.5,7.1,6.9,7.5,6.5,7.4,6.2,7.2,6.0,5.9,5.6,4.5,3.9,6.3,5.6,5.6,5.4,3.9,5.1,5.1,6.0,7.1,7.0,8.8,12.3,12.2,11.5,11.2,10.9,12.1,12.2,12.2,12.0,11.4,8.0,8.0,7.0,8.0
0956030449,02124547,11/26/2014,6.6,6.8,6.0,4.2,5.8,5.2,5.9,6.3,6.4,5.0,6.3,6.3,4.9,5.7,4.1,5.4,6.2,6.2,6.2,5.9,4.8,6.2,6.9,6.1,6.6,6.3,7.3,6.2,7.7,7.7,7.6,7.6,7.6,8.4,12.1,11.0,12.3,11.2,12.0,11.5,11.6,12.0,11.1,12.2,7.9,7.6,6.6,7.6
0956030449,02124547,11/25/2014,5.5,4.0,4.7,4.6,5.1,5.0,5.4,4.3,5.5,4.1,5.6,4.2,6.5,5.1,4.8,5.6,6.1,5.1,4.7,5.2,4.6,5.4,4.3,4.4,4.0,3.0,3.4,5.1,4.9,6.7,4.0,3.5,3.7,6.6,9.1,8.7,8.6,9.3,10.2,23.9,42.3,42.5,43.3,41.6,5.8,4.9,5.3,6.6
0956030449,02124547,11/24/2014,6.8,5.2,5.3,4.6,4.8,6.4,5.2,4.9,4.9,4.9,4.9,5.1,5.6,4.4,5.3,3.6,4.3,2.6,3.4,4.2,5.9,4.4,4.7,1.3,1.1,0.9,1.0,1.6,1.7,1.5,2.2,2.6,3.2,6.2,7.9,8.4,8.5,8.8,7.7,9.2,8.8,8.1,9.2,9.2,4.0,5.8,4.7,4.7
0956030449,02124547,11/23/2014,6.5,7.7,6.6,7.4,7.7,6.4,7.6,6.4,7.1,7.0,6.7,7.2,7.5,7.5,6.1,7.2,5.9,6.6,5.4,5.8,5.9,5.4,6.2,5.8,4.9,4.2,1.3,3.8,5.0,3.2,3.1,4.7,4.6,6.7,39.0,41.6,42.2,40.8,41.6,42.3,43.0,42.3,42.0,43.4,4.9,4.8,6.5,7.2
0956030449,02124547,11/22/2014,7.8,6.5,7.8,7.8,7.8,7.8,7.2,7.3,7.6,7.8,7.8,7.8,7.9,7.8,7.7,7.1,6.4,5.9,5.6,5.0,4.5,4.3,4.1,4.2,4.2,4.3,4.6,5.0,5.2,5.8,6.5,6.4,7.0,9.3,11.3,11.1,11.2,11.4,11.7,11.0,11.7,10.9,11.4,11.1,7.7,7.7,7.7,7.7
0956030449,02124547,11/21/2014,8.0,8.1,7.9,7.9,8.0,7.8,7.8,7.7,8.0,7.9,7.2,6.9,6.7,7.6,7.6,6.9,6.8,6.5,6.0,5.5,4.8,4.8,5.4,4.7,4.0,3.9,4.2,4.6,4.8,5.4,5.6,6.2,7.1,9.1,40.9,43.0,44.0,43.0,44.0,27.4,12.0,10.8,11.9,11.0,6.9,7.7,7.7,7.7
0956030449,02124547,11/20/2014,7.7,7.7,7.8,7.8,7.7,7.7,7.6,7.8,7.8,7.6,7.5,7.6,7.7,7.6,7.6,7.3,7.2,7.1,7.2,6.8,4.9,4.5,4.2,4.2,4.2,4.3,4.5,4.8,4.9,5.6,6.0,5.8,6.0,8.2,41.6,43.4,52.0,91.0,90.0,74.4,44.4,44.4,44.2,43.8,8.3,7.7,7.9,7.7
0956030449,02124547,11/19/2014,7.6,7.5,7.6,7.5,7.4,7.3,7.2,7.4,7.4,7.3,7.4,7.5,7.6,7.3,7.2,6.6,6.2,5.5,5.1,4.7,4.6,4.3,4.0,3.7,4.8,5.1,5.5,5.7,5.5,6.0,6.1,6.3,7.1,9.1,72.4,76.8,77.2,77.0,76.9,77.2,77.2,77.2,77.7,77.4,8.6,7.6,7.7,7.7
0956030449,02124547,11/18/2014,0.9,1.2,1.3,1.3,1.4,1.3,1.3,1.4,1.4,1.4,1.4,1.3,1.4,1.3,1.1,0.6,0.1,0.1,0.0,0.0,0.0,0.0,0.0,0.0,0.0,3.0,4.5,4.7,5.1,5.7,6.0,6.6,7.1,9.7,42.3,44.5,44.8,44.5,44.3,28.4,26.9,45.0,44.4,44.6,8.1,7.4,7.5,7.5
0956030449,02124547,11/17/2014,0.6,0.6,0.6,0.6,0.6,0.6,0.6,0.6,0.6,0.6,0.6,0.6,0.6,0.6,0.6,0.5,0.5,0.4,0.4,1.1,0.9,1.0,0.4,0.5,0.2,0.4,0.1,0.3,0.5,1.0,0.6,0.5,0.5,2.6,35.4,37.7,37.4,37.3,37.4,37.3,37.5,37.5,37.4,5.7,1.1,1.2,1.1,1.1
0956030449,02124547,11/16/2014,0.7,0.7,0.7,0.7,0.7,0.7,0.7,0.7,0.7,0.7,0.7,0.7,0.7,0.6,0.5,0.5,0.4,0.4,0.2,0.1,0.1,0.0,0.0,0.1,0.0,0.0,0.1,0.1,0.1,0.3,0.4,0.4,0.4,2.5,35.0,37.1,37.2,36.8,36.7,36.8,36.8,36.6,36.7,36.6,1.1,0.6,0.6,0.6
0956030449,02124547,11/15/2014,1.0,1.0,1.0,1.0,1.2,1.2,1.2,1.2,1.2,1.2,1.2,1.2,1.1,0.9,0.6,0.3,0.0,0.0,0.0,0.0,0.0,0.0,0.0,0.0,0.0,0.0,0.0,0.0,0.0,0.0,0.0,0.2,0.8,2.6,35.0,21.3,5.0,5.1,5.0,5.0,5.0,5.0,5.0,5.0,0.8,0.7,0.8,0.7
0956030449,02124547,11/14/2014,0.7,0.9,1.1,0.9,1.0,1.1,1.1,1.1,1.1,1.1,1.2,1.2,1.2,1.0,0.8,0.4,0.0,0.0,0.0,0.0,0.0,0.0,0.0,0.0,0.0,0.1,0.0,0.1,0.1,0.3,0.0,0.0,0.3,2.6,65.6,70.4,70.5,70.0,70.1,69.1,68.9,69.0,69.0,38.0,1.3,1.0,1.0,1.0
0956030449,02124547,11/13/2014,0.7,0.8,0.8,0.7,0.7,0.8,0.7,0.8,0.6,0.8,0.7,0.7,0.7,0.6,0.6,0.4,0.2,0.2,0.6,0.1,0.1,0.1,0.3,0.1,0.2,0.2,0.3,0.4,0.5,0.8,0.7,0.7,0.6,2.8,65.5,70.2,70.6,70.4,69.7,69.8,69.6,69.2,69.3,37.9,1.2,0.7,0.7,0.8
0956030449,02124547,11/12/2014,0.5,0.5,0.5,0.5,0.5,0.5,0.5,0.5,0.5,0.5,0.6,0.5,0.5,0.5,0.3,0.2,0.1,0.1,0.0,0.0,0.0,0.0,0.0,0.0,0.0,0.0,0.0,0.0,0.0,0.0,0.0,0.0,0.2,2.5,64.5,69.8,70.0,69.8,69.7,69.9,69.6,69.1,69.5,69.5,1.6,0.7,0.7,0.8
0956030449,02124547,11/11/2014,0.6,0.6,0.6,0.7,0.6,0.7,0.7,0.7,0.7,0.7,0.6,0.7,0.6,0.6,0.4,0.1,0.0,0.0,0.0,0.0,0.0,0.0,0.0,0.0,0.0,0.0,0.0,0.0,0.0,0.0,0.0,0.0,0.5,2.4,63.7,69.0,69.6,68.8,68.8,68.5,68.5,68.9,68.7,37.3,1.0,0.5,0.5,0.5
0956030449,02124547,11/10/2014,0.7,0.7,0.6,0.6,0.6,0.7,0.7,0.7,0.6,0.7,0.7,0.7,0.7,0.6,0.4,0.1,0.0,0.0,0.0,0.0,0.0,0.0,0.0,0.0,0.0,0.0,0.0,0.0,0.0,0.0,0.0,0.0,0.0,2.2,64.6,69.4,69.4,68.9,69.5,69.4,69.1,69.0,68.7,68.8,1.5,0.6,0.6,0.6
0956030449,02124547,11/9/2014,0.6,0.6,0.6,0.6,0.6,0.6,0.6,0.6,0.6,0.6,0.6,0.7,0.7,0.6,0.4,0.1,0.1,0.1,0.0,0.0,0.0,0.0,0.0,0.0,0.0,0.0,0.0,0.0,0.1,0.1,0.3,0.4,0.9,3.1,67.0,71.7,71.4,71.4,71.5,70.8,18.1,37.2,37.3,37.0,1.2,0.6,0.6,0.7
0956030449,02124547,11/8/2014,0.7,0.7,0.8,0.8,0.7,0.8,0.7,0.8,0.7,0.7,0.7,0.7,0.7,0.6,0.3,0.1,0.1,0.0,0.0,0.0,0.0,0.0,0.0,0.0,0.0,0.0,0.0,0.0,0.0,0.0,0.1,0.2,0.6,3.1,66.1,70.0,70.4,70.0,69.8,69.5,4.9,4.9,4.9,4.9,0.7,0.6,0.6,0.7
0956030449,02124547,11/7/2014,0.7,0.8,0.7,0.8,0.8,0.8,0.8,0.8,0.7,0.8,0.7,0.8,0.7,0.6,0.4,0.1,0.0,0.0,0.0,0.1,0.3,0.2,0.1,0.0,0.0,0.0,0.0,0.0,0.0,0.3,0.1,0.0,0.3,2.6,66.2,70.8,71.0,70.7,70.9,71.0,70.0,69.8,69.6,38.1,1.2,0.7,0.8,0.7
0956030449,02124547,11/6/2014,0.5,0.6,0.6,0.6,0.6,0.5,0.6,0.5,0.6,0.6,0.5,0.6,0.5,0.5,0.5,0.3,0.3,0.1,0.4,0.1,0.0,0.0,0.0,0.0,0.0,0.0,0.0,0.0,0.4,0.1,0.2,0.3,0.3,2.5,66.5,70.8,71.0,70.2,70.0,69.8,69.2,69.4,68.8,37.6,1.0,0.6,0.7,0.7
0956030449,02124547,11/5/2014,0.5,0.6,0.5,0.6,0.5,0.6,0.6,0.6,0.6,0.6,0.6,0.6,0.6,0.5,0.4,0.2,0.2,0.2,0.0,0.0,0.0,0.0,0.0,0.0,0.0,0.0,0.0,0.0,0.0,0.2,0.0,0.4,0.8,3.0,64.4,69.0,69.4,69.1,68.8,69.1,69.4,68.9,68.5,67.9,1.4,0.5,0.6,0.5
0956030449,02124547,11/4/2014,0.6,0.6,0.6,0.6,0.6,0.6,0.6,0.6,0.6,0.6,0.6,0.6,0.6,0.5,0.2,0.1,0.0,0.0,0.0,0.1,0.1,0.0,0.0,0.0,0.0,0.0,0.0,0.0,0.0,0.1,0.1,0.0,0.3,2.4,64.3,69.0,83.3,84.0,83.5,69.0,69.0,68.9,68.9,37.7,1.1,0.6,0.5,0.6
0956030449,02124547,11/3/2014,1.0,0.9,0.9,0.8,0.8,0.8,0.8,0.8,0.9,0.9,1.0,0.8,0.8,0.6,0.5,0.1,0.0,0.0,0.0,0.0,0.0,0.0,0.0,0.0,0.0,0.0,0.0,0.0,0.0,0.0,0.0,0.1,0.3,0.6,60.2,65.1,69.7,69.8,69.6,69.6,69.1,69.1,69.2,69.1,1.6,0.6,0.6,0.6
0956030449,02124547,11/2/2014,1.0,1.1,1.9,1.8,1.0,1.0,1.1,1.0,1.1,1.0,1.0,1.0,1.0,0.9,0.7,0.4,0.4,0.7,0.6,0.7,0.5,0.3,0.2,0.1,0.0,0.0,0.0,0.0,0.0,0.0,0.0,0.1,0.7,1.1,61.9,66.7,70.8,70.9,70.8,70.9,70.7,54.2,37.8,37.8,1.4,0.9,0.9,0.9
0956030449,02124547,11/1/2014,0.6,0.6,0.6,0.7,0.6,0.6,0.7,0.6,0.6,0.6,0.7,0.6,0.6,0.7,0.6,0.7,0.9,1.2,1.2,1.3,1.2,1.1,0.9,1.1,1.0,0.8,0.6,0.9,0.6,0.5,0.9,1.0,0.9,1.1,0.9,1.1,35.9,38.2,38.4,38.2,5.3,5.1,5.2,5.2,1.1,0.8,0.7,0.9
0956030449,02124547,10/31/2014,0.6,0.6,0.7,0.6,0.6,0.7,0.7,0.6,0.7,0.6,0.7,0.7,0.7,0.6,0.6,0.6,0.5,0.8,0.3,0.0,0.0,0.0,0.0,0.0,0.0,0.0,0.0,0.0,0.1,0.0,0.0,0.1,0.1,0.1,0.1,0.5,4.7,5.0,5.0,5.0,5.0,5.0,5.0,5.0,0.7,0.6,0.6,0.6
0956030449,02124547,10/30/2014,0.6,0.6,0.6,0.6,0.6,0.6,0.6,0.6,0.6,0.6,0.6,0.6,0.6,0.7,0.6,0.5,0.3,0.1,0.1,0.1,0.0,0.0,0.0,0.0,0.0,0.0,0.0,0.0,0.0,0.0,0.0,0.0,0.1,0.2,0.6,0.9,66.1,76.5,84.7,84.9,77.5,70.7,70.8,38.3,1.3,0.6,0.6,0.6
0956030449,02124547,10/29/2014,0.6,0.4,0.5,0.6,0.5,0.5,0.6,0.5,0.6,0.5,0.6,0.5,0.5,0.5,0.5,0.4,0.1,0.1,0.0,0.0,0.0,0.0,0.0,0.0,0.0,0.0,0.4,0.6,0.6,0.2,0.3,0.1,0.2,0.3,0.4,43.8,70.5,70.5,70.7,69.9,69.5,70.0,69.6,69.1,0.7,0.6,0.6,0.6
0956030449,02124547,10/28/2014,0.5,0.6,0.6,0.6,0.5,0.6,0.6,0.6,0.6,0.5,0.6,0.6,0.6,0.5,0.6,0.4,0.1,0.1,0.2,0.0,0.0,0.0,0.0,0.0,0.0,0.0,0.0,0.0,0.0,0.0,0.0,0.1,0.1,0.3,0.5,0.8,49.2,52.4,52.0,37.4,50.9,68.5,68.5,37.3,0.8,0.5,0.5,0.5
0956030449,02124547,10/27/2014,0.6,0.7,0.6,0.6,0.7,0.6,0.7,0.6,0.6,0.6,0.7,0.6,0.6,0.7,0.6,0.5,0.2,0.0,0.0,0.0,0.0,0.0,0.0,0.0,0.0,0.0,0.0,0.0,0.0,0.0,0.0,0.0,0.0,0.0,0.0,0.4,77.6,83.0,84.3,83.4,83.1,51.3,44.1,37.0,1.2,0.6,0.5,0.6
0956030449,02124547,10/26/2014,0.6,0.6,0.6,0.6,0.6,0.6,0.6,0.6,0.6,0.6,0.6,0.6,0.6,0.7,0.8,0.7,0.2,0.3,0.1,0.0,0.0,0.0,0.0,0.0,0.0,0.0,0.0,0.0,0.0,0.0,0.0,0.0,0.0,0.0,30.4,33.2,66.9,69.6,70.2,70.9,70.5,70.3,70.1,70.2,0.7,0.6,0.6,0.5
0956030449,02124547,10/25/2014,0.6,0.6,0.6,0.6,0.6,0.5,0.6,0.6,0.6,0.6,0.7,0.6,0.6,0.6,0.5,0.5,0.6,0.2,0.1,0.0,0.0,0.0,0.0,0.0,0.0,0.0,0.0,0.0,0.0,0.0,0.0,0.0,0.2,0.0,0.3,0.8,35.0,37.4,37.4,37.1,5.0,4.8,4.8,4.8,0.7,0.5,0.6,0.6
0956030449,02124547,10/24/2014,0.6,0.6,0.6,0.7,0.6,0.7,0.6,0.6,0.6,0.6,0.7,0.6,0.7,0.7,0.6,0.5,0.2,0.0,0.0,0.2,0.1,0.0,0.0,0.0,0.0,0.0,0.0,0.0,0.0,0.0,0.0,0.0,0.0,0.0,0.3,0.8,65.4,70.0,70.9,70.9,70.9,37.8,37.3,5.1,0.7,0.6,0.7,0.6
0956030449,02124547,10/23/2014,0.9,0.8,0.8,0.8,0.8,0.8,0.8,0.8,0.7,0.8,0.8,0.8,0.8,0.8,0.8,0.7,0.7,0.6,0.3,0.1,0.1,0.2,0.0,0.0,0.0,0.0,0.0,0.0,0.0,0.0,0.2,0.4,0.9,0.7,0.4,0.9,65.3,76.0,84.9,84.6,77.0,69.5,70.0,37.4,0.9,0.6,0.6,0.6
0956030449,02124547,10/22/2014,0.7,0.7,0.6,0.7,0.6,0.7,0.7,0.7,0.7,0.7,0.6,0.7,0.7,0.7,0.7,0.6,0.6,0.5,0.5,0.6,0.4,0.2,0.2,0.3,0.2,0.3,0.2,0.2,0.2,0.1,0.1,0.2,0.4,0.5,0.5,0.9,79.3,71.2,69.9,70.4,69.9,70.0,69.9,70.2,0.9,0.8,0.8,0.8
0956030449,02124547,10/21/2014,0.6,0.6,0.6,0.6,0.6,0.6,0.6,0.6,0.6,0.6,0.6,0.6,0.6,0.6,0.6,0.5,0.4,0.1,0.0,0.0,0.0,0.0,0.0,0.0,0.0,0.0,0.0,0.0,0.0,0.1,0.4,0.9,0.9,1.3,0.9,1.4,74.1,85.1,84.9,70.5,69.8,69.6,69.9,37.8,0.7,0.6,0.7,0.6
0956030449,02124547,10/20/2014,0.7,0.7,0.6,0.7,0.7,0.7,0.6,0.7,0.7,0.7,0.6,0.7,0.7,0.7,0.6,0.5,0.1,0.0,0.0,0.0,0.0,0.0,0.0,0.0,0.0,0.0,0.0,0.0,0.0,0.0,0.0,0.0,0.0,0.1,0.3,0.9,75.6,85.3,85.7,85.5,85.5,52.1,44.4,37.1,0.7,0.6,0.6,0.6
0956030449,02124547,10/19/2014,0.8,0.7,0.8,0.7,0.7,0.8,0.7,0.7,0.8,0.7,0.7,0.8,0.9,0.8,0.8,1.1,0.8,0.7,0.4,0.1,0.0,0.2,0.0,0.0,0.0,0.0,0.0,0.0,0.0,0.0,0.0,0.0,0.0,0.1,31.3,33.2,64.2,70.3,71.3,71.4,71.3,71.1,70.2,70.0,0.7,0.7,0.6,0.7
0956030449,02124547,10/18/2014,0.6,0.6,0.6,0.6,0.6,0.6,0.6,0.6,0.6,0.6,0.6,0.6,0.6,0.6,0.6,0.5,0.9,0.3,0.3,0.4,0.0,0.0,0.0,0.1,0.0,0.0,0.0,0.0,0.0,0.2,0.2,0.5,0.5,1.2,1.2,1.1,62.5,70.6,54.7,37.9,5.2,5.1,5.0,5.1,0.7,0.7,0.7,0.7
0956030449,02124547,10/17/2014,0.6,0.6,0.6,0.6,0.6,0.6,0.7,0.6,0.7,0.6,0.6,0.6,0.6,0.6,0.5,0.4,0.2,0.0,0.0,0.0,0.0,0.0,0.0,0.0,0.0,0.0,0.0,0.0,0.0,0.0,0.0,0.0,0.0,0.0,0.0,0.5,31.2,67.9,70.4,70.9,70.8,37.9,37.2,4.9,0.6,0.6,0.6,0.6
0956030449,02124547,10/16/2014,0.6,0.6,0.6,0.6,0.6,0.6,0.6,0.6,0.7,0.5,0.6,0.6,0.6,0.6,0.6,0.4,0.4,0.3,0.1,0.6,0.9,0.1,0.2,0.1,0.1,0.0,0.0,0.0,0.2,0.2,0.1,0.3,0.0,0.1,0.1,1.0,61.4,75.4,84.5,84.6,77.7,70.4,70.5,38.0,0.8,0.6,0.6,0.6
0956030449,02124547,10/15/2014,0.6,0.5,0.6,0.5,0.5,0.5,0.5,0.5,0.6,0.5,0.5,0.6,0.5,0.5,0.5,0.3,0.1,0.0,0.2,0.1,0.0,0.0,0.1,0.2,0.2,0.3,0.2,0.2,0.3,0.2,0.4,0.3,0.3,0.3,0.3,0.3,61.0,69.1,69.5,70.0,70.3,69.2,68.8,68.6,0.7,0.6,0.6,0.6
0956030449,02124547,10/14/2014,0.6,0.5,0.6,0.6,0.6,0.6,0.6,0.5,0.6,0.6,0.5,0.5,0.5,0.6,0.4,0.4,0.1,0.1,0.0,0.0,0.0,0.0,0.0,0.0,0.0,0.0,0.0,0.0,0.0,0.0,0.0,0.1,0.2,0.8,0.6,0.8,75.4,83.8,84.4,70.4,70.0,69.8,69.5,37.7,0.7,0.6,0.6,0.5
0956030449,02124547,10/13/2014,0.6,0.6,0.6,0.6,0.6,0.6,0.6,0.6,0.6,0.6,0.6,0.6,0.5,0.6,0.5,0.5,0.5,0.4,0.3,0.1,0.2,0.3,0.9,0.2,0.1,0.2,0.1,0.3,0.2,0.2,0.1,0.2,0.1,0.5,0.6,0.5,44.7,82.7,84.8,84.7,84.8,51.9,44.4,36.8,0.6,0.6,0.6,0.6
0956030449,02124547,10/12/2014,0.6,0.6,0.6,0.6,0.6,0.6,0.6,0.6,0.6,0.6,0.6,0.6,0.6,0.6,0.6,0.2,0.3,0.0,0.0,0.0,0.0,0.0,0.0,0.0,0.0,0.0,0.0,0.0,0.0,0.0,0.0,0.0,0.0,0.0,0.1,0.3,60.7,68.4,52.8,36.8,36.7,36.6,36.8,36.8,0.9,0.6,0.6,0.6
0956030449,02124547,10/11/2014,0.6,0.6,0.6,0.6,0.6,0.6,0.7,0.6,0.6,0.6,0.6,0.6,0.6,0.6,0.6,0.6,0.7,1.1,0.9,0.9,1.2,0.9,1.0,1.1,1.0,1.1,0.5,0.3,0.6,0.6,0.6,0.4,0.4,0.4,0.2,0.3,30.6,36.6,36.7,36.8,36.7,36.8,36.8,36.8,0.6,0.6,0.6,0.6
0956030449,02124547,10/10/2014,0.6,0.6,0.6,0.6,0.6,0.6,0.6,0.6,0.6,0.6,0.6,0.6,0.5,0.6,0.5,0.5,0.6,0.5,0.2,0.2,0.2,0.2,0.1,0.1,0.1,0.1,0.0,0.1,0.0,0.0,0.0,0.4,0.3,1.0,0.8,1.1,61.9,69.9,70.3,70.5,70.9,37.5,21.1,4.9,0.6,0.6,0.6,0.6
0956030449,02124547,10/9/2014,0.5,0.6,0.5,0.6,0.6,0.6,0.6,0.6,0.5,0.6,0.6,0.6,0.6,0.5,0.4,0.2,0.1,0.0,0.0,0.0,0.0,0.0,0.0,0.0,0.0,0.0,0.0,0.0,0.0,0.0,0.0,0.0,0.0,0.2,0.5,0.5,61.3,74.6,83.2,83.5,76.4,69.5,53.6,37.6,0.8,0.6,0.6,0.6
0956030449,02124547,10/8/2014,0.5,0.6,0.5,0.6,0.6,0.6,0.5,0.6,0.5,0.5,0.6,0.5,0.6,0.5,0.4,0.3,0.2,0.0,0.0,0.0,0.0,0.0,0.0,0.0,0.0,0.0,0.0,0.0,0.0,0.0,0.0,0.0,0.0,0.0,0.1,0.2,74.7,83.1,82.7,83.0,83.0,83.0,76.3,69.4,0.6,0.6,0.5,0.6
0956030449,02124547,10/7/2014,0.6,0.6,0.6,0.6,0.6,0.6,0.6,0.6,0.6,0.6,0.6,0.6,0.6,0.7,0.5,0.3,0.1,0.0,0.0,0.0,0.0,0.4,0.0,0.0,0.1,0.2,0.2,0.0,0.0,0.0,0.0,0.0,0.0,0.2,0.5,0.7,14.2,79.9,83.6,69.8,69.8,69.8,53.9,37.4,0.9,0.5,0.6,0.5
0956030449,02124547,10/6/2014,0.6,0.6,0.7,0.6,0.7,0.6,0.7,0.6,0.7,0.7,0.7,0.6,0.7,0.6,0.5,0.3,0.2,0.1,0.0,0.0,0.0,0.0,0.0,0.0,0.0,0.0,0.0,0.0,0.0,0.0,0.0,0.0,0.0,0.0,0.0,0.6,13.9,80.1,84.0,84.0,84.5,52.2,43.9,36.6,0.9,0.6,0.6,0.6
0956030449,02124547,10/5/2014,0.7,0.7,0.6,0.7,0.7,0.7,0.7,0.7,0.7,0.7,0.7,0.7,0.7,0.7,0.7,0.7,0.0,0.1,0.0,0.0,0.0,0.0,0.0,0.0,0.0,0.0,0.0,0.0,0.0,0.0,0.2,0.0,0.2,0.0,0.1,0.4,30.6,36.4,36.0,36.4,36.3,36.2,36.6,36.5,0.9,0.6,0.7,0.6
0956030449,02124547,10/4/2014,0.6,0.6,0.6,0.6,0.6,0.5,0.6,0.6,0.6,0.6,0.6,0.6,0.5,0.6,0.6,0.7,0.7,0.6,0.5,0.1,0.1,0.1,0.0,0.0,0.0,0.1,0.0,0.0,0.2,0.1,0.1,0.2,0.1,0.0,0.1,0.5,31.8,38.2,21.7,5.2,5.2,5.2,5.2,5.2,0.7,0.7,0.7,0.7
0956030449,02124547,10/3/2014,0.5,0.5,0.5,0.5,0.5,0.5,0.5,0.6,0.5,0.5,0.5,0.5,0.6,0.5,0.4,0.3,0.1,0.0,0.0,0.0,0.0,0.3,0.0,0.0,0.0,0.0,0.1,0.0,0.1,0.1,0.6,0.5,0.2,0.6,0.6,0.9,0.6,66.4,70.2,70.3,70.4,37.8,21.6,4.9,0.6,0.5,0.6,0.6
0956030449,02124547,10/2/2014,0.7,0.6,0.7,0.6,0.6,0.5,0.6,0.7,0.5,0.6,0.5,0.5,0.6,0.5,0.4,0.5,0.3,0.2,0.1,0.2,0.0,0.0,0.0,0.0,0.0,0.0,0.0,0.0,0.0,0.0,0.0,0.0,0.0,0.1,0.3,0.6,0.8,73.8,85.3,85.4,77.2,70.1,54.7,37.9,0.8,0.5,0.6,0.6
0956030449,02124547,10/1/2014,0.5,0.6,0.6,0.6,0.6,0.7,0.5,0.6,0.5,0.5,0.5,0.5,0.5,0.5,0.4,0.4,0.3,0.1,0.0,0.0,0.0,0.1,0.1,0.0,0.0,0.0,0.0,0.0,0.0,0.0,0.0,0.0,0.0,0.0,0.0,0.2,21.8,82.5,83.9,84.2,84.2,84.2,77.1,69.2,1.2,0.5,0.7,0.5
0956030449,02124547,9/30/2014,0.5,0.5,0.5,0.5,0.5,0.5,0.5,0.6,0.6,0.6,0.5,0.5,0.5,0.5,0.4,0.3,0.3,0.2,0.0,0.2,0.3,0.2,0.1,0.0,0.0,0.0,0.0,0.0,0.0,0.0,0.0,0.0,0.0,0.1,0.1,0.4,14.2,80.6,84.0,70.2,69.7,69.8,53.9,37.5,0.9,0.6,0.6,0.6
0956030449,02124547,9/29/2014,0.5,0.5,0.5,0.5,0.5,0.5,0.6,0.6,0.5,0.6,0.5,0.6,0.5,0.5,0.3,0.1,0.1,0.1,0.0,0.0,0.0,0.0,0.2,0.3,0.1,0.1,0.0,0.0,0.0,0.0,0.1,0.2,0.0,0.1,0.1,0.6,14.1,80.4,83.9,83.6,83.5,51.3,43.7,36.6,0.8,0.5,0.5,0.5
0956030449,02124547,9/28/2014,0.5,0.6,0.6,0.5,0.5,0.6,0.5,0.5,0.5,0.6,0.6,0.6,0.5,0.6,0.4,0.1,0.0,0.0,0.0,0.0,0.0,0.0,0.0,0.0,0.0,0.0,0.0,0.0,0.0,0.0,0.0,0.0,0.3,0.1,0.2,0.5,45.0,68.4,67.9,67.8,67.9,52.6,36.3,36.1,1.0,0.5,0.6,0.6
0956030449,02124547,9/27/2014,0.5,0.6,0.6,0.5,0.6,0.5,0.6,0.5,0.6,0.5,0.6,0.5,0.6,0.5,0.4,0.2,0.1,0.0,0.0,0.0,0.0,0.0,0.0,0.0,0.0,0.0,0.0,0.0,0.0,0.0,0.0,0.0,0.0,0.0,0.0,0.2,14.3,36.2,35.9,36.0,36.0,36.0,20.7,4.6,0.6,0.6,0.5,0.5
0956030449,02124547,9/26/2014,0.6,0.5,0.6,0.5,0.5,0.5,0.5,0.6,0.6,0.5,0.6,0.5,0.5,0.5,0.3,0.2,0.0,0.0,0.0,0.0,0.0,0.0,0.0,0.0,0.0,0.0,0.0,0.0,0.0,0.0,0.0,0.0,0.0,0.0,0.1,0.2,0.4,65.9,68.7,68.6,68.8,68.5,53.1,37.1,1.0,0.5,0.6,0.6
0956030449,02124547,9/25/2014,0.5,0.6,0.6,0.6,0.6,0.5,0.6,0.5,0.6,0.5,0.6,0.6,0.5,0.6,0.4,0.3,0.3,0.4,0.3,0.3,0.3,0.1,0.0,0.0,0.0,0.0,0.0,0.0,0.0,0.1,0.3,0.2,0.1,0.0,0.7,0.9,1.0,66.6,69.8,69.9,69.5,69.7,54.0,37.5,0.6,0.5,0.5,0.5
0956030449,02124547,9/24/2014,0.5,0.6,0.5,0.6,0.6,0.6,0.6,0.5,0.6,0.5,0.6,0.5,0.6,0.5,0.4,0.2,0.2,0.0,0.1,0.0,0.0,0.0,0.0,0.0,0.0,0.0,0.0,0.0,0.0,0.0,0.1,0.1,0.1,0.1,0.2,49.3,79.5,78.0,69.3,69.2,69.2,69.0,68.6,68.6,0.9,0.5,0.5,0.6
0956030449,02124547,9/23/2014,0.6,0.6,0.6,0.7,0.6,0.6,0.6,0.7,0.6,0.6,0.6,0.5,0.7,0.5,0.4,0.2,0.0,0.1,0.0,0.0,0.0,0.0,0.0,0.0,0.0,0.0,0.0,0.0,0.0,0.0,0.0,0.0,0.0,0.0,0.2,0.3,13.8,80.6,84.1,70.0,70.0,69.5,53.7,37.3,0.8,0.5,0.6,0.6
0956030449,02124547,9/22/2014,0.6,0.5,0.6,0.6,0.5,0.6,0.7,0.5,0.5,0.6,0.6,0.5,0.5,0.4,0.5,0.1,0.0,0.0,0.0,0.0,0.0,0.0,0.0,0.0,0.0,0.0,0.0,0.0,0.0,0.0,0.0,0.0,0.0,0.0,0.0,0.2,0.4,35.5,66.7,68.7,69.1,37.0,36.7,36.9,0.8,0.6,0.6,0.5
0956030449,02124547,9/21/2014,0.6,0.6,0.6,0.5,0.5,0.5,0.6,0.5,0.5,0.7,0.5,0.5,0.5,0.6,0.6,0.7,0.3,0.3,0.1,0.0,0.0,0.0,0.0,0.0,0.0,0.0,0.0,0.0,0.0,0.0,0.0,0.0,0.0,0.0,0.0,0.2,0.6,65.3,68.6,68.8,68.8,37.5,34.0,36.3,0.7,0.5,0.5,0.6
0956030449,02124547,9/20/2014,0.5,0.6,0.6,0.5,0.6,0.6,0.5,0.6,0.6,0.5,0.5,0.6,0.5,0.5,0.3,0.2,0.2,0.0,0.0,0.0,0.0,0.1,0.0,0.0,0.0,0.0,0.0,0.0,0.0,0.0,0.0,0.0,0.1,0.1,0.1,0.1,0.2,65.2,68.6,68.8,68.7,37.1,4.7,4.7,0.5,0.6,0.6,0.6
0956030449,02124547,9/19/2014,0.6,0.6,0.5,0.5,0.6,0.6,0.6,0.6,0.6,0.5,0.6,0.5,0.5,0.6,0.3,0.2,0.0,0.0,0.0,0.0,0.0,0.0,0.0,0.0,0.0,0.0,0.0,0.0,0.0,0.0,0.0,0.0,0.0,0.0,0.0,0.1,0.9,35.3,66.4,68.6,68.6,68.7,68.5,68.5,1.1,0.5,0.5,0.6
0956030449,02124547,9/18/2014,0.6,0.5,0.6,0.6,0.5,0.5,0.6,0.5,0.5,0.6,0.5,0.5,0.6,0.5,0.3,0.2,0.0,0.0,0.0,0.0,0.0,0.0,0.0,0.0,0.0,0.0,0.0,0.0,0.0,0.0,0.0,0.0,0.0,0.1,0.0,0.0,0.4,5.1,65.1,68.9,69.0,69.1,53.3,36.8,0.8,0.6,0.6,0.5
0956030449,02124547,9/17/2014,0.6,0.5,0.6,0.5,0.6,0.6,0.5,0.6,0.6,0.6,0.6,0.5,0.6,0.4,0.4,0.2,0.0,0.0,0.0,0.0,0.0,0.0,0.0,0.0,0.0,0.0,0.0,0.0,0.0,0.0,0.0,0.0,0.0,0.0,0.0,0.0,13.5,35.9,81.6,83.8,84.0,84.0,76.7,69.5,1.1,0.5,0.6,0.6
0956030449,02124547,9/16/2014,0.6,0.5,0.5,0.5,0.5,0.5,0.6,0.6,0.6,0.5,0.5,0.6,0.5,0.4,0.3,0.2,0.0,0.0,0.0,0.0,0.0,0.0,0.0,0.0,0.0,0.0,0.0,0.0,0.0,0.0,0.0,0.0,0.0,0.2,0.3,0.0,13.8,19.3,79.9,69.8,69.3,69.5,53.5,37.3,0.8,0.5,0.5,0.5
0956030449,02124547,9/15/2014,0.5,0.6,0.6,0.5,0.6,0.5,0.7,0.5,0.6,0.6,0.6,0.6,0.6,0.5,0.4,0.1,0.0,0.0,0.0,0.0,0.0,0.0,0.0,0.0,0.0,0.0,0.0,0.0,0.0,0.0,0.0,0.0,0.0,0.0,0.0,0.0,0.3,35.6,67.2,69.5,69.5,37.1,36.5,36.5,0.9,0.6,0.5,0.5
0956030449,02124547,9/14/2014,0.6,0.6,0.6,0.6,0.7,0.6,0.6,0.6,0.6,0.6,0.5,0.6,0.6,0.5,0.4,0.1,0.1,0.0,0.0,0.0,0.0,0.0,0.0,0.0,0.0,0.0,0.0,0.0,0.0,0.0,0.0,0.0,0.0,0.0,0.1,0.4,0.5,35.7,37.6,37.6,37.6,37.5,21.4,4.8,0.6,0.7,0.5,0.6
0956030449,02124547,9/13/2014,0.6,0.5,0.5,0.5,0.5,0.6,0.5,0.5,0.6,0.5,0.5,0.5,0.5,0.5,0.5,0.2,0.5,0.3,0.4,0.1,0.3,0.2,0.5,0.3,0.4,0.6,0.5,0.7,0.6,0.3,0.4,0.3,0.1,0.0,0.2,0.1,0.7,35.4,37.5,37.3,37.3,37.4,21.2,4.8,0.5,0.5,0.5,0.6
0956030449,02124547,9/12/2014,0.5,0.5,0.5,0.5,0.5,0.6,0.5,0.6,0.5,0.5,0.5,0.5,0.6,0.6,0.3,0.2,0.1,0.0,0.0,0.0,0.0,0.0,0.0,0.0,0.0,0.0,0.0,0.0,0.0,0.0,0.0,0.0,0.0,0.0,0.0,0.0,0.3,35.6,68.1,70.4,70.7,38.0,21.1,4.8,0.5,0.5,0.5,0.4
0956030449,02124547,9/11/2014,0.5,0.5,0.5,0.5,0.5,0.5,0.6,0.5,0.6,0.5,0.5,0.5,0.5,0.5,0.1,0.1,0.0,0.0,0.0,0.0,0.0,0.0,0.0,0.0,0.0,0.0,0.0,0.0,0.0,0.0,0.0,0.0,0.0,0.1,0.3,0.2,0.6,11.1,79.9,83.9,76.8,69.5,53.9,37.3,0.7,0.5,0.5,0.5
0956030449,02124547,9/10/2014,0.6,0.5,0.4,0.5,0.5,0.5,0.6,0.5,0.6,0.5,0.5,0.5,0.5,0.4,0.5,0.3,0.0,0.0,0.0,0.0,0.0,0.0,0.0,0.0,0.0,0.0,0.0,0.0,0.0,0.0,0.0,0.0,0.0,0.0,0.0,0.0,13.9,23.1,83.2,84.6,84.2,84.2,77.0,69.7,0.6,0.5,0.5,0.5
0956030449,02124547,9/9/2014,0.6,0.5,0.4,0.5,0.5,0.6,0.5,0.5,0.4,0.5,0.5,0.5,0.4,0.5,0.3,0.2,0.2,0.4,0.1,0.0,0.0,0.0,0.0,0.1,0.2,0.0,0.0,0.0,0.0,0.0,0.0,0.0,0.1,0.2,0.2,0.6,14.3,19.4,81.3,70.2,69.9,70.3,54.4,37.4,0.6,0.5,0.5,0.5
0956030449,02124547,9/8/2014,0.5,0.5,0.4,0.5,0.5,0.5,0.5,0.5,0.5,0.5,0.5,0.5,0.5,0.4,0.3,0.3,0.1,0.1,0.0,0.0,0.0,0.0,0.0,0.0,0.0,0.3,0.0,0.0,0.0,0.0,0.1,0.3,0.2,0.1,0.2,0.4,0.3,36.1,68.6,68.6,68.1,36.4,36.3,36.2,0.6,0.5,0.5,0.5
0956030449,02124547,9/7/2014,0.4,0.5,0.5,0.4,0.5,0.5,0.4,0.6,0.4,0.5,0.5,0.5,0.5,0.3,0.4,0.7,0.3,0.1,0.1,0.0,0.0,0.0,0.0,0.0,0.0,0.0,0.0,0.0,0.0,0.0,0.0,0.0,0.0,0.0,0.0,0.0,0.4,19.6,36.7,36.3,36.4,36.0,36.0,20.4,0.5,0.4,0.5,0.4
0956030449,02124547,9/6/2014,0.5,0.4,0.4,0.5,0.4,0.5,0.4,0.4,0.4,0.5,0.4,0.5,0.4,0.3,0.2,0.0,0.0,0.0,0.0,0.0,0.0,0.0,0.0,0.0,0.0,0.0,0.0,0.0,0.0,0.0,0.0,0.0,0.0,0.1,0.1,0.2,0.6,19.1,36.6,32.5,4.6,4.7,4.7,4.6,0.5,0.4,0.4,0.4
0956030449,02124547,9/5/2014,0.5,0.5,0.5,0.5,0.5,0.4,0.4,0.5,0.5,0.5,0.4,0.5,0.4,0.3,0.2,0.0,0.0,0.0,0.0,0.0,0.0,0.0,0.0,0.0,0.0,0.0,0.0,0.0,0.0,0.0,0.0,0.0,0.0,0.0,0.0,0.1,0.4,35.8,68.0,69.4,69.3,36.9,21.1,4.8,0.6,0.4,0.5,0.5
0956030449,02124547,9/4/2014,0.5,0.5,0.5,0.5,0.5,0.5,0.5,0.5,0.5,0.5,0.5,0.5,0.5,0.3,0.3,0.1,0.0,0.0,0.0,0.0,0.0,0.0,0.0,0.0,0.0,0.0,0.0,0.0,0.0,0.0,0.0,0.0,0.0,0.0,0.0,0.0,0.0,4.8,65.7,69.6,70.1,70.0,53.8,37.5,0.7,0.4,0.5,0.5
0956030449,02124547,9/3/2014,0.4,0.4,0.4,0.4,0.4,0.4,0.4,0.4,0.4,0.4,0.4,0.4,0.4,0.4,0.3,0.1,0.0,0.0,0.0,0.0,0.0,0.0,0.0,0.0,0.0,0.0,0.0,0.0,0.0,0.0,0.0,0.0,0.0,0.0,0.1,0.1,0.4,4.5,59.7,69.6,69.6,69.8,69.4,68.3,1.1,0.5,0.4,0.5
0956030449,02124547,9/2/2014,0.4,0.4,0.4,0.4,0.4,0.4,0.4,0.4,0.4,0.4,0.4,0.4,0.4,0.4,0.2,0.0,0.0,0.1,0.0,0.0,0.0,0.0,0.0,0.0,0.0,0.0,0.0,0.0,0.0,0.0,0.0,0.0,0.0,0.0,0.1,0.1,0.6,4.8,65.5,68.4,68.7,68.7,52.5,36.8,0.6,0.4,0.4,0.4
0956030449,02124547,9/1/2014,0.4,0.4,0.5,0.4,0.4,0.5,0.5,0.4,0.4,0.5,0.5,0.4,0.4,0.4,0.3,0.3,0.0,0.0,0.0,0.0,0.0,0.0,0.0,0.0,0.0,0.0,0.0,0.0,0.0,0.0,0.0,0.0,0.0,0.0,0.0,0.0,0.0,4.0,34.2,35.7,35.8,35.9,35.6,35.4,0.6,0.4,0.4,0.5
0956030449,02124547,8/31/2014,0.5,0.4,0.5,0.4,0.4,0.4,0.5,0.4,0.4,0.5,0.4,0.4,0.4,0.3,0.2,0.1,0.0,0.0,0.0,0.0,0.0,0.0,0.0,0.0,0.0,0.0,0.0,0.0,0.0,0.0,0.0,0.0,0.0,0.0,0.0,0.0,0.4,34.9,36.6,36.5,36.7,36.8,36.8,37.0,0.6,0.4,0.4,0.5
0956030449,02124547,8/30/2014,0.5,0.4,0.5,0.5,0.5,0.5,0.5,0.5,0.5,0.5,0.4,0.5,0.4,0.3,0.4,0.1,0.0,0.0,0.0,0.1,0.0,0.0,0.0,0.0,0.0,0.0,0.0,0.0,0.0,0.0,0.0,0.0,0.0,0.0,0.0,0.1,0.0,4.2,4.5,4.5,4.7,4.7,4.6,4.6,0.5,0.4,0.4,0.5
0956030449,02124547,8/29/2014,0.5,0.5,0.6,0.5,0.5,0.6,0.5,0.5,0.5,0.5,0.5,0.5,0.6,0.3,0.3,0.0,0.0,0.0,0.0,0.0,0.0,0.0,0.0,0.0,0.0,0.0,0.0,0.0,0.0,0.0,0.0,0.0,0.0,0.0,0.0,0.0,0.0,4.2,51.9,68.8,68.7,68.8,21.0,4.7,0.5,0.5,0.5,0.5
0956030449,02124547,8/28/2014,0.5,0.4,0.5,0.4,0.5,0.5,0.5,0.4,0.5,0.5,0.4,0.5,0.5,0.3,0.2,0.1,0.0,0.0,0.0,0.0,0.0,0.0,0.0,0.0,0.0,0.0,0.0,0.0,0.0,0.0,0.0,0.0,0.0,0.0,0.0,0.0,0.1,4.6,66.3,68.9,68.5,68.4,53.0,36.9,0.7,0.4,0.5,0.5
0956030449,02124547,8/27/2014,0.5,0.5,0.4,0.5,0.5,0.5,0.5,0.5,0.5,0.4,0.5,0.5,0.4,0.3,0.3,0.0,0.0,0.0,0.0,0.0,0.0,0.0,0.0,0.0,0.0,0.0,0.0,0.0,0.0,0.0,0.0,0.0,0.0,0.0,0.0,0.0,0.1,4.4,47.8,68.7,68.8,68.7,20.9,4.6,0.5,0.5,0.4,0.4
0956030449,02124547,8/26/2014,0.5,0.5,0.6,0.5,0.6,0.5,0.6,0.5,0.5,0.6,0.5,0.5,0.6,0.3,0.2,0.1,0.0,0.0,0.0,0.0,0.0,0.0,0.0,0.0,0.0,0.0,0.0,0.0,0.0,0.0,0.0,0.0,0.0,0.0,0.0,0.0,0.0,4.6,65.9,69.0,68.9,69.2,69.3,69.0,0.7,0.5,0.5,0.5
0956030449,02124547,8/25/2014,0.6,0.6,0.5,0.5,0.6,0.5,0.5,0.5,0.5,0.6,0.6,0.5,0.4,0.4,0.4,0.0,0.0,0.0,0.0,0.0,0.0,0.0,0.0,0.0,0.0,0.0,0.0,0.0,0.0,0.0,0.0,0.0,0.0,0.0,0.0,0.0,0.0,4.5,35.5,37.2,67.8,68.5,36.8,36.5,0.8,0.5,0.5,0.5
0956030449,02124547,8/24/2014,0.6,0.7,0.5,0.7,0.5,0.5,0.6,0.5,0.5,0.6,0.7,0.6,0.5,0.3,0.2,0.1,0.0,0.0,0.0,0.0,0.0,0.0,0.0,0.0,0.0,0.0,0.0,0.0,0.0,0.0,0.0,0.0,0.0,0.0,0.0,0.0,0.0,34.3,36.6,36.4,36.5,36.6,36.6,36.7,0.7,0.5,0.5,0.5
0956030449,02124547,8/23/2014,0.5,0.5,0.5,0.5,0.5,0.5,0.6,0.5,0.6,0.5,0.5,0.5,0.5,0.3,0.3,0.5,0.3,0.2,0.5,0.5,0.6,0.4,0.4,0.2,0.3,0.1,0.0,0.1,0.0,0.0,0.1,0.2,0.3,0.4,0.4,0.3,0.3,4.5,4.5,4.6,4.7,4.7,4.9,4.8,0.5,0.5,0.5,0.5
0956030449,02124547,8/22/2014,0.5,0.5,0.5,0.5,0.5,0.5,0.5,0.5,0.5,0.5,0.5,0.5,0.4,0.4,0.1,0.1,0.0,0.0,0.0,0.0,0.0,0.0,0.0,0.0,0.0,0.0,0.0,0.0,0.0,0.0,0.0,0.0,0.0,0.0,0.0,0.0,0.1,4.4,35.2,36.9,37.2,37.0,5.0,4.7,0.5,0.5,0.4,0.5
0956030449,02124547,8/21/2014,0.5,0.5,0.5,0.5,0.5,0.5,0.5,0.6,0.5,0.5,0.5,0.5,0.4,0.3,0.2,0.1,0.1,0.0,0.0,0.0,0.0,0.0,0.0,0.0,0.0,0.0,0.0,0.0,0.0,0.0,0.0,0.0,0.0,0.1,0.4,0.6,0.4,4.3,49.7,68.7,68.2,53.0,36.9,36.9,0.7,0.5,0.5,0.5
0956030449,02124547,8/20/2014,0.4,0.4,0.5,0.5,0.5,0.5,0.5,0.5,0.5,0.5,0.5,0.5,0.4,0.3,0.0,0.0,0.0,0.0,0.0,0.0,0.0,0.0,0.0,0.0,0.0,0.0,0.0,0.0,0.0,0.0,0.0,0.0,0.0,0.0,0.3,0.3,0.3,4.5,35.6,37.2,37.2,37.2,5.0,4.7,0.5,0.5,0.5,0.5
0956030449,02124547,8/19/2014,0.5,0.5,0.5,0.4,0.5,0.4,0.5,0.5,0.5,0.5,0.4,0.5,0.4,0.2,0.1,0.0,0.0,0.0,0.0,0.1,0.1,0.4,0.1,0.1,0.0,0.0,0.0,0.0,0.0,0.0,0.0,0.0,0.0,0.0,0.0,0.0,0.0,4.5,49.8,69.0,68.6,53.0,5.0,4.7,0.4,0.4,0.4,0.5
0956030449,02124547,8/18/2014,0.4,0.5,0.5,0.4,0.4,0.5,0.4,0.5,0.5,0.4,0.5,0.4,0.4,0.3,0.2,0.1,0.1,0.0,0.0,0.0,0.0,0.0,0.0,0.0,0.0,0.0,0.0,0.0,0.0,0.0,0.0,0.0,0.0,0.0,0.0,0.0,0.0,4.0,35.5,37.2,37.2,37.1,5.0,4.7,0.5,0.4,0.5,0.5
0956030449,02124547,8/17/2014,0.5,0.5,0.5,0.4,0.5,0.5,0.5,0.5,0.4,0.5,0.4,0.5,0.4,0.3,0.2,0.2,0.0,0.0,0.0,0.0,0.1,0.0,0.0,0.0,0.0,0.0,0.0,0.0,0.0,0.0,0.0,0.0,0.0,0.0,0.0,0.0,0.1,35.2,36.9,37.2,36.7,36.7,36.7,36.5,0.7,0.4,0.4,0.5
0956030449,02124547,8/16/2014,0.5,0.5,0.5,0.5,0.5,0.6,0.5,0.5,0.5,0.5,0.5,0.5,0.5,0.3,0.1,0.0,0.0,0.0,0.0,0.0,0.0,0.0,0.0,0.0,0.0,0.0,0.0,0.0,0.0,0.0,0.0,0.0,0.0,0.0,0.0,0.0,0.0,3.8,4.3,4.6,4.7,4.7,4.7,4.7,0.5,0.5,0.5,0.5
0956030449,02124547,8/15/2014,0.5,0.5,0.6,0.5,0.5,0.5,0.5,0.6,0.5,0.5,0.5,0.5,0.4,0.4,0.2,0.0,0.0,0.0,0.0,0.0,0.0,0.0,0.0,0.0,0.0,0.0,0.0,0.0,0.0,0.0,0.0,0.0,0.0,0.0,0.0,0.0,0.0,3.7,4.3,4.6,4.7,4.8,4.8,4.8,0.5,0.6,0.5,0.5
0956030449,02124547,8/14/2014,0.5,0.6,0.6,0.5,0.5,0.5,0.5,0.5,0.5,0.5,0.5,0.5,0.6,0.5,0.3,0.0,0.0,0.0,0.0,0.0,0.0,0.0,0.0,0.0,0.0,0.0,0.0,0.0,0.0,0.0,0.0,0.0,0.0,0.0,0.0,0.0,0.0,34.5,51.3,69.3,68.9,69.2,69.0,68.8,1.2,0.5,0.5,0.5
0956030449,02124547,8/13/2014,0.5,0.5,0.5,0.5,0.5,0.6,0.5,0.5,0.5,0.5,0.5,0.5,0.5,0.2,0.1,0.1,0.0,0.0,0.0,0.0,0.0,0.0,0.0,0.0,0.0,0.0,0.0,0.0,0.0,0.0,0.0,0.0,0.0,0.0,0.0,0.0,0.0,4.0,4.4,4.9,5.0,29.7,69.1,68.9,1.1,0.5,0.5,0.4
0956030449,02124547,8/12/2014,0.5,0.5,0.5,0.5,0.5,0.5,0.5,0.4,0.5,0.4,0.5,0.5,0.4,0.3,0.3,0.4,0.2,0.0,0.1,0.1,0.3,0.3,0.2,0.3,0.7,0.8,0.4,0.2,0.1,0.1,0.0,0.0,0.0,0.0,0.2,0.1,0.1,35.0,37.4,37.5,37.2,37.0,37.1,37.2,0.8,0.5,0.6,0.4
0956030449,02124547,8/11/2014,0.5,0.5,0.5,0.5,0.5,0.5,0.5,0.5,0.5,0.5,0.5,0.5,0.3,0.3,0.1,0.0,0.0,0.0,0.0,0.0,0.0,0.0,0.0,0.0,0.0,0.0,0.0,0.0,0.0,0.0,0.0,0.0,0.0,0.0,0.1,0.1,0.1,4.6,4.6,4.7,4.8,4.8,4.8,4.9,0.5,0.5,0.5,0.5
0956030449,02124547,8/10/2014,0.6,0.5,0.5,0.4,0.5,0.5,0.5,0.5,0.5,0.4,0.5,0.5,0.4,0.2,0.1,0.0,0.0,0.0,0.0,0.0,0.0,0.0,0.0,0.0,0.0,0.0,0.0,0.0,0.0,0.0,0.0,0.0,0.0,0.0,0.2,0.2,0.2,35.4,37.5,37.1,37.3,37.2,37.3,37.4,0.7,0.5,0.5,0.5
0956030449,02124547,8/9/2014,0.5,0.5,0.5,0.5,0.5,0.5,0.5,0.5,0.5,0.5,0.5,0.5,0.4,0.3,0.1,0.1,0.0,0.0,0.0,0.0,0.0,0.0,0.0,0.0,0.0,0.0,0.0,0.0,0.0,0.0,0.0,0.0,0.0,0.0,0.0,0.0,0.0,4.2,4.6,4.8,4.8,4.9,4.9,4.9,0.5,0.5,0.4,0.5
0956030449,02124547,8/8/2014,0.5,0.5,0.5,0.5,0.5,0.5,0.5,0.5,0.5,0.5,0.5,0.5,0.4,0.2,0.1,0.0,0.0,0.0,0.0,0.0,0.0,0.0,0.0,0.0,0.0,0.0,0.0,0.0,0.0,0.0,0.0,0.0,0.0,0.0,0.0,0.0,0.0,4.3,4.6,35.6,37.0,21.2,5.0,5.0,0.5,0.4,0.5,0.5
0956030449,02124547,8/7/2014,0.5,0.5,0.5,0.5,0.5,0.5,0.5,0.5,0.5,0.5,0.4,0.5,0.3,0.3,0.1,0.1,0.0,0.0,0.0,0.0,0.0,0.0,0.0,0.0,0.0,0.0,0.0,0.0,0.0,0.0,0.0,0.0,0.0,0.0,0.0,0.0,0.0,35.0,37.1,37.4,37.5,37.6,37.8,37.6,0.7,0.5,0.5,0.5
0956030449,02124547,8/6/2014,0.5,0.5,0.5,0.5,0.5,0.5,0.5,0.5,0.5,0.5,0.5,0.5,0.3,0.4,0.1,0.0,0.1,0.0,0.0,0.0,0.0,0.0,0.0,0.0,0.0,0.0,0.0,0.0,0.0,0.0,0.0,0.0,0.0,0.0,0.0,0.0,0.0,4.7,4.7,34.7,36.5,20.7,4.9,4.9,0.5,0.5,0.4,0.5
0956030449,02124547,8/5/2014,0.5,0.5,0.6,0.5,0.5,0.5,0.5,0.5,0.4,0.5,0.5,0.5,0.3,0.4,0.1,0.0,0.0,0.0,0.0,0.0,0.0,0.0,0.0,0.0,0.0,0.0,0.0,0.0,0.0,0.0,0.0,0.0,0.0,0.0,0.0,0.0,0.0,34.5,36.6,37.0,37.0,37.1,36.8,36.9,0.5,0.4,0.5,0.5
0956030449,02124547,8/4/2014,0.5,0.5,0.5,0.5,0.5,0.5,0.5,0.5,0.5,0.5,0.5,0.5,0.3,0.4,0.1,0.0,0.0,0.0,0.0,0.0,0.0,0.0,0.0,0.0,0.0,0.0,0.0,0.0,0.0,0.0,0.0,0.0,0.0,0.0,0.0,0.0,0.0,4.1,4.8,35.0,37.0,21.0,4.8,4.8,0.5,0.4,0.4,0.5
0956030449,02124547,8/3/2014,0.5,0.5,0.5,0.5,0.5,0.5,0.5,0.5,0.5,0.5,0.5,0.5,0.4,0.2,0.3,0.0,0.2,0.2,0.0,0.0,0.0,0.0,0.0,0.0,0.0,0.0,0.0,0.0,0.0,0.0,0.0,0.0,0.0,0.0,0.0,0.0,0.0,34.9,37.3,37.4,37.4,37.3,37.3,37.5,0.5,0.5,0.5,0.5
0956030449,02124547,8/2/2014,0.5,0.6,0.5,0.6,0.6,0.5,0.5,0.6,0.6,0.6,0.5,0.6,0.3,0.4,0.3,0.0,0.0,0.0,0.0,0.0,0.0,0.0,0.0,0.0,0.0,0.0,0.0,0.0,0.0,0.0,0.0,0.0,0.0,0.0,0.0,0.0,0.0,4.1,4.4,4.7,4.8,5.1,4.9,4.9,0.6,0.5,0.5,0.5
0956030449,02124547,8/1/2014,0.5,0.5,0.5,0.5,0.5,0.5,0.5,0.4,0.5,0.5,0.4,0.5,0.4,0.5,0.1,0.0,0.0,0.0,0.0,0.1,0.0,0.0,0.0,0.0,0.0,0.0,0.0,0.0,0.0,0.0,0.0,0.0,0.0,0.0,0.0,0.0,0.1,4.6,5.0,4.9,4.8,5.0,4.9,4.9,0.5,0.5,0.6,0.5
0956030449,02124547,7/31/2014,0.5,0.5,0.5,0.6,0.5,0.6,0.5,0.5,0.6,0.5,0.5,0.5,0.3,0.2,0.1,0.0,0.0,0.0,0.0,0.0,0.0,0.0,0.0,0.0,0.0,0.0,0.0,0.0,0.0,0.0,0.0,0.0,0.0,0.0,0.0,0.0,0.0,63.8,67.9,68.3,68.4,52.6,37.0,37.2,0.4,0.5,0.5,0.5
0956030449,02124547,7/30/2014,0.5,0.6,0.6,0.5,0.6,0.5,0.7,0.5,0.6,0.5,0.6,0.5,0.4,0.3,0.3,0.0,0.0,0.0,0.0,0.0,0.0,0.0,0.0,0.0,0.0,0.0,0.0,0.0,0.0,0.0,0.0,0.0,0.0,0.0,0.0,0.0,0.0,4.4,4.8,35.3,37.6,21.4,5.0,5.0,0.5,0.5,0.5,0.6
0956030449,02124547,7/29/2014,0.5,0.5,0.5,0.5,0.6,0.5,0.5,0.5,0.6,0.5,0.5,0.6,0.5,0.4,0.2,0.0,0.0,0.0,0.0,0.0,0.0,0.0,0.0,0.0,0.0,0.0,0.0,0.0,0.0,0.0,0.0,0.0,0.0,0.0,0.0,0.0,0.0,65.5,69.6,69.4,69.1,53.6,37.4,37.2,0.5,0.6,0.6,0.6
0956030449,02124547,7/28/2014,0.4,0.5,0.4,0.5,0.4,0.5,0.4,0.5,0.4,0.5,0.4,0.4,0.3,0.3,0.1,0.0,0.0,0.0,0.0,0.0,0.0,0.0,0.0,0.0,0.0,0.0,0.0,0.0,0.0,0.0,0.0,0.0,0.0,0.0,0.0,0.0,0.1,4.3,4.8,34.3,36.3,20.7,4.8,4.8,0.6,0.5,0.5,0.5
0956030449,02124547,7/27/2014,0.5,0.4,0.4,0.4,0.4,0.4,0.4,0.5,0.4,0.5,0.5,0.4,0.4,0.3,0.2,0.1,0.1,0.1,0.0,0.0,0.0,0.0,0.0,0.0,0.0,0.0,0.0,0.0,0.0,0.0,0.0,0.0,0.0,0.0,0.0,0.0,0.0,34.0,36.1,36.2,36.1,36.2,36.3,36.2,0.5,0.4,0.4,0.5
0956030449,02124547,7/26/2014,0.5,0.5,0.4,0.5,0.5,0.5,0.4,0.5,0.4,0.4,0.5,0.5,0.3,0.2,0.2,0.1,0.0,0.0,0.0,0.0,0.0,0.0,0.0,0.0,0.0,0.0,0.0,0.0,0.0,0.0,0.0,0.0,0.0,0.0,0.0,0.0,0.0,3.7,4.3,4.5,4.7,4.7,4.8,4.7,0.4,0.4,0.4,0.4
0956030449,02124547,7/25/2014,0.5,0.5,0.4,0.5,0.5,0.5,0.5,0.5,0.5,0.5,0.5,0.5,0.4,0.3,0.1,0.0,0.0,0.0,0.0,0.0,0.0,0.0,0.0,0.0,0.0,0.0,0.0,0.0,0.0,0.0,0.0,0.0,0.0,0.0,0.0,0.0,0.0,3.6,4.2,4.5,4.6,4.7,4.8,4.8,0.4,0.5,0.4,0.5
0956030449,02124547,7/24/2014,0.5,0.5,0.5,0.4,0.5,0.5,0.5,0.4,0.5,0.4,0.4,0.5,0.2,0.2,0.1,0.2,0.2,0.0,0.0,0.0,0.1,0.0,0.0,0.0,0.0,0.0,0.0,0.0,0.0,0.0,0.0,0.0,0.0,0.0,0.0,0.0,0.3,65.2,69.1,68.6,69.3,53.4,37.6,37.2,0.5,0.4,0.5,0.5
0956030449,02124547,7/23/2014,0.4,0.5,0.5,0.5,0.5,0.5,0.5,0.5,0.5,0.4,0.5,0.4,0.3,0.1,0.0,0.0,0.0,0.0,0.0,0.0,0.0,0.0,0.0,0.0,0.0,0.0,0.0,0.0,0.0,0.0,0.0,0.0,0.0,0.0,0.0,0.0,0.2,4.6,4.8,34.8,37.0,21.1,5.0,4.9,0.4,0.5,0.4,0.5
0956030449,02124547,7/22/2014,0.5,0.4,0.5,0.5,0.4,0.5,0.5,0.5,0.5,0.4,0.4,0.4,0.3,0.2,0.1,0.0,0.0,0.0,0.0,0.0,0.0,0.0,0.0,0.0,0.0,0.0,0.0,0.0,0.0,0.0,0.0,0.0,0.0,0.0,0.0,0.0,0.0,51.1,4.8,4.8,19.2,37.2,36.9,37.0,0.5,0.4,0.5,0.4
0956030449,02124547,7/21/2014,0.5,0.5,0.4,0.4,0.4,0.5,0.4,0.5,0.4,0.5,0.5,0.5,0.3,0.3,0.1,0.0,0.0,0.0,0.0,0.0,0.0,0.0,0.0,0.0,0.0,0.0,0.0,0.0,0.0,0.0,0.0,0.0,0.0,0.0,0.0,0.1,0.2,4.8,4.8,35.1,37.2,21.1,5.0,5.0,0.5,0.5,0.5,0.5
0956030449,02124547,7/20/2014,0.5,0.4,0.5,0.4,0.5,0.5,0.4,0.5,0.4,0.4,0.5,0.4,0.3,0.3,0.2,0.0,0.0,0.0,0.0,0.0,0.0,0.0,0.0,0.0,0.0,0.0,0.0,0.0,0.0,0.0,0.0,0.0,0.0,0.0,0.0,0.0,0.2,34.5,36.6,36.1,36.3,36.2,36.4,36.5,0.5,0.5,0.4,0.4
0956030449,02124547,7/19/2014,0.5,0.5,0.5,0.4,0.4,0.5,0.4,0.5,0.4,0.5,0.4,0.4,0.3,0.2,0.2,0.0,0.0,0.0,0.0,0.0,0.0,0.0,0.0,0.0,0.0,0.0,0.0,0.0,0.0,0.0,0.0,0.0,0.0,0.0,0.0,0.0,0.0,4.1,4.3,4.5,4.6,4.6,4.8,4.8,0.5,0.4,0.4,0.4
0956030449,02124547,7/18/2014,0.5,0.5,0.5,0.5,0.5,0.6,0.5,0.5,0.5,0.5,0.5,0.4,0.3,0.2,0.0,0.0,0.0,0.0,0.0,0.0,0.0,0.0,0.0,0.0,0.0,0.0,0.0,0.0,0.0,0.0,0.0,0.0,0.0,0.0,0.0,0.0,0.0,4.1,4.6,4.6,4.9,5.2,4.8,4.9,0.5,0.5,0.4,0.5
0956030449,02124547,7/17/2014,0.5,0.5,0.5,0.5,0.5,0.5,0.5,0.5,0.5,0.5,0.5,0.4,0.4,0.2,0.0,0.1,0.0,0.0,0.0,0.0,0.0,0.0,0.0,0.0,0.0,0.0,0.0,0.0,0.0,0.0,0.0,0.0,0.0,0.0,0.0,0.0,0.0,64.4,69.3,69.1,69.2,53.1,37.2,37.3,0.6,0.5,0.5,0.5
0956030449,02124547,7/16/2014,0.5,0.5,0.5,0.4,0.5,0.5,0.5,0.5,0.5,0.6,0.5,0.5,0.3,0.1,0.0,0.0,0.0,0.0,0.0,0.0,0.0,0.0,0.0,0.0,0.0,0.0,0.0,0.0,0.0,0.0,0.0,0.0,0.0,0.0,0.0,0.0,0.0,34.0,36.4,36.6,36.7,36.6,36.5,36.2,32.2,0.5,0.5,0.5
0956030449,02124547,7/15/2014,0.5,0.5,0.5,0.4,0.5,0.5,0.4,0.4,0.5,0.5,0.4,0.3,0.3,0.1,0.1,0.0,0.0,0.0,0.0,0.0,0.0,0.0,0.0,0.0,0.0,0.0,0.0,0.0,0.0,0.1,0.3,0.0,0.0,0.0,0.0,0.0,0.1,64.7,68.5,68.7,69.0,53.5,37.5,37.6,0.6,0.5,0.5,0.5
0956030449,02124547,7/14/2014,0.5,0.5,0.5,0.5,0.5,0.5,0.4,0.5,0.5,0.5,0.4,0.3,0.3,0.2,0.1,0.0,0.0,0.0,0.0,0.0,0.0,0.0,0.0,0.0,0.0,0.0,0.0,0.0,0.0,0.0,0.0,0.0,0.0,0.3,0.2,0.0,0.2,65.2,69.2,68.6,68.2,68.0,68.0,68.6,64.1,0.5,0.5,0.4
0956030449,02124547,7/13/2014,0.5,0.5,0.4,0.5,0.5,0.5,0.5,0.5,0.4,0.4,0.5,0.4,0.3,0.3,0.0,0.0,0.0,0.0,0.0,0.0,0.0,0.0,0.0,0.0,0.0,0.0,0.0,0.0,0.0,0.0,0.0,0.0,0.0,0.0,0.0,0.0,0.0,34.5,37.3,37.2,36.9,36.9,36.5,36.3,0.5,0.5,0.5,0.4
0956030449,02124547,7/12/2014,0.5,0.5,0.5,0.4,0.5,0.4,0.5,0.5,0.5,0.5,0.5,0.4,0.3,0.0,0.0,0.0,0.0,0.0,0.0,0.0,0.0,0.0,0.0,0.0,0.0,0.0,0.0,0.0,0.0,0.0,0.0,0.0,0.0,0.0,0.0,0.0,0.0,4.2,4.4,4.5,4.7,4.8,4.9,4.8,0.5,0.4,0.4,0.5
0956030449,02124547,7/11/2014,0.6,0.5,0.5,0.5,0.5,0.5,0.5,0.5,0.5,0.5,0.5,0.5,0.3,0.1,0.1,0.0,0.0,0.0,0.0,0.0,0.0,0.0,0.0,0.0,0.0,0.0,0.0,0.0,0.0,0.0,0.0,0.0,0.0,0.0,0.0,0.0,0.0,4.5,4.6,4.7,4.7,4.8,4.9,4.8,0.4,0.5,0.4,0.5
0956030449,02124547,7/10/2014,0.5,0.5,0.5,0.5,0.5,0.5,0.5,0.5,0.5,0.5,0.5,0.4,0.3,0.2,0.1,0.0,0.0,0.0,0.0,0.0,0.0,0.0,0.0,0.0,0.0,0.0,0.0,0.0,0.0,0.0,0.0,0.0,0.0,0.0,0.0,0.0,0.0,66.0,70.6,70.2,69.6,53.3,37.3,37.2,0.6,0.5,0.5,0.5
0956030449,02124547,7/9/2014,0.5,0.5,0.5,0.5,0.5,0.5,0.5,0.5,0.5,0.5,0.4,0.4,0.3,0.1,0.2,0.1,0.2,0.1,0.1,0.1,0.0,0.0,0.0,0.0,0.0,0.0,0.0,0.0,0.0,0.0,0.0,0.0,0.0,0.0,0.3,0.3,0.3,34.7,37.2,37.2,36.9,36.9,36.5,36.7,32.4,0.5,0.5,0.5
0956030449,02124547,7/8/2014,0.5,0.4,0.6,0.4,0.4,0.5,0.5,0.5,0.5,0.5,0.5,0.3,0.3,0.1,0.1,0.1,0.0,0.0,0.0,0.0,0.0,0.0,0.0,0.0,0.0,0.0,0.0,0.0,0.0,0.0,0.0,0.0,0.0,0.0,0.0,0.0,0.0,64.6,69.3,69.4,67.3,5.0,4.9,4.8,0.5,0.5,0.5,0.5
0956030449,02124547,7/7/2014,0.4,0.5,0.5,0.5,0.4,0.5,0.4,0.4,0.5,0.4,0.5,0.4,0.3,0.2,0.0,0.0,0.0,0.0,0.0,0.0,0.0,0.0,0.0,0.0,0.0,0.0,0.0,0.0,0.0,0.0,0.0,0.0,0.0,0.0,0.0,0.0,0.0,64.4,68.6,68.8,69.4,69.6,45.5,68.8,64.3,0.5,0.4,0.5
0956030449,02124547,7/6/2014,0.5,0.5,0.5,0.6,0.5,0.5,0.5,0.5,0.5,0.5,0.5,0.4,0.3,0.1,0.0,0.0,0.0,0.0,0.0,0.0,0.0,0.0,0.0,0.0,0.0,0.0,0.0,0.0,0.0,0.0,0.0,0.0,0.0,0.0,0.0,0.0,0.0,33.8,36.3,36.8,36.9,36.6,36.4,36.4,0.5,0.4,0.4,0.5
0956030449,02124547,7/5/2014,0.5,0.5,0.5,0.5,0.5,0.6,0.5,0.6,0.5,0.6,0.5,0.5,0.3,0.3,0.1,0.0,0.0,0.0,0.0,0.0,0.0,0.0,0.0,0.0,0.0,0.0,0.0,0.0,0.0,0.0,0.0,0.0,0.0,0.0,0.0,0.0,0.0,3.7,4.3,4.6,4.8,4.8,4.9,4.9,0.5,0.5,0.5,0.5
0956030449,02124547,7/4/2014,0.5,0.5,0.5,0.5,0.6,0.5,0.5,0.5,0.5,0.5,0.5,0.5,0.3,0.4,0.3,0.3,0.4,0.1,0.0,0.0,0.0,0.0,0.0,0.0,0.0,0.0,0.0,0.0,0.0,0.0,0.0,0.0,0.0,0.0,0.0,0.0,0.0,3.8,4.4,4.7,4.8,4.9,5.0,5.1,0.5,0.5,0.5,0.5
0956030449,02124547,7/3/2014,0.6,0.5,0.6,0.6,0.5,0.6,0.6,0.6,0.5,0.5,0.5,0.4,0.3,0.1,0.0,0.0,0.0,0.0,0.0,0.0,0.0,0.0,0.0,0.0,0.0,0.0,0.0,0.0,0.0,0.0,0.0,0.0,0.1,0.3,0.2,0.1,0.1,35.0,37.7,37.8,37.7,38.1,38.0,37.8,33.2,0.7,0.5,0.5
0956030449,02124547,7/2/2014,0.5,0.6,0.6,0.5,0.4,0.6,0.5,0.5,0.5,0.4,0.5,0.3,0.2,0.1,0.0,0.0,0.0,0.0,0.0,0.0,0.0,0.0,0.0,0.0,0.0,0.0,0.0,0.0,0.0,0.0,0.0,0.0,0.0,0.0,0.0,0.0,0.0,34.2,37.1,36.8,36.9,51.2,69.3,69.5,32.7,0.7,0.6,0.6
0956030449,02124547,7/1/2014,0.5,0.5,0.5,0.5,0.5,0.5,0.5,0.5,0.5,0.5,0.5,0.3,0.2,0.1,0.0,0.0,0.0,0.0,0.0,0.0,0.0,0.0,0.0,0.0,0.0,0.0,0.0,0.0,0.0,0.0,0.0,0.0,0.0,0.0,0.0,0.0,29.2,66.6,69.3,69.1,68.6,12.8,4.9,4.9,0.6,0.6,0.6,0.6
0956030449,02124547,6/30/2014,0.5,0.5,0.5,0.5,0.5,0.5,0.5,0.5,0.4,0.5,0.5,0.3,0.3,0.2,0.1,0.0,0.0,0.0,0.0,0.0,0.0,0.0,0.0,0.0,0.0,0.0,0.0,0.0,0.0,0.0,0.0,0.0,0.0,0.0,0.0,0.0,0.0,64.9,69.4,69.6,69.4,69.6,69.7,70.2,65.4,0.7,0.5,0.5
0956030449,02124547,6/29/2014,0.5,0.5,0.5,0.5,0.5,0.5,0.5,0.5,0.5,0.5,0.6,0.4,0.2,0.1,0.0,0.0,0.0,0.0,0.0,0.0,0.0,0.0,0.0,0.0,0.0,0.0,0.0,0.0,0.0,0.0,0.0,0.0,0.0,0.0,0.0,0.0,0.0,34.4,37.1,37.2,37.3,37.3,37.2,37.0,0.5,0.5,0.5,0.5
0956030449,02124547,6/28/2014,0.5,0.5,0.5,0.5,0.5,0.5,0.5,0.5,0.5,0.5,0.5,0.4,0.3,0.1,0.0,0.0,0.0,0.0,0.0,0.0,0.0,0.0,0.0,0.0,0.0,0.0,0.0,0.0,0.0,0.0,0.0,0.0,0.0,0.0,0.0,0.0,0.0,4.5,18.9,37.3,37.5,37.4,5.1,5.0,0.5,0.5,0.5,0.5
0956030449,02124547,6/27/2014,0.5,0.5,0.5,0.5,0.5,0.5,0.5,0.5,0.6,0.5,0.5,0.3,0.3,0.1,0.0,0.0,0.0,0.0,0.0,0.0,0.0,0.0,0.0,0.0,0.0,0.0,0.0,0.0,0.0,0.0,0.0,0.0,0.0,0.0,0.0,0.0,0.0,33.9,36.2,36.3,36.7,51.1,53.3,37.4,0.5,0.5,0.5,0.5
0956030449,02124547,6/26/2014,0.4,0.5,0.5,0.4,0.5,0.5,0.5,0.5,0.5,0.5,0.5,0.3,0.3,0.2,0.0,0.0,0.0,0.0,0.0,0.0,0.0,0.0,0.0,0.0,0.0,0.0,0.0,0.0,0.0,0.0,0.0,0.0,0.0,0.0,0.0,0.0,13.6,66.0,68.3,68.6,68.9,13.6,5.0,4.9,0.5,0.5,0.5,0.5
0956030449,02124547,6/25/2014,0.4,0.5,0.4,0.5,0.5,0.5,0.5,0.4,0.5,0.5,0.5,0.3,0.2,0.1,0.1,0.0,0.0,0.0,0.0,0.0,0.0,0.0,0.0,0.0,0.0,0.0,0.0,0.0,0.0,0.0,0.0,0.0,0.0,0.0,0.0,0.0,0.0,34.1,36.4,36.3,36.6,50.8,68.5,68.4,32.0,0.5,0.5,0.5
0956030449,02124547,6/24/2014,0.5,0.5,0.6,0.5,0.5,0.5,0.5,0.4,0.6,0.5,0.5,0.4,0.3,0.1,0.1,0.0,0.0,0.0,0.0,0.0,0.0,0.0,0.0,0.0,0.0,0.0,0.0,0.0,0.0,0.0,0.0,0.0,0.0,0.0,0.0,0.0,0.0,64.5,69.0,69.0,68.4,41.0,4.9,4.9,0.5,0.4,0.5,0.4
0956030449,02124547,6/23/2014,0.5,0.5,0.5,0.5,0.5,0.5,0.5,0.5,0.5,0.6,0.5,0.4,0.3,0.1,0.0,0.0,0.0,0.0,0.0,0.0,0.0,0.0,0.0,0.0,0.0,0.0,0.0,0.0,0.0,0.0,0.0,0.0,0.0,0.0,0.0,0.0,0.0,64.3,68.6,68.7,69.0,69.3,69.5,69.6,64.8,0.5,0.5,0.5
0956030449,02124547,6/22/2014,0.5,0.4,0.5,0.5,0.5,0.5,0.5,0.6,0.6,0.5,0.6,0.5,0.4,0.4,0.2,0.1,0.0,0.0,0.0,0.0,0.0,0.0,0.0,0.0,0.0,0.0,0.0,0.0,0.0,0.0,0.0,0.0,0.0,0.0,0.0,0.0,0.0,3.9,4.3,4.7,5.0,4.8,5.0,5.0,0.5,0.5,0.6,0.5
0956030449,02124547,6/21/2014,0.5,0.5,0.4,0.5,0.5,0.4,0.5,0.5,0.5,0.6,0.5,0.4,0.3,0.3,0.3,0.3,0.2,0.1,0.4,0.1,0.0,0.1,0.0,0.0,0.0,0.2,0.1,0.5,0.1,0.0,0.0,0.0,0.0,0.0,0.0,0.1,0.1,4.4,4.8,5.0,4.8,4.9,5.0,5.0,0.5,0.5,0.5,0.5
0956030449,02124547,6/20/2014,0.5,0.5,0.5,0.5,0.5,0.5,0.5,0.5,0.5,0.5,0.5,0.3,0.2,0.2,0.0,0.0,0.0,0.0,0.0,0.0,0.0,0.0,0.0,0.0,0.0,0.0,0.0,0.0,0.0,0.0,0.0,0.0,0.0,0.0,0.0,0.0,0.0,3.9,4.3,4.7,4.8,19.2,37.9,37.9,0.8,0.5,0.5,0.5
0956030449,02124547,6/19/2014,0.4,0.5,0.6,0.5,0.5,0.5,0.5,0.5,0.4,0.5,0.4,0.3,0.3,0.1,0.0,0.0,0.0,0.0,0.0,0.0,0.0,0.0,0.0,0.0,0.0,0.0,0.0,0.0,0.0,0.0,0.0,0.0,0.0,0.0,0.0,0.0,59.7,68.2,69.1,69.1,62.0,5.0,5.0,5.0,0.5,0.5,0.5,0.5
0956030449,02124547,6/18/2014,0.4,0.5,0.4,0.5,0.5,0.5,0.5,0.5,0.5,0.5,0.5,0.4,0.2,0.1,0.0,0.0,0.0,0.0,0.0,0.0,0.0,0.0,0.0,0.0,0.0,0.0,0.0,0.0,0.0,0.0,0.0,0.0,0.0,0.0,0.0,0.0,0.0,47.6,50.7,50.8,49.0,50.8,69.6,69.5,32.8,0.8,0.6,0.6
0956030449,02124547,6/17/2014,0.5,0.4,0.5,0.5,0.5,0.5,0.5,0.5,0.5,0.5,0.5,0.3,0.3,0.1,0.0,0.0,0.0,0.0,0.0,0.0,0.0,0.0,0.0,0.0,0.0,0.0,0.0,0.0,0.0,0.0,0.0,0.0,0.0,0.0,0.0,0.0,0.0,64.9,68.7,68.5,68.8,68.7,37.7,5.0,0.5,0.5,0.4,0.4
0956030449,02124547,6/16/2014,0.5,0.5,0.6,0.5,0.5,0.6,0.5,0.5,0.6,0.6,0.6,0.4,0.4,0.2,0.0,0.0,0.0,0.0,0.0,0.0,0.0,0.0,0.0,0.0,0.0,0.0,0.0,0.0,0.0,0.0,0.0,0.0,0.0,0.0,0.0,0.0,5.8,77.8,81.3,81.7,82.0,68.3,67.8,67.4,62.9,1.0,0.4,0.4
0956030449,02124547,6/15/2014,0.5,0.6,0.6,0.5,0.5,0.6,0.5,0.6,0.6,0.5,0.6,0.4,0.3,0.2,0.0,0.0,0.0,0.0,0.0,0.0,0.0,0.0,0.0,0.0,0.0,0.0,0.0,0.0,0.0,0.0,0.0,0.0,0.0,0.0,0.0,0.0,0.0,3.7,4.6,4.5,4.7,4.8,5.0,5.0,0.5,0.5,0.5,0.5
0956030449,02124547,6/14/2014,0.6,0.5,0.5,0.6,0.6,0.6,0.6,0.5,0.6,0.6,0.5,0.4,0.3,0.2,0.1,0.0,0.0,0.0,0.0,0.0,0.0,0.0,0.0,0.0,0.0,0.0,0.0,0.0,0.0,0.0,0.0,0.0,0.0,0.0,0.0,0.0,0.0,4.0,4.5,4.8,4.8,4.9,5.0,5.0,0.6,0.6,0.5,0.5
0956030449,02124547,6/13/2014,0.6,0.5,0.5,0.5,0.5,0.5,0.5,0.5,0.6,0.5,0.5,0.3,0.3,0.1,0.1,0.0,0.0,0.0,0.0,0.0,0.0,0.0,0.0,0.0,0.0,0.0,0.0,0.2,0.1,0.0,0.0,0.0,0.0,0.0,0.0,0.1,0.5,4.5,4.2,4.8,4.9,19.2,37.6,37.5,0.9,0.5,0.5,0.5
0956030449,02124547,6/12/2014,0.5,0.5,0.5,0.6,0.5,0.5,0.5,0.5,0.5,0.5,0.5,0.4,0.3,0.3,0.3,0.3,0.2,0.1,0.0,0.1,0.0,0.0,0.0,0.0,0.0,0.0,0.0,0.0,0.0,0.0,0.3,0.0,0.0,0.0,0.0,0.0,14.0,66.2,68.3,68.6,68.5,68.6,37.5,4.9,0.6,0.4,0.6,0.5
0956030449,02124547,6/11/2014,0.5,0.5,0.5,0.5,0.5,0.5,0.5,0.5,0.4,0.5,0.5,0.3,0.4,0.3,0.4,0.4,0.2,0.2,0.4,0.2,0.0,0.0,0.0,0.0,0.0,0.0,0.0,0.0,0.0,0.0,0.0,0.0,0.0,0.0,0.0,0.3,0.8,34.2,66.0,7.8,4.8,18.6,36.7,36.7,0.8,0.5,0.4,0.5
0956030449,02124547,6/10/2014,0.5,0.4,0.5,0.4,0.5,0.4,0.5,0.4,0.4,0.4,0.5,0.4,0.3,0.1,0.0,0.1,0.1,0.0,0.0,0.0,0.0,0.0,0.2,0.0,0.0,0.0,0.0,0.0,0.0,0.0,0.0,0.0,0.0,0.0,0.1,0.1,10.8,68.3,68.4,68.4,68.0,68.2,37.1,4.8,0.5,0.4,0.5,0.5
0956030449,02124547,6/9/2014,0.5,0.5,0.5,0.5,0.5,0.6,0.5,0.5,0.5,0.5,0.5,0.4,0.3,0.2,0.0,0.0,0.0,0.0,0.0,0.0,0.0,0.0,0.0,0.0,0.0,0.0,0.0,0.0,0.0,0.0,0.0,0.0,0.0,0.0,0.0,0.0,0.0,3.9,34.6,36.4,36.5,36.5,36.7,36.5,0.8,0.4,0.5,0.5
0956030449,02124547,6/8/2014,0.5,0.5,0.5,0.5,0.5,0.6,0.5,0.5,0.5,0.5,0.7,0.4,0.4,0.1,0.0,0.0,0.0,0.0,0.0,0.0,0.0,0.0,0.0,0.0,0.0,0.0,0.0,0.0,0.0,0.0,0.0,0.0,0.0,0.0,0.0,0.1,0.2,19.3,37.2,37.3,65.9,69.2,69.1,69.3,1.2,0.5,0.5,0.5
0956030449,02124547,6/7/2014,0.5,0.5,0.5,0.6,0.5,0.6,0.6,0.6,0.6,0.8,0.5,0.4,0.3,0.2,0.1,0.0,0.0,0.0,0.0,0.0,0.0,0.0,0.0,0.0,0.0,0.0,0.0,0.0,0.1,0.0,0.0,0.0,0.0,0.0,0.0,0.0,0.0,3.7,4.5,4.7,4.8,4.8,5.0,5.0,0.5,0.5,0.5,0.6
0956030449,02124547,6/6/2014,0.6,0.5,0.6,0.6,0.5,0.6,0.6,0.6,0.6,0.6,0.5,0.5,0.4,0.2,0.1,0.0,0.0,0.0,0.0,0.0,0.0,0.0,0.0,0.0,0.0,0.0,0.0,0.0,0.0,0.0,0.0,0.0,0.0,0.0,0.0,0.0,0.0,33.8,66.8,68.8,68.7,68.4,53.4,37.2,0.9,0.5,0.5,0.5
0956030449,02124547,6/5/2014,0.5,0.5,0.5,0.6,0.5,0.5,0.4,0.6,0.5,0.6,0.6,0.4,0.5,0.5,0.2,0.2,0.3,0.1,0.0,0.0,0.0,0.0,0.0,0.0,0.0,0.0,0.0,0.0,0.0,0.0,0.0,0.0,0.0,0.0,0.0,0.0,0.1,18.0,79.8,83.4,83.0,82.7,67.0,36.6,0.8,0.6,0.5,0.5
0956030449,02124547,6/4/2014,0.5,0.5,0.6,0.5,0.5,0.6,0.5,0.5,0.5,0.5,0.6,0.3,0.4,0.2,0.0,0.0,0.0,0.0,0.0,0.0,0.0,0.0,0.0,0.0,0.0,0.0,0.0,0.0,0.0,0.0,0.0,0.0,0.0,0.0,0.0,0.0,0.1,4.1,64.8,68.2,68.3,68.6,53.3,37.4,0.9,0.5,0.5,0.6
0956030449,02124547,6/3/2014,0.5,0.5,0.6,0.5,0.5,0.5,0.5,0.5,0.6,0.6,0.5,0.6,0.3,0.1,0.1,0.0,0.0,0.0,0.0,0.0,0.0,0.0,0.0,0.0,0.0,0.0,0.0,0.0,0.0,0.0,0.0,0.0,0.0,0.0,0.0,0.0,0.0,4.5,64.8,68.5,80.7,82.7,25.7,5.0,0.5,0.6,0.6,0.5
0956030449,02124547,6/2/2014,0.5,0.7,0.6,0.6,0.6,0.6,0.7,0.6,0.6,0.6,0.6,0.4,0.4,0.1,0.0,0.0,0.0,0.0,0.0,0.0,0.0,0.0,0.0,0.0,0.0,0.0,0.0,0.0,0.0,0.0,0.0,0.0,0.0,0.0,0.0,0.0,0.0,4.4,65.8,69.6,69.3,69.2,54.0,37.1,0.9,0.5,0.5,0.6
0956030449,02124547,6/1/2014,0.6,0.6,0.6,0.6,0.6,0.7,0.6,0.6,0.6,0.5,0.6,0.5,0.4,0.2,0.1,0.0,0.0,0.0,0.0,0.0,0.0,0.0,0.0,0.0,0.0,0.0,0.0,0.0,0.0,0.0,0.0,0.0,0.0,0.0,0.0,0.0,0.0,4.1,4.7,6.3,37.1,37.0,36.9,37.0,1.1,0.5,0.5,0.6
0956030449,02124547,5/31/2014,0.6,0.6,0.6,0.5,0.6,0.5,0.6,0.6,0.6,0.5,0.6,0.5,0.4,0.2,0.0,0.0,0.0,0.0,0.0,0.0,0.0,0.0,0.0,0.0,0.0,0.0,0.0,0.0,0.0,0.0,0.0,0.0,0.0,0.0,0.0,0.0,5.7,18.3,18.8,19.0,5.1,4.9,5.1,5.0,0.6,0.6,0.5,0.7
0956030449,02124547,5/30/2014,0.6,0.5,0.6,0.6,0.6,0.6,0.6,0.6,0.6,0.6,0.6,0.4,0.4,0.4,0.2,0.2,0.1,0.1,0.1,0.0,0.0,0.0,0.0,0.0,0.0,0.0,0.0,0.0,0.0,0.0,0.0,0.0,0.0,0.0,0.0,0.1,0.0,4.4,66.5,70.0,69.7,69.2,53.7,37.5,1.1,0.7,0.5,0.6
0956030449,02124547,5/29/2014,0.7,0.6,0.6,0.7,0.7,0.6,0.6,0.6,0.6,0.5,0.6,0.7,0.4,0.5,0.4,0.4,0.3,0.3,0.4,0.1,0.0,0.0,0.0,0.0,0.0,0.2,0.1,0.3,0.2,0.3,0.3,0.1,0.3,0.2,0.1,0.5,0.4,4.8,66.4,70.3,69.8,69.8,54.2,37.3,1.0,0.6,0.6,0.6
0956030449,02124547,5/28/2014,0,0,0,0,0,0,0,0,0,0,0,0,0,0,0,0,0,0,0,0,0,0,0,0,0.0,0.0,0.0,0.0,0.0,0.0,0.0,0.0,0.0,0.0,0.0,0.2,0.0,4.4,65.3,68.9,68.1,68.9,53.6,37.7,1.2,0.6,0.5,0.6
