kWh,Date,Time,kWh,Datetime,HourOfDay,Month,Day,Year,FiscalYear,DayOfWeek,Percent
0.0,6706,6706,6706,6706,6706,6706,6706,6706,6706,6706,0.3492708333333333
0.1,490,490,490,490,490,490,490,490,490,490,0.025520833333333333
0.2,258,258,258,258,258,258,258,258,258,258,0.0134375
0.3,325,325,325,325,325,325,325,325,325,325,0.016927083333333332
0.4,1247,1247,1247,1247,1247,1247,1247,1247,1247,1247,0.06494791666666666
0.5,1421,1421,1421,1421,1421,1421,1421,1421,1421,1421,0.07401041666666666
0.6,457,457,457,457,457,457,457,457,457,457,0.023802083333333335
0.7,286,286,286,286,286,286,286,286,286,286,0.014895833333333334
0.8,217,217,217,217,217,217,217,217,217,217,0.011302083333333334
0.9,141,141,141,141,141,141,141,141,141,141,0.00734375
1.0,134,134,134,134,134,134,134,134,134,134,0.0069791666666666665
1.1,82,82,82,82,82,82,82,82,82,82,0.004270833333333333
1.2,113,113,113,113,113,113,113,113,113,113,0.005885416666666666
1.3,85,85,85,85,85,85,85,85,85,85,0.004427083333333333
1.4,78,78,78,78,78,78,78,78,78,78,0.0040625
1.5,75,75,75,75,75,75,75,75,75,75,0.00390625
1.6,43,43,43,43,43,43,43,43,43,43,0.0022395833333333334
1.7,70,70,70,70,70,70,70,70,70,70,0.0036458333333333334
1.8,55,55,55,55,55,55,55,55,55,55,0.002864583333333333
1.9,53,53,53,53,53,53,53,53,53,53,0.0027604166666666667
2.0,43,43,43,43,43,43,43,43,43,43,0.0022395833333333334
2.1,44,44,44,44,44,44,44,44,44,44,0.0022916666666666667
2.2,41,41,41,41,41,41,41,41,41,41,0.0021354166666666665
2.3,49,49,49,49,49,49,49,49,49,49,0.0025520833333333333
2.4,88,88,88,88,88,88,88,88,88,88,0.004583333333333333
2.5,66,66,66,66,66,66,66,66,66,66,0.0034375
2.6,63,63,63,63,63,63,63,63,63,63,0.00328125
2.7,36,36,36,36,36,36,36,36,36,36,0.001875
2.8,64,64,64,64,64,64,64,64,64,64,0.0033333333333333335
2.9,50,50,50,50,50,50,50,50,50,50,0.0026041666666666665
3.0,57,57,57,57,57,57,57,57,57,57,0.00296875
3.1,58,58,58,58,58,58,58,58,58,58,0.0030208333333333333
3.2,79,79,79,79,79,79,79,79,79,79,0.004114583333333333
3.3,81,81,81,81,81,81,81,81,81,81,0.00421875
3.4,83,83,83,83,83,83,83,83,83,83,0.004322916666666667
3.5,114,114,114,114,114,114,114,114,114,114,0.0059375
3.6,106,106,106,106,106,106,106,106,106,106,0.005520833333333333
3.7,77,77,77,77,77,77,77,77,77,77,0.0040104166666666665
3.8,75,75,75,75,75,75,75,75,75,75,0.00390625
3.9,101,101,101,101,101,101,101,101,101,101,0.005260416666666667
4.0,79,79,79,79,79,79,79,79,79,79,0.004114583333333333
4.1,58,58,58,58,58,58,58,58,58,58,0.0030208333333333333
4.2,62,62,62,62,62,62,62,62,62,62,0.0032291666666666666
4.3,42,42,42,42,42,42,42,42,42,42,0.0021875
4.4,41,41,41,41,41,41,41,41,41,41,0.0021354166666666665
4.5,46,46,46,46,46,46,46,46,46,46,0.002395833333333333
4.6,53,53,53,53,53,53,53,53,53,53,0.0027604166666666667
4.7,50,50,50,50,50,50,50,50,50,50,0.0026041666666666665
4.8,74,74,74,74,74,74,74,74,74,74,0.0038541666666666668
4.9,83,83,83,83,83,83,83,83,83,83,0.004322916666666667
5.0,121,121,121,121,121,121,121,121,121,121,0.006302083333333333
5.1,146,146,146,146,146,146,146,146,146,146,0.007604166666666667
5.2,137,137,137,137,137,137,137,137,137,137,0.007135416666666667
5.3,194,194,194,194,194,194,194,194,194,194,0.010104166666666666
5.4,123,123,123,123,123,123,123,123,123,123,0.00640625
5.5,123,123,123,123,123,123,123,123,123,123,0.00640625
5.6,93,93,93,93,93,93,93,93,93,93,0.00484375
5.7,113,113,113,113,113,113,113,113,113,113,0.005885416666666666
5.8,90,90,90,90,90,90,90,90,90,90,0.0046875
5.9,94,94,94,94,94,94,94,94,94,94,0.004895833333333334
6.0,105,105,105,105,105,105,105,105,105,105,0.00546875
6.1,49,49,49,49,49,49,49,49,49,49,0.0025520833333333333
6.2,71,71,71,71,71,71,71,71,71,71,0.0036979166666666666
6.3,75,75,75,75,75,75,75,75,75,75,0.00390625
6.4,56,56,56,56,56,56,56,56,56,56,0.002916666666666667
6.5,55,55,55,55,55,55,55,55,55,55,0.002864583333333333
6.6,61,61,61,61,61,61,61,61,61,61,0.0031770833333333334
6.7,59,59,59,59,59,59,59,59,59,59,0.0030729166666666665
6.8,61,61,61,61,61,61,61,61,61,61,0.0031770833333333334
6.9,56,56,56,56,56,56,56,56,56,56,0.002916666666666667
7.0,48,48,48,48,48,48,48,48,48,48,0.0025
7.1,55,55,55,55,55,55,55,55,55,55,0.002864583333333333
7.2,71,71,71,71,71,71,71,71,71,71,0.0036979166666666666
7.3,53,53,53,53,53,53,53,53,53,53,0.0027604166666666667
7.4,67,67,67,67,67,67,67,67,67,67,0.0034895833333333333
7.5,51,51,51,51,51,51,51,51,51,51,0.00265625
7.6,37,37,37,37,37,37,37,37,37,37,0.0019270833333333334
7.7,48,48,48,48,48,48,48,48,48,48,0.0025
7.8,59,59,59,59,59,59,59,59,59,59,0.0030729166666666665
7.9,39,39,39,39,39,39,39,39,39,39,0.00203125
8.0,46,46,46,46,46,46,46,46,46,46,0.002395833333333333
8.1,33,33,33,33,33,33,33,33,33,33,0.00171875
8.2,50,50,50,50,50,50,50,50,50,50,0.0026041666666666665
8.3,47,47,47,47,47,47,47,47,47,47,0.002447916666666667
8.4,55,55,55,55,55,55,55,55,55,55,0.002864583333333333
8.5,47,47,47,47,47,47,47,47,47,47,0.002447916666666667
8.6,23,23,23,23,23,23,23,23,23,23,0.0011979166666666666
8.7,27,27,27,27,27,27,27,27,27,27,0.00140625
8.8,16,16,16,16,16,16,16,16,16,16,0.0008333333333333334
8.9,18,18,18,18,18,18,18,18,18,18,0.0009375
9.0,56,56,56,56,56,56,56,56,56,56,0.002916666666666667
9.1,32,32,32,32,32,32,32,32,32,32,0.0016666666666666668
9.2,20,20,20,20,20,20,20,20,20,20,0.0010416666666666667
9.3,30,30,30,30,30,30,30,30,30,30,0.0015625
9.4,5,5,5,5,5,5,5,5,5,5,0.00026041666666666666
9.5,5,5,5,5,5,5,5,5,5,5,0.00026041666666666666
9.6,13,13,13,13,13,13,13,13,13,13,0.0006770833333333334
9.7,6,6,6,6,6,6,6,6,6,6,0.0003125
9.8,6,6,6,6,6,6,6,6,6,6,0.0003125
9.9,13,13,13,13,13,13,13,13,13,13,0.0006770833333333334
10.0,12,12,12,12,12,12,12,12,12,12,0.000625
10.1,9,9,9,9,9,9,9,9,9,9,0.00046875
10.2,12,12,12,12,12,12,12,12,12,12,0.000625
10.3,13,13,13,13,13,13,13,13,13,13,0.0006770833333333334
10.4,7,7,7,7,7,7,7,7,7,7,0.00036458333333333335
10.5,12,12,12,12,12,12,12,12,12,12,0.000625
10.6,10,10,10,10,10,10,10,10,10,10,0.0005208333333333333
10.7,15,15,15,15,15,15,15,15,15,15,0.00078125
10.8,20,20,20,20,20,20,20,20,20,20,0.0010416666666666667
10.9,19,19,19,19,19,19,19,19,19,19,0.0009895833333333334
11.0,11,11,11,11,11,11,11,11,11,11,0.0005729166666666667
11.1,6,6,6,6,6,6,6,6,6,6,0.0003125
11.2,11,11,11,11,11,11,11,11,11,11,0.0005729166666666667
11.3,12,12,12,12,12,12,12,12,12,12,0.000625
11.4,6,6,6,6,6,6,6,6,6,6,0.0003125
11.5,9,9,9,9,9,9,9,9,9,9,0.00046875
11.6,7,7,7,7,7,7,7,7,7,7,0.00036458333333333335
11.7,13,13,13,13,13,13,13,13,13,13,0.0006770833333333334
11.8,10,10,10,10,10,10,10,10,10,10,0.0005208333333333333
11.9,4,4,4,4,4,4,4,4,4,4,0.00020833333333333335
12.0,11,11,11,11,11,11,11,11,11,11,0.0005729166666666667
12.1,7,7,7,7,7,7,7,7,7,7,0.00036458333333333335
12.2,9,9,9,9,9,9,9,9,9,9,0.00046875
12.3,12,12,12,12,12,12,12,12,12,12,0.000625
12.4,12,12,12,12,12,12,12,12,12,12,0.000625
12.5,16,16,16,16,16,16,16,16,16,16,0.0008333333333333334
12.6,10,10,10,10,10,10,10,10,10,10,0.0005208333333333333
12.7,12,12,12,12,12,12,12,12,12,12,0.000625
12.8,13,13,13,13,13,13,13,13,13,13,0.0006770833333333334
12.9,9,9,9,9,9,9,9,9,9,9,0.00046875
13.0,10,10,10,10,10,10,10,10,10,10,0.0005208333333333333
13.1,9,9,9,9,9,9,9,9,9,9,0.00046875
13.2,6,6,6,6,6,6,6,6,6,6,0.0003125
13.3,4,4,4,4,4,4,4,4,4,4,0.00020833333333333335
13.4,5,5,5,5,5,5,5,5,5,5,0.00026041666666666666
13.5,4,4,4,4,4,4,4,4,4,4,0.00020833333333333335
13.6,13,13,13,13,13,13,13,13,13,13,0.0006770833333333334
13.7,9,9,9,9,9,9,9,9,9,9,0.00046875
13.8,15,15,15,15,15,15,15,15,15,15,0.00078125
13.9,7,7,7,7,7,7,7,7,7,7,0.00036458333333333335
14.0,1,1,1,1,1,1,1,1,1,1,5.208333333333334e-05
14.1,3,3,3,3,3,3,3,3,3,3,0.00015625
14.3,2,2,2,2,2,2,2,2,2,2,0.00010416666666666667
14.4,1,1,1,1,1,1,1,1,1,1,5.208333333333334e-05
14.5,1,1,1,1,1,1,1,1,1,1,5.208333333333334e-05
14.6,3,3,3,3,3,3,3,3,3,3,0.00015625
14.7,1,1,1,1,1,1,1,1,1,1,5.208333333333334e-05
14.8,2,2,2,2,2,2,2,2,2,2,0.00010416666666666667
15.0,1,1,1,1,1,1,1,1,1,1,5.208333333333334e-05
15.5,1,1,1,1,1,1,1,1,1,1,5.208333333333334e-05
15.8,1,1,1,1,1,1,1,1,1,1,5.208333333333334e-05
16.0,1,1,1,1,1,1,1,1,1,1,5.208333333333334e-05
16.3,1,1,1,1,1,1,1,1,1,1,5.208333333333334e-05
16.5,1,1,1,1,1,1,1,1,1,1,5.208333333333334e-05
16.9,1,1,1,1,1,1,1,1,1,1,5.208333333333334e-05
17.4,1,1,1,1,1,1,1,1,1,1,5.208333333333334e-05
17.8,1,1,1,1,1,1,1,1,1,1,5.208333333333334e-05
18.1,4,4,4,4,4,4,4,4,4,4,0.00020833333333333335
18.2,1,1,1,1,1,1,1,1,1,1,5.208333333333334e-05
18.3,2,2,2,2,2,2,2,2,2,2,0.00010416666666666667
18.6,1,1,1,1,1,1,1,1,1,1,5.208333333333334e-05
18.7,1,1,1,1,1,1,1,1,1,1,5.208333333333334e-05
19.0,1,1,1,1,1,1,1,1,1,1,5.208333333333334e-05
19.1,1,1,1,1,1,1,1,1,1,1,5.208333333333334e-05
19.2,2,2,2,2,2,2,2,2,2,2,0.00010416666666666667
19.3,1,1,1,1,1,1,1,1,1,1,5.208333333333334e-05
19.4,6,6,6,6,6,6,6,6,6,6,0.0003125
19.5,6,6,6,6,6,6,6,6,6,6,0.0003125
19.6,2,2,2,2,2,2,2,2,2,2,0.00010416666666666667
19.7,1,1,1,1,1,1,1,1,1,1,5.208333333333334e-05
19.8,1,1,1,1,1,1,1,1,1,1,5.208333333333334e-05
20.2,1,1,1,1,1,1,1,1,1,1,5.208333333333334e-05
20.4,1,1,1,1,1,1,1,1,1,1,5.208333333333334e-05
20.9,1,1,1,1,1,1,1,1,1,1,5.208333333333334e-05
21.0,1,1,1,1,1,1,1,1,1,1,5.208333333333334e-05
21.4,2,2,2,2,2,2,2,2,2,2,0.00010416666666666667
21.6,1,1,1,1,1,1,1,1,1,1,5.208333333333334e-05
21.7,1,1,1,1,1,1,1,1,1,1,5.208333333333334e-05
21.8,1,1,1,1,1,1,1,1,1,1,5.208333333333334e-05
22.1,2,2,2,2,2,2,2,2,2,2,0.00010416666666666667
22.2,1,1,1,1,1,1,1,1,1,1,5.208333333333334e-05
22.3,4,4,4,4,4,4,4,4,4,4,0.00020833333333333335
22.5,1,1,1,1,1,1,1,1,1,1,5.208333333333334e-05
22.7,1,1,1,1,1,1,1,1,1,1,5.208333333333334e-05
22.8,2,2,2,2,2,2,2,2,2,2,0.00010416666666666667
23.1,2,2,2,2,2,2,2,2,2,2,0.00010416666666666667
23.3,1,1,1,1,1,1,1,1,1,1,5.208333333333334e-05
23.4,4,4,4,4,4,4,4,4,4,4,0.00020833333333333335
23.5,2,2,2,2,2,2,2,2,2,2,0.00010416666666666667
23.6,1,1,1,1,1,1,1,1,1,1,5.208333333333334e-05
24.1,1,1,1,1,1,1,1,1,1,1,5.208333333333334e-05
24.3,1,1,1,1,1,1,1,1,1,1,5.208333333333334e-05
24.5,1,1,1,1,1,1,1,1,1,1,5.208333333333334e-05
24.6,3,3,3,3,3,3,3,3,3,3,0.00015625
24.8,1,1,1,1,1,1,1,1,1,1,5.208333333333334e-05
25.1,2,2,2,2,2,2,2,2,2,2,0.00010416666666666667
25.3,1,1,1,1,1,1,1,1,1,1,5.208333333333334e-05
25.4,1,1,1,1,1,1,1,1,1,1,5.208333333333334e-05
25.5,4,4,4,4,4,4,4,4,4,4,0.00020833333333333335
25.6,2,2,2,2,2,2,2,2,2,2,0.00010416666666666667
25.7,4,4,4,4,4,4,4,4,4,4,0.00020833333333333335
25.8,2,2,2,2,2,2,2,2,2,2,0.00010416666666666667
25.9,1,1,1,1,1,1,1,1,1,1,5.208333333333334e-05
26.1,2,2,2,2,2,2,2,2,2,2,0.00010416666666666667
26.2,1,1,1,1,1,1,1,1,1,1,5.208333333333334e-05
26.4,2,2,2,2,2,2,2,2,2,2,0.00010416666666666667
26.5,1,1,1,1,1,1,1,1,1,1,5.208333333333334e-05
26.6,2,2,2,2,2,2,2,2,2,2,0.00010416666666666667
26.7,2,2,2,2,2,2,2,2,2,2,0.00010416666666666667
26.8,2,2,2,2,2,2,2,2,2,2,0.00010416666666666667
26.9,1,1,1,1,1,1,1,1,1,1,5.208333333333334e-05
27.0,4,4,4,4,4,4,4,4,4,4,0.00020833333333333335
27.1,3,3,3,3,3,3,3,3,3,3,0.00015625
27.2,2,2,2,2,2,2,2,2,2,2,0.00010416666666666667
27.3,2,2,2,2,2,2,2,2,2,2,0.00010416666666666667
27.4,3,3,3,3,3,3,3,3,3,3,0.00015625
27.5,5,5,5,5,5,5,5,5,5,5,0.00026041666666666666
27.6,2,2,2,2,2,2,2,2,2,2,0.00010416666666666667
27.7,5,5,5,5,5,5,5,5,5,5,0.00026041666666666666
27.8,6,6,6,6,6,6,6,6,6,6,0.0003125
27.9,2,2,2,2,2,2,2,2,2,2,0.00010416666666666667
28.0,3,3,3,3,3,3,3,3,3,3,0.00015625
28.1,3,3,3,3,3,3,3,3,3,3,0.00015625
28.2,3,3,3,3,3,3,3,3,3,3,0.00015625
28.3,2,2,2,2,2,2,2,2,2,2,0.00010416666666666667
28.4,2,2,2,2,2,2,2,2,2,2,0.00010416666666666667
28.5,2,2,2,2,2,2,2,2,2,2,0.00010416666666666667
28.6,1,1,1,1,1,1,1,1,1,1,5.208333333333334e-05
28.8,1,1,1,1,1,1,1,1,1,1,5.208333333333334e-05
28.9,2,2,2,2,2,2,2,2,2,2,0.00010416666666666667
29.0,2,2,2,2,2,2,2,2,2,2,0.00010416666666666667
29.1,3,3,3,3,3,3,3,3,3,3,0.00015625
29.2,3,3,3,3,3,3,3,3,3,3,0.00015625
29.3,2,2,2,2,2,2,2,2,2,2,0.00010416666666666667
29.4,1,1,1,1,1,1,1,1,1,1,5.208333333333334e-05
29.5,2,2,2,2,2,2,2,2,2,2,0.00010416666666666667
29.6,2,2,2,2,2,2,2,2,2,2,0.00010416666666666667
29.9,1,1,1,1,1,1,1,1,1,1,5.208333333333334e-05
30.0,2,2,2,2,2,2,2,2,2,2,0.00010416666666666667
30.2,2,2,2,2,2,2,2,2,2,2,0.00010416666666666667
30.3,1,1,1,1,1,1,1,1,1,1,5.208333333333334e-05
30.6,1,1,1,1,1,1,1,1,1,1,5.208333333333334e-05
30.7,1,1,1,1,1,1,1,1,1,1,5.208333333333334e-05
30.8,1,1,1,1,1,1,1,1,1,1,5.208333333333334e-05
30.9,1,1,1,1,1,1,1,1,1,1,5.208333333333334e-05
31.0,1,1,1,1,1,1,1,1,1,1,5.208333333333334e-05
31.2,1,1,1,1,1,1,1,1,1,1,5.208333333333334e-05
31.3,1,1,1,1,1,1,1,1,1,1,5.208333333333334e-05
31.4,1,1,1,1,1,1,1,1,1,1,5.208333333333334e-05
31.5,1,1,1,1,1,1,1,1,1,1,5.208333333333334e-05
31.8,1,1,1,1,1,1,1,1,1,1,5.208333333333334e-05
32.5,1,1,1,1,1,1,1,1,1,1,5.208333333333334e-05
32.8,2,2,2,2,2,2,2,2,2,2,0.00010416666666666667
33.0,2,2,2,2,2,2,2,2,2,2,0.00010416666666666667
33.2,1,1,1,1,1,1,1,1,1,1,5.208333333333334e-05
33.3,2,2,2,2,2,2,2,2,2,2,0.00010416666666666667
33.4,3,3,3,3,3,3,3,3,3,3,0.00015625
33.5,1,1,1,1,1,1,1,1,1,1,5.208333333333334e-05
33.6,1,1,1,1,1,1,1,1,1,1,5.208333333333334e-05
33.9,1,1,1,1,1,1,1,1,1,1,5.208333333333334e-05
34.1,1,1,1,1,1,1,1,1,1,1,5.208333333333334e-05
34.2,1,1,1,1,1,1,1,1,1,1,5.208333333333334e-05
34.3,5,5,5,5,5,5,5,5,5,5,0.00026041666666666666
34.4,2,2,2,2,2,2,2,2,2,2,0.00010416666666666667
34.5,11,11,11,11,11,11,11,11,11,11,0.0005729166666666667
34.6,5,5,5,5,5,5,5,5,5,5,0.00026041666666666666
34.7,11,11,11,11,11,11,11,11,11,11,0.0005729166666666667
34.8,7,7,7,7,7,7,7,7,7,7,0.00036458333333333335
34.9,4,4,4,4,4,4,4,4,4,4,0.00020833333333333335
35.0,11,11,11,11,11,11,11,11,11,11,0.0005729166666666667
35.1,5,5,5,5,5,5,5,5,5,5,0.00026041666666666666
35.2,6,6,6,6,6,6,6,6,6,6,0.0003125
35.3,6,6,6,6,6,6,6,6,6,6,0.0003125
35.4,5,5,5,5,5,5,5,5,5,5,0.00026041666666666666
35.5,6,6,6,6,6,6,6,6,6,6,0.0003125
35.6,8,8,8,8,8,8,8,8,8,8,0.0004166666666666667
35.7,4,4,4,4,4,4,4,4,4,4,0.00020833333333333335
35.8,2,2,2,2,2,2,2,2,2,2,0.00010416666666666667
35.9,2,2,2,2,2,2,2,2,2,2,0.00010416666666666667
36.0,4,4,4,4,4,4,4,4,4,4,0.00020833333333333335
36.1,1,1,1,1,1,1,1,1,1,1,5.208333333333334e-05
36.2,1,1,1,1,1,1,1,1,1,1,5.208333333333334e-05
36.3,1,1,1,1,1,1,1,1,1,1,5.208333333333334e-05
36.4,1,1,1,1,1,1,1,1,1,1,5.208333333333334e-05
36.6,1,1,1,1,1,1,1,1,1,1,5.208333333333334e-05
36.7,1,1,1,1,1,1,1,1,1,1,5.208333333333334e-05
36.8,1,1,1,1,1,1,1,1,1,1,5.208333333333334e-05
36.9,1,1,1,1,1,1,1,1,1,1,5.208333333333334e-05
37.1,5,5,5,5,5,5,5,5,5,5,0.00026041666666666666
37.2,1,1,1,1,1,1,1,1,1,1,5.208333333333334e-05
37.3,7,7,7,7,7,7,7,7,7,7,0.00036458333333333335
37.4,5,5,5,5,5,5,5,5,5,5,0.00026041666666666666
37.5,1,1,1,1,1,1,1,1,1,1,5.208333333333334e-05
37.6,3,3,3,3,3,3,3,3,3,3,0.00015625
37.7,7,7,7,7,7,7,7,7,7,7,0.00036458333333333335
37.8,7,7,7,7,7,7,7,7,7,7,0.00036458333333333335
37.9,5,5,5,5,5,5,5,5,5,5,0.00026041666666666666
38.0,2,2,2,2,2,2,2,2,2,2,0.00010416666666666667
38.1,1,1,1,1,1,1,1,1,1,1,5.208333333333334e-05
38.2,3,3,3,3,3,3,3,3,3,3,0.00015625
38.3,2,2,2,2,2,2,2,2,2,2,0.00010416666666666667
38.4,3,3,3,3,3,3,3,3,3,3,0.00015625
38.6,1,1,1,1,1,1,1,1,1,1,5.208333333333334e-05
39.0,1,1,1,1,1,1,1,1,1,1,5.208333333333334e-05
39.1,1,1,1,1,1,1,1,1,1,1,5.208333333333334e-05
39.2,1,1,1,1,1,1,1,1,1,1,5.208333333333334e-05
39.5,1,1,1,1,1,1,1,1,1,1,5.208333333333334e-05
39.6,2,2,2,2,2,2,2,2,2,2,0.00010416666666666667
39.7,4,4,4,4,4,4,4,4,4,4,0.00020833333333333335
39.8,1,1,1,1,1,1,1,1,1,1,5.208333333333334e-05
39.9,1,1,1,1,1,1,1,1,1,1,5.208333333333334e-05
40.0,3,3,3,3,3,3,3,3,3,3,0.00015625
40.2,2,2,2,2,2,2,2,2,2,2,0.00010416666666666667
40.3,1,1,1,1,1,1,1,1,1,1,5.208333333333334e-05
40.5,1,1,1,1,1,1,1,1,1,1,5.208333333333334e-05
40.6,1,1,1,1,1,1,1,1,1,1,5.208333333333334e-05
40.7,5,5,5,5,5,5,5,5,5,5,0.00026041666666666666
40.8,3,3,3,3,3,3,3,3,3,3,0.00015625
40.9,3,3,3,3,3,3,3,3,3,3,0.00015625
41.0,4,4,4,4,4,4,4,4,4,4,0.00020833333333333335
41.1,4,4,4,4,4,4,4,4,4,4,0.00020833333333333335
41.2,1,1,1,1,1,1,1,1,1,1,5.208333333333334e-05
41.3,2,2,2,2,2,2,2,2,2,2,0.00010416666666666667
41.4,6,6,6,6,6,6,6,6,6,6,0.0003125
41.5,2,2,2,2,2,2,2,2,2,2,0.00010416666666666667
41.6,1,1,1,1,1,1,1,1,1,1,5.208333333333334e-05
41.7,2,2,2,2,2,2,2,2,2,2,0.00010416666666666667
41.8,2,2,2,2,2,2,2,2,2,2,0.00010416666666666667
41.9,1,1,1,1,1,1,1,1,1,1,5.208333333333334e-05
42.0,4,4,4,4,4,4,4,4,4,4,0.00020833333333333335
42.1,1,1,1,1,1,1,1,1,1,1,5.208333333333334e-05
42.2,4,4,4,4,4,4,4,4,4,4,0.00020833333333333335
42.3,1,1,1,1,1,1,1,1,1,1,5.208333333333334e-05
42.4,3,3,3,3,3,3,3,3,3,3,0.00015625
42.5,1,1,1,1,1,1,1,1,1,1,5.208333333333334e-05
42.6,2,2,2,2,2,2,2,2,2,2,0.00010416666666666667
42.7,1,1,1,1,1,1,1,1,1,1,5.208333333333334e-05
42.8,7,7,7,7,7,7,7,7,7,7,0.00036458333333333335
42.9,2,2,2,2,2,2,2,2,2,2,0.00010416666666666667
43.0,6,6,6,6,6,6,6,6,6,6,0.0003125
43.1,3,3,3,3,3,3,3,3,3,3,0.00015625
43.2,10,10,10,10,10,10,10,10,10,10,0.0005208333333333333
43.3,3,3,3,3,3,3,3,3,3,3,0.00015625
43.4,5,5,5,5,5,5,5,5,5,5,0.00026041666666666666
43.5,9,9,9,9,9,9,9,9,9,9,0.00046875
43.6,3,3,3,3,3,3,3,3,3,3,0.00015625
43.7,4,4,4,4,4,4,4,4,4,4,0.00020833333333333335
43.8,3,3,3,3,3,3,3,3,3,3,0.00015625
43.9,3,3,3,3,3,3,3,3,3,3,0.00015625
44.0,1,1,1,1,1,1,1,1,1,1,5.208333333333334e-05
44.1,2,2,2,2,2,2,2,2,2,2,0.00010416666666666667
44.2,3,3,3,3,3,3,3,3,3,3,0.00015625
44.3,1,1,1,1,1,1,1,1,1,1,5.208333333333334e-05
44.4,1,1,1,1,1,1,1,1,1,1,5.208333333333334e-05
44.5,3,3,3,3,3,3,3,3,3,3,0.00015625
44.6,5,5,5,5,5,5,5,5,5,5,0.00026041666666666666
44.7,1,1,1,1,1,1,1,1,1,1,5.208333333333334e-05
44.8,4,4,4,4,4,4,4,4,4,4,0.00020833333333333335
44.9,3,3,3,3,3,3,3,3,3,3,0.00015625
45.0,2,2,2,2,2,2,2,2,2,2,0.00010416666666666667
45.1,2,2,2,2,2,2,2,2,2,2,0.00010416666666666667
45.2,1,1,1,1,1,1,1,1,1,1,5.208333333333334e-05
45.4,1,1,1,1,1,1,1,1,1,1,5.208333333333334e-05
45.5,3,3,3,3,3,3,3,3,3,3,0.00015625
45.6,3,3,3,3,3,3,3,3,3,3,0.00015625
45.7,3,3,3,3,3,3,3,3,3,3,0.00015625
45.8,1,1,1,1,1,1,1,1,1,1,5.208333333333334e-05
46.0,2,2,2,2,2,2,2,2,2,2,0.00010416666666666667
46.2,3,3,3,3,3,3,3,3,3,3,0.00015625
46.4,2,2,2,2,2,2,2,2,2,2,0.00010416666666666667
46.5,1,1,1,1,1,1,1,1,1,1,5.208333333333334e-05
47.1,1,1,1,1,1,1,1,1,1,1,5.208333333333334e-05
47.7,1,1,1,1,1,1,1,1,1,1,5.208333333333334e-05
48.0,1,1,1,1,1,1,1,1,1,1,5.208333333333334e-05
48.1,2,2,2,2,2,2,2,2,2,2,0.00010416666666666667
48.5,1,1,1,1,1,1,1,1,1,1,5.208333333333334e-05
48.7,1,1,1,1,1,1,1,1,1,1,5.208333333333334e-05
49.2,1,1,1,1,1,1,1,1,1,1,5.208333333333334e-05
49.5,1,1,1,1,1,1,1,1,1,1,5.208333333333334e-05
49.8,1,1,1,1,1,1,1,1,1,1,5.208333333333334e-05
49.9,1,1,1,1,1,1,1,1,1,1,5.208333333333334e-05
50.1,2,2,2,2,2,2,2,2,2,2,0.00010416666666666667
50.4,1,1,1,1,1,1,1,1,1,1,5.208333333333334e-05
51.0,1,1,1,1,1,1,1,1,1,1,5.208333333333334e-05
51.3,1,1,1,1,1,1,1,1,1,1,5.208333333333334e-05
51.6,1,1,1,1,1,1,1,1,1,1,5.208333333333334e-05
51.8,2,2,2,2,2,2,2,2,2,2,0.00010416666666666667
52.0,1,1,1,1,1,1,1,1,1,1,5.208333333333334e-05
52.2,1,1,1,1,1,1,1,1,1,1,5.208333333333334e-05
52.3,1,1,1,1,1,1,1,1,1,1,5.208333333333334e-05
52.5,1,1,1,1,1,1,1,1,1,1,5.208333333333334e-05
52.8,1,1,1,1,1,1,1,1,1,1,5.208333333333334e-05
52.9,2,2,2,2,2,2,2,2,2,2,0.00010416666666666667
53.0,1,1,1,1,1,1,1,1,1,1,5.208333333333334e-05
53.1,1,1,1,1,1,1,1,1,1,1,5.208333333333334e-05
53.4,1,1,1,1,1,1,1,1,1,1,5.208333333333334e-05
53.8,1,1,1,1,1,1,1,1,1,1,5.208333333333334e-05
53.9,1,1,1,1,1,1,1,1,1,1,5.208333333333334e-05
54.4,1,1,1,1,1,1,1,1,1,1,5.208333333333334e-05
55.3,1,1,1,1,1,1,1,1,1,1,5.208333333333334e-05
55.5,1,1,1,1,1,1,1,1,1,1,5.208333333333334e-05
55.9,1,1,1,1,1,1,1,1,1,1,5.208333333333334e-05
56.2,1,1,1,1,1,1,1,1,1,1,5.208333333333334e-05
57.3,2,2,2,2,2,2,2,2,2,2,0.00010416666666666667
57.8,2,2,2,2,2,2,2,2,2,2,0.00010416666666666667
58.1,1,1,1,1,1,1,1,1,1,1,5.208333333333334e-05
58.5,2,2,2,2,2,2,2,2,2,2,0.00010416666666666667
58.7,1,1,1,1,1,1,1,1,1,1,5.208333333333334e-05
58.9,2,2,2,2,2,2,2,2,2,2,0.00010416666666666667
59.0,1,1,1,1,1,1,1,1,1,1,5.208333333333334e-05
59.3,1,1,1,1,1,1,1,1,1,1,5.208333333333334e-05
59.4,1,1,1,1,1,1,1,1,1,1,5.208333333333334e-05
59.6,1,1,1,1,1,1,1,1,1,1,5.208333333333334e-05
59.7,1,1,1,1,1,1,1,1,1,1,5.208333333333334e-05
59.9,2,2,2,2,2,2,2,2,2,2,0.00010416666666666667
60.0,3,3,3,3,3,3,3,3,3,3,0.00015625
60.1,3,3,3,3,3,3,3,3,3,3,0.00015625
60.5,1,1,1,1,1,1,1,1,1,1,5.208333333333334e-05
60.6,1,1,1,1,1,1,1,1,1,1,5.208333333333334e-05
60.9,4,4,4,4,4,4,4,4,4,4,0.00020833333333333335
61.1,1,1,1,1,1,1,1,1,1,1,5.208333333333334e-05
61.2,1,1,1,1,1,1,1,1,1,1,5.208333333333334e-05
61.3,3,3,3,3,3,3,3,3,3,3,0.00015625
61.4,2,2,2,2,2,2,2,2,2,2,0.00010416666666666667
61.5,2,2,2,2,2,2,2,2,2,2,0.00010416666666666667
61.6,1,1,1,1,1,1,1,1,1,1,5.208333333333334e-05
61.7,2,2,2,2,2,2,2,2,2,2,0.00010416666666666667
61.8,1,1,1,1,1,1,1,1,1,1,5.208333333333334e-05
61.9,1,1,1,1,1,1,1,1,1,1,5.208333333333334e-05
62.1,1,1,1,1,1,1,1,1,1,1,5.208333333333334e-05
62.2,2,2,2,2,2,2,2,2,2,2,0.00010416666666666667
62.5,3,3,3,3,3,3,3,3,3,3,0.00015625
62.6,4,4,4,4,4,4,4,4,4,4,0.00020833333333333335
62.9,1,1,1,1,1,1,1,1,1,1,5.208333333333334e-05
63.1,3,3,3,3,3,3,3,3,3,3,0.00015625
63.2,4,4,4,4,4,4,4,4,4,4,0.00020833333333333335
63.3,5,5,5,5,5,5,5,5,5,5,0.00026041666666666666
63.4,1,1,1,1,1,1,1,1,1,1,5.208333333333334e-05
63.5,5,5,5,5,5,5,5,5,5,5,0.00026041666666666666
63.6,13,13,13,13,13,13,13,13,13,13,0.0006770833333333334
63.7,7,7,7,7,7,7,7,7,7,7,0.00036458333333333335
63.8,14,14,14,14,14,14,14,14,14,14,0.0007291666666666667
63.9,19,19,19,19,19,19,19,19,19,19,0.0009895833333333334
64.0,26,26,26,26,26,26,26,26,26,26,0.0013541666666666667
64.1,21,21,21,21,21,21,21,21,21,21,0.00109375
64.2,17,17,17,17,17,17,17,17,17,17,0.0008854166666666666
64.3,22,22,22,22,22,22,22,22,22,22,0.0011458333333333333
64.4,20,20,20,20,20,20,20,20,20,20,0.0010416666666666667
64.5,18,18,18,18,18,18,18,18,18,18,0.0009375
64.6,17,17,17,17,17,17,17,17,17,17,0.0008854166666666666
64.7,13,13,13,13,13,13,13,13,13,13,0.0006770833333333334
64.8,16,16,16,16,16,16,16,16,16,16,0.0008333333333333334
64.9,22,22,22,22,22,22,22,22,22,22,0.0011458333333333333
65.0,9,9,9,9,9,9,9,9,9,9,0.00046875
65.1,8,8,8,8,8,8,8,8,8,8,0.0004166666666666667
65.2,8,8,8,8,8,8,8,8,8,8,0.0004166666666666667
65.3,3,3,3,3,3,3,3,3,3,3,0.00015625
65.4,4,4,4,4,4,4,4,4,4,4,0.00020833333333333335
65.5,3,3,3,3,3,3,3,3,3,3,0.00015625
65.6,4,4,4,4,4,4,4,4,4,4,0.00020833333333333335
65.7,1,1,1,1,1,1,1,1,1,1,5.208333333333334e-05
65.8,2,2,2,2,2,2,2,2,2,2,0.00010416666666666667
65.9,2,2,2,2,2,2,2,2,2,2,0.00010416666666666667
66.0,2,2,2,2,2,2,2,2,2,2,0.00010416666666666667
66.2,7,7,7,7,7,7,7,7,7,7,0.00036458333333333335
66.3,5,5,5,5,5,5,5,5,5,5,0.00026041666666666666
66.4,4,4,4,4,4,4,4,4,4,4,0.00020833333333333335
66.5,6,6,6,6,6,6,6,6,6,6,0.0003125
66.6,4,4,4,4,4,4,4,4,4,4,0.00020833333333333335
66.7,2,2,2,2,2,2,2,2,2,2,0.00010416666666666667
66.8,6,6,6,6,6,6,6,6,6,6,0.0003125
66.9,7,7,7,7,7,7,7,7,7,7,0.00036458333333333335
67.0,3,3,3,3,3,3,3,3,3,3,0.00015625
67.1,7,7,7,7,7,7,7,7,7,7,0.00036458333333333335
67.2,6,6,6,6,6,6,6,6,6,6,0.0003125
67.3,2,2,2,2,2,2,2,2,2,2,0.00010416666666666667
67.4,5,5,5,5,5,5,5,5,5,5,0.00026041666666666666
67.5,4,4,4,4,4,4,4,4,4,4,0.00020833333333333335
67.6,3,3,3,3,3,3,3,3,3,3,0.00015625
67.7,4,4,4,4,4,4,4,4,4,4,0.00020833333333333335
67.8,4,4,4,4,4,4,4,4,4,4,0.00020833333333333335
67.9,4,4,4,4,4,4,4,4,4,4,0.00020833333333333335
68.0,11,11,11,11,11,11,11,11,11,11,0.0005729166666666667
68.1,7,7,7,7,7,7,7,7,7,7,0.00036458333333333335
68.2,2,2,2,2,2,2,2,2,2,2,0.00010416666666666667
68.3,4,4,4,4,4,4,4,4,4,4,0.00020833333333333335
68.4,8,8,8,8,8,8,8,8,8,8,0.0004166666666666667
68.5,1,1,1,1,1,1,1,1,1,1,5.208333333333334e-05
68.6,3,3,3,3,3,3,3,3,3,3,0.00015625
68.7,5,5,5,5,5,5,5,5,5,5,0.00026041666666666666
68.8,5,5,5,5,5,5,5,5,5,5,0.00026041666666666666
68.9,8,8,8,8,8,8,8,8,8,8,0.0004166666666666667
69.0,13,13,13,13,13,13,13,13,13,13,0.0006770833333333334
69.1,12,12,12,12,12,12,12,12,12,12,0.000625
69.2,11,11,11,11,11,11,11,11,11,11,0.0005729166666666667
69.3,11,11,11,11,11,11,11,11,11,11,0.0005729166666666667
69.4,18,18,18,18,18,18,18,18,18,18,0.0009375
69.5,12,12,12,12,12,12,12,12,12,12,0.000625
69.6,12,12,12,12,12,12,12,12,12,12,0.000625
69.7,15,15,15,15,15,15,15,15,15,15,0.00078125
69.8,12,12,12,12,12,12,12,12,12,12,0.000625
69.9,4,4,4,4,4,4,4,4,4,4,0.00020833333333333335
70.0,14,14,14,14,14,14,14,14,14,14,0.0007291666666666667
70.1,5,5,5,5,5,5,5,5,5,5,0.00026041666666666666
70.2,4,4,4,4,4,4,4,4,4,4,0.00020833333333333335
70.3,7,7,7,7,7,7,7,7,7,7,0.00036458333333333335
70.4,3,3,3,3,3,3,3,3,3,3,0.00015625
70.5,3,3,3,3,3,3,3,3,3,3,0.00015625
70.6,3,3,3,3,3,3,3,3,3,3,0.00015625
70.8,3,3,3,3,3,3,3,3,3,3,0.00015625
71.0,1,1,1,1,1,1,1,1,1,1,5.208333333333334e-05
71.2,1,1,1,1,1,1,1,1,1,1,5.208333333333334e-05
71.3,1,1,1,1,1,1,1,1,1,1,5.208333333333334e-05
71.4,2,2,2,2,2,2,2,2,2,2,0.00010416666666666667
71.5,1,1,1,1,1,1,1,1,1,1,5.208333333333334e-05
71.6,2,2,2,2,2,2,2,2,2,2,0.00010416666666666667
71.7,3,3,3,3,3,3,3,3,3,3,0.00015625
71.8,2,2,2,2,2,2,2,2,2,2,0.00010416666666666667
71.9,2,2,2,2,2,2,2,2,2,2,0.00010416666666666667
72.0,3,3,3,3,3,3,3,3,3,3,0.00015625
72.1,2,2,2,2,2,2,2,2,2,2,0.00010416666666666667
72.2,3,3,3,3,3,3,3,3,3,3,0.00015625
72.3,1,1,1,1,1,1,1,1,1,1,5.208333333333334e-05
72.4,1,1,1,1,1,1,1,1,1,1,5.208333333333334e-05
72.5,4,4,4,4,4,4,4,4,4,4,0.00020833333333333335
72.6,4,4,4,4,4,4,4,4,4,4,0.00020833333333333335
72.8,4,4,4,4,4,4,4,4,4,4,0.00020833333333333335
72.9,1,1,1,1,1,1,1,1,1,1,5.208333333333334e-05
73.0,1,1,1,1,1,1,1,1,1,1,5.208333333333334e-05
73.1,5,5,5,5,5,5,5,5,5,5,0.00026041666666666666
73.2,1,1,1,1,1,1,1,1,1,1,5.208333333333334e-05
73.3,1,1,1,1,1,1,1,1,1,1,5.208333333333334e-05
73.4,2,2,2,2,2,2,2,2,2,2,0.00010416666666666667
73.5,2,2,2,2,2,2,2,2,2,2,0.00010416666666666667
73.6,1,1,1,1,1,1,1,1,1,1,5.208333333333334e-05
73.7,1,1,1,1,1,1,1,1,1,1,5.208333333333334e-05
73.8,1,1,1,1,1,1,1,1,1,1,5.208333333333334e-05
74.0,2,2,2,2,2,2,2,2,2,2,0.00010416666666666667
74.4,1,1,1,1,1,1,1,1,1,1,5.208333333333334e-05
74.5,1,1,1,1,1,1,1,1,1,1,5.208333333333334e-05
74.7,1,1,1,1,1,1,1,1,1,1,5.208333333333334e-05
74.8,1,1,1,1,1,1,1,1,1,1,5.208333333333334e-05
74.9,1,1,1,1,1,1,1,1,1,1,5.208333333333334e-05
75.1,2,2,2,2,2,2,2,2,2,2,0.00010416666666666667
75.3,2,2,2,2,2,2,2,2,2,2,0.00010416666666666667
75.4,1,1,1,1,1,1,1,1,1,1,5.208333333333334e-05
75.6,1,1,1,1,1,1,1,1,1,1,5.208333333333334e-05
75.7,1,1,1,1,1,1,1,1,1,1,5.208333333333334e-05
75.8,1,1,1,1,1,1,1,1,1,1,5.208333333333334e-05
75.9,5,5,5,5,5,5,5,5,5,5,0.00026041666666666666
76.1,1,1,1,1,1,1,1,1,1,1,5.208333333333334e-05
76.2,1,1,1,1,1,1,1,1,1,1,5.208333333333334e-05
76.3,1,1,1,1,1,1,1,1,1,1,5.208333333333334e-05
76.4,3,3,3,3,3,3,3,3,3,3,0.00015625
76.5,2,2,2,2,2,2,2,2,2,2,0.00010416666666666667
76.7,1,1,1,1,1,1,1,1,1,1,5.208333333333334e-05
76.8,2,2,2,2,2,2,2,2,2,2,0.00010416666666666667
77.0,4,4,4,4,4,4,4,4,4,4,0.00020833333333333335
77.1,4,4,4,4,4,4,4,4,4,4,0.00020833333333333335
77.2,3,3,3,3,3,3,3,3,3,3,0.00015625
77.3,1,1,1,1,1,1,1,1,1,1,5.208333333333334e-05
77.5,3,3,3,3,3,3,3,3,3,3,0.00015625
77.7,3,3,3,3,3,3,3,3,3,3,0.00015625
77.8,4,4,4,4,4,4,4,4,4,4,0.00020833333333333335
77.9,1,1,1,1,1,1,1,1,1,1,5.208333333333334e-05
78.0,5,5,5,5,5,5,5,5,5,5,0.00026041666666666666
78.1,1,1,1,1,1,1,1,1,1,1,5.208333333333334e-05
78.2,3,3,3,3,3,3,3,3,3,3,0.00015625
78.3,7,7,7,7,7,7,7,7,7,7,0.00036458333333333335
78.4,14,14,14,14,14,14,14,14,14,14,0.0007291666666666667
78.5,5,5,5,5,5,5,5,5,5,5,0.00026041666666666666
78.6,8,8,8,8,8,8,8,8,8,8,0.0004166666666666667
78.7,6,6,6,6,6,6,6,6,6,6,0.0003125
78.8,8,8,8,8,8,8,8,8,8,8,0.0004166666666666667
78.9,2,2,2,2,2,2,2,2,2,2,0.00010416666666666667
79.0,3,3,3,3,3,3,3,3,3,3,0.00015625
79.1,2,2,2,2,2,2,2,2,2,2,0.00010416666666666667
79.2,6,6,6,6,6,6,6,6,6,6,0.0003125
79.3,3,3,3,3,3,3,3,3,3,3,0.00015625
79.4,2,2,2,2,2,2,2,2,2,2,0.00010416666666666667
79.6,2,2,2,2,2,2,2,2,2,2,0.00010416666666666667
79.7,1,1,1,1,1,1,1,1,1,1,5.208333333333334e-05
79.8,1,1,1,1,1,1,1,1,1,1,5.208333333333334e-05
79.9,1,1,1,1,1,1,1,1,1,1,5.208333333333334e-05
80.5,2,2,2,2,2,2,2,2,2,2,0.00010416666666666667
80.6,2,2,2,2,2,2,2,2,2,2,0.00010416666666666667
80.7,1,1,1,1,1,1,1,1,1,1,5.208333333333334e-05
80.8,2,2,2,2,2,2,2,2,2,2,0.00010416666666666667
80.9,1,1,1,1,1,1,1,1,1,1,5.208333333333334e-05
81.0,1,1,1,1,1,1,1,1,1,1,5.208333333333334e-05
81.1,2,2,2,2,2,2,2,2,2,2,0.00010416666666666667
81.3,1,1,1,1,1,1,1,1,1,1,5.208333333333334e-05
81.4,2,2,2,2,2,2,2,2,2,2,0.00010416666666666667
81.5,2,2,2,2,2,2,2,2,2,2,0.00010416666666666667
81.7,1,1,1,1,1,1,1,1,1,1,5.208333333333334e-05
81.9,1,1,1,1,1,1,1,1,1,1,5.208333333333334e-05
82.0,1,1,1,1,1,1,1,1,1,1,5.208333333333334e-05
82.1,2,2,2,2,2,2,2,2,2,2,0.00010416666666666667
82.2,4,4,4,4,4,4,4,4,4,4,0.00020833333333333335
82.3,2,2,2,2,2,2,2,2,2,2,0.00010416666666666667
82.4,1,1,1,1,1,1,1,1,1,1,5.208333333333334e-05
82.5,3,3,3,3,3,3,3,3,3,3,0.00015625
82.6,2,2,2,2,2,2,2,2,2,2,0.00010416666666666667
82.7,2,2,2,2,2,2,2,2,2,2,0.00010416666666666667
82.8,1,1,1,1,1,1,1,1,1,1,5.208333333333334e-05
82.9,2,2,2,2,2,2,2,2,2,2,0.00010416666666666667
83.1,3,3,3,3,3,3,3,3,3,3,0.00015625
83.2,6,6,6,6,6,6,6,6,6,6,0.0003125
83.3,3,3,3,3,3,3,3,3,3,3,0.00015625
83.4,3,3,3,3,3,3,3,3,3,3,0.00015625
83.5,1,1,1,1,1,1,1,1,1,1,5.208333333333334e-05
83.6,2,2,2,2,2,2,2,2,2,2,0.00010416666666666667
83.8,3,3,3,3,3,3,3,3,3,3,0.00015625
83.9,2,2,2,2,2,2,2,2,2,2,0.00010416666666666667
84.0,2,2,2,2,2,2,2,2,2,2,0.00010416666666666667
84.1,3,3,3,3,3,3,3,3,3,3,0.00015625
84.2,1,1,1,1,1,1,1,1,1,1,5.208333333333334e-05
84.3,2,2,2,2,2,2,2,2,2,2,0.00010416666666666667
84.4,1,1,1,1,1,1,1,1,1,1,5.208333333333334e-05
84.7,1,1,1,1,1,1,1,1,1,1,5.208333333333334e-05
85.5,2,2,2,2,2,2,2,2,2,2,0.00010416666666666667
85.6,1,1,1,1,1,1,1,1,1,1,5.208333333333334e-05
85.7,2,2,2,2,2,2,2,2,2,2,0.00010416666666666667
85.8,1,1,1,1,1,1,1,1,1,1,5.208333333333334e-05
85.9,1,1,1,1,1,1,1,1,1,1,5.208333333333334e-05
86.2,1,1,1,1,1,1,1,1,1,1,5.208333333333334e-05
87.5,1,1,1,1,1,1,1,1,1,1,5.208333333333334e-05
87.9,1,1,1,1,1,1,1,1,1,1,5.208333333333334e-05
88.0,2,2,2,2,2,2,2,2,2,2,0.00010416666666666667
