0956030449,02124547,12/02/2014,6.9,6.4,6.4,6.7,6.8,6.9,6.5,4.2,6.6,6.3,6.8,6.9,6.2,6.5,6.4,6.6,6.1,6.2,6.3,6.2,6.9,6.2,6.5,6.6,6.2,5.9,6.6,6.3,6.1,7.4,7.0,6.4,6.8,8.8,11.0,12.1,10.9,12.2,10.9,12.1,10.8,11.9,11.9,11.0,7.8,7.3,7.2,7.7
0956030449,02124547,12/01/2014,5.0,4.3,6.3,4.1,5.4,5.5,6.2,5.1,6.9,6.7,6.9,6.4,6.5,6.5,6.4,5.2,6.0,3.8,2.5,1.8,4.3,3.1,1.8,2.0,1.1,2.4,3.4,2.3,1.8,2.4,3.1,2.9,3.5,5.5,9.2,11.4,11.0,11.6,11.7,11.1,11.4,11.2,10.8,8.8,6.6,6.5,6.7,6.5
0956030449,02124547,11/30/2014,7.6,6.4,7.6,6.7,7.4,6.9,7.0,7.3,6.6,7.3,6.6,6.7,7.2,6.9,6.7,6.9,5.6,6.0,4.6,5.5,4.8,2.6,3.6,3.4,2.8,1.0,1.5,2.0,1.1,1.8,2.7,2.6,3.8,5.3,8.0,8.7,9.5,8.9,9.6,8.2,9.7,9.2,8.4,8.8,6.0,3.9,7.3,5.3
0956030449,02124547,11/29/2014,7.7,7.7,7.8,6.7,7.6,7.7,7.8,7.7,6.5,7.8,7.7,7.7,7.1,7.1,7.6,5.9,7.0,5.5,5.9,5.0,3.8,3.8,3.5,3.9,3.9,4.7,5.6,3.2,3.3,2.9,3.3,6.4,4.4,8.8,10.7,10.8,9.6,11.4,10.9,11.1,11.5,10.8,10.9,10.3,5.0,6.8,7.6,7.6
0956030449,02124547,11/28/2014,8.3,8.2,6.8,8.1,8.1,8.0,7.9,6.6,7.7,7.9,7.9,8.0,8.1,7.8,7.6,7.3,6.8,6.4,5.7,5.8,5.6,5.4,5.0,6.4,6.1,6.6,5.8,5.5,6.3,4.4,6.1,6.8,7.0,8.9,10.7,12.0,10.8,11.8,11.1,12.1,12.2,12.2,10.8,12.2,7.8,7.7,7.7,7.7
0956030449,02124547,11/27/2014,6.3,7.6,7.7,7.3,6.7,7.6,6.6,7.2,7.6,6.3,7.5,7.1,6.9,7.5,6.5,7.4,6.2,7.2,6.0,5.9,5.6,4.5,3.9,6.3,5.6,5.6,5.4,3.9,5.1,5.1,6.0,7.1,7.0,8.8,12.3,12.2,11.5,11.2,10.9,12.1,12.2,12.2,12.0,11.4,8.0,8.0,7.0,8.0
0956030449,02124547,11/26/2014,6.6,6.8,6.0,4.2,5.8,5.2,5.9,6.3,6.4,5.0,6.3,6.3,4.9,5.7,4.1,5.4,6.2,6.2,6.2,5.9,4.8,6.2,6.9,6.1,6.6,6.3,7.3,6.2,7.7,7.7,7.6,7.6,7.6,8.4,12.1,11.0,12.3,11.2,12.0,11.5,11.6,12.0,11.1,12.2,7.9,7.6,6.6,7.6
0956030449,02124547,11/25/2014,5.5,4.0,4.7,4.6,5.1,5.0,5.4,4.3,5.5,4.1,5.6,4.2,6.5,5.1,4.8,5.6,6.1,5.1,4.7,5.2,4.6,5.4,4.3,4.4,4.0,3.0,3.4,5.1,4.9,6.7,4.0,3.5,3.7,6.6,9.1,8.7,8.6,9.3,10.2,23.9,42.3,42.5,43.3,41.6,5.8,4.9,5.3,6.6
0956030449,02124547,11/24/2014,6.8,5.2,5.3,4.6,4.8,6.4,5.2,4.9,4.9,4.9,4.9,5.1,5.6,4.4,5.3,3.6,4.3,2.6,3.4,4.2,5.9,4.4,4.7,1.3,1.1,0.9,1.0,1.6,1.7,1.5,2.2,2.6,3.2,6.2,7.9,8.4,8.5,8.8,7.7,9.2,8.8,8.1,9.2,9.2,4.0,5.8,4.7,4.7
0956030449,02124547,11/23/2014,6.5,7.7,6.6,7.4,7.7,6.4,7.6,6.4,7.1,7.0,6.7,7.2,7.5,7.5,6.1,7.2,5.9,6.6,5.4,5.8,5.9,5.4,6.2,5.8,4.9,4.2,1.3,3.8,5.0,3.2,3.1,4.7,4.6,6.7,39.0,41.6,42.2,40.8,41.6,42.3,43.0,42.3,42.0,43.4,4.9,4.8,6.5,7.2
0956030449,02124547,11/22/2014,7.8,6.5,7.8,7.8,7.8,7.8,7.2,7.3,7.6,7.8,7.8,7.8,7.9,7.8,7.7,7.1,6.4,5.9,5.6,5.0,4.5,4.3,4.1,4.2,4.2,4.3,4.6,5.0,5.2,5.8,6.5,6.4,7.0,9.3,11.3,11.1,11.2,11.4,11.7,11.0,11.7,10.9,11.4,11.1,7.7,7.7,7.7,7.7
0956030449,02124547,11/21/2014,8.0,8.1,7.9,7.9,8.0,7.8,7.8,7.7,8.0,7.9,7.2,6.9,6.7,7.6,7.6,6.9,6.8,6.5,6.0,5.5,4.8,4.8,5.4,4.7,4.0,3.9,4.2,4.6,4.8,5.4,5.6,6.2,7.1,9.1,40.9,43.0,44.0,43.0,44.0,27.4,12.0,10.8,11.9,11.0,6.9,7.7,7.7,7.7
0956030449,02124547,11/20/2014,7.7,7.7,7.8,7.8,7.7,7.7,7.6,7.8,7.8,7.6,7.5,7.6,7.7,7.6,7.6,7.3,7.2,7.1,7.2,6.8,4.9,4.5,4.2,4.2,4.2,4.3,4.5,4.8,4.9,5.6,6.0,5.8,6.0,8.2,41.6,43.4,52.0,91.0,90.0,74.4,44.4,44.4,44.2,43.8,8.3,7.7,7.9,7.7
0956030449,02124547,11/19/2014,7.6,7.5,7.6,7.5,7.4,7.3,7.2,7.4,7.4,7.3,7.4,7.5,7.6,7.3,7.2,6.6,6.2,5.5,5.1,4.7,4.6,4.3,4.0,3.7,4.8,5.1,5.5,5.7,5.5,6.0,6.1,6.3,7.1,9.1,72.4,76.8,77.2,77.0,76.9,77.2,77.2,77.2,77.7,77.4,8.6,7.6,7.7,7.7
0956030449,02124547,11/18/2014,0.9,1.2,1.3,1.3,1.4,1.3,1.3,1.4,1.4,1.4,1.4,1.3,1.4,1.3,1.1,0.6,0.1,0.1,0.0,0.0,0.0,0.0,0.0,0.0,0.0,3.0,4.5,4.7,5.1,5.7,6.0,6.6,7.1,9.7,42.3,44.5,44.8,44.5,44.3,28.4,26.9,45.0,44.4,44.6,8.1,7.4,7.5,7.5
0956030449,02124547,11/17/2014,0.6,0.6,0.6,0.6,0.6,0.6,0.6,0.6,0.6,0.6,0.6,0.6,0.6,0.6,0.6,0.5,0.5,0.4,0.4,1.1,0.9,1.0,0.4,0.5,0.2,0.4,0.1,0.3,0.5,1.0,0.6,0.5,0.5,2.6,35.4,37.7,37.4,37.3,37.4,37.3,37.5,37.5,37.4,5.7,1.1,1.2,1.1,1.1
0956030449,02124547,11/16/2014,0.7,0.7,0.7,0.7,0.7,0.7,0.7,0.7,0.7,0.7,0.7,0.7,0.7,0.6,0.5,0.5,0.4,0.4,0.2,0.1,0.1,0.0,0.0,0.1,0.0,0.0,0.1,0.1,0.1,0.3,0.4,0.4,0.4,2.5,35.0,37.1,37.2,36.8,36.7,36.8,36.8,36.6,36.7,36.6,1.1,0.6,0.6,0.6
0956030449,02124547,11/15/2014,1.0,1.0,1.0,1.0,1.2,1.2,1.2,1.2,1.2,1.2,1.2,1.2,1.1,0.9,0.6,0.3,0.0,0.0,0.0,0.0,0.0,0.0,0.0,0.0,0.0,0.0,0.0,0.0,0.0,0.0,0.0,0.2,0.8,2.6,35.0,21.3,5.0,5.1,5.0,5.0,5.0,5.0,5.0,5.0,0.8,0.7,0.8,0.7
0956030449,02124547,11/14/2014,0.7,0.9,1.1,0.9,1.0,1.1,1.1,1.1,1.1,1.1,1.2,1.2,1.2,1.0,0.8,0.4,0.0,0.0,0.0,0.0,0.0,0.0,0.0,0.0,0.0,0.1,0.0,0.1,0.1,0.3,0.0,0.0,0.3,2.6,65.6,70.4,70.5,70.0,70.1,69.1,68.9,69.0,69.0,38.0,1.3,1.0,1.0,1.0
0956030449,02124547,11/13/2014,0.7,0.8,0.8,0.7,0.7,0.8,0.7,0.8,0.6,0.8,0.7,0.7,0.7,0.6,0.6,0.4,0.2,0.2,0.6,0.1,0.1,0.1,0.3,0.1,0.2,0.2,0.3,0.4,0.5,0.8,0.7,0.7,0.6,2.8,65.5,70.2,70.6,70.4,69.7,69.8,69.6,69.2,69.3,37.9,1.2,0.7,0.7,0.8
0956030449,02124547,11/12/2014,0.5,0.5,0.5,0.5,0.5,0.5,0.5,0.5,0.5,0.5,0.6,0.5,0.5,0.5,0.3,0.2,0.1,0.1,0.0,0.0,0.0,0.0,0.0,0.0,0.0,0.0,0.0,0.0,0.0,0.0,0.0,0.0,0.2,2.5,64.5,69.8,70.0,69.8,69.7,69.9,69.6,69.1,69.5,69.5,1.6,0.7,0.7,0.8
0956030449,02124547,11/11/2014,0.6,0.6,0.6,0.7,0.6,0.7,0.7,0.7,0.7,0.7,0.6,0.7,0.6,0.6,0.4,0.1,0.0,0.0,0.0,0.0,0.0,0.0,0.0,0.0,0.0,0.0,0.0,0.0,0.0,0.0,0.0,0.0,0.5,2.4,63.7,69.0,69.6,68.8,68.8,68.5,68.5,68.9,68.7,37.3,1.0,0.5,0.5,0.5
0956030449,02124547,11/10/2014,0.7,0.7,0.6,0.6,0.6,0.7,0.7,0.7,0.6,0.7,0.7,0.7,0.7,0.6,0.4,0.1,0.0,0.0,0.0,0.0,0.0,0.0,0.0,0.0,0.0,0.0,0.0,0.0,0.0,0.0,0.0,0.0,0.0,2.2,64.6,69.4,69.4,68.9,69.5,69.4,69.1,69.0,68.7,68.8,1.5,0.6,0.6,0.6
0956030449,02124547,11/09/2014,0.6,0.6,0.6,0.6,0.6,0.6,0.6,0.6,0.6,0.6,0.6,0.7,0.7,0.6,0.4,0.1,0.1,0.1,0.0,0.0,0.0,0.0,0.0,0.0,0.0,0.0,0.0,0.0,0.1,0.1,0.3,0.4,0.9,3.1,67.0,71.7,71.4,71.4,71.5,70.8,18.1,37.2,37.3,37.0,1.2,0.6,0.6,0.7
0956030449,02124547,11/08/2014,0.7,0.7,0.8,0.8,0.7,0.8,0.7,0.8,0.7,0.7,0.7,0.7,0.7,0.6,0.3,0.1,0.1,0.0,0.0,0.0,0.0,0.0,0.0,0.0,0.0,0.0,0.0,0.0,0.0,0.0,0.1,0.2,0.6,3.1,66.1,70.0,70.4,70.0,69.8,69.5,4.9,4.9,4.9,4.9,0.7,0.6,0.6,0.7
0956030449,02124547,11/07/2014,0.7,0.8,0.7,0.8,0.8,0.8,0.8,0.8,0.7,0.8,0.7,0.8,0.7,0.6,0.4,0.1,0.0,0.0,0.0,0.1,0.3,0.2,0.1,0.0,0.0,0.0,0.0,0.0,0.0,0.3,0.1,0.0,0.3,2.6,66.2,70.8,71.0,70.7,70.9,71.0,70.0,69.8,69.6,38.1,1.2,0.7,0.8,0.7
0956030449,02124547,11/06/2014,0.5,0.6,0.6,0.6,0.6,0.5,0.6,0.5,0.6,0.6,0.5,0.6,0.5,0.5,0.5,0.3,0.3,0.1,0.4,0.1,0.0,0.0,0.0,0.0,0.0,0.0,0.0,0.0,0.4,0.1,0.2,0.3,0.3,2.5,66.5,70.8,71.0,70.2,70.0,69.8,69.2,69.4,68.8,37.6,1.0,0.6,0.7,0.7
0956030449,02124547,11/05/2014,0.5,0.6,0.5,0.6,0.5,0.6,0.6,0.6,0.6,0.6,0.6,0.6,0.6,0.5,0.4,0.2,0.2,0.2,0.0,0.0,0.0,0.0,0.0,0.0,0.0,0.0,0.0,0.0,0.0,0.2,0.0,0.4,0.8,3.0,64.4,69.0,69.4,69.1,68.8,69.1,69.4,68.9,68.5,67.9,1.4,0.5,0.6,0.5
0956030449,02124547,11/04/2014,0.6,0.6,0.6,0.6,0.6,0.6,0.6,0.6,0.6,0.6,0.6,0.6,0.6,0.5,0.2,0.1,0.0,0.0,0.0,0.1,0.1,0.0,0.0,0.0,0.0,0.0,0.0,0.0,0.0,0.1,0.1,0.0,0.3,2.4,64.3,69.0,83.3,84.0,83.5,69.0,69.0,68.9,68.9,37.7,1.1,0.6,0.5,0.6
0956030449,02124547,11/03/2014,1.0,0.9,0.9,0.8,0.8,0.8,0.8,0.8,0.9,0.9,1.0,0.8,0.8,0.6,0.5,0.1,0.0,0.0,0.0,0.0,0.0,0.0,0.0,0.0,0.0,0.0,0.0,0.0,0.0,0.0,0.0,0.1,0.3,0.6,60.2,65.1,69.7,69.8,69.6,69.6,69.1,69.1,69.2,69.1,1.6,0.6,0.6,0.6
0956030449,02124547,11/02/2014,1.0,1.1,1.0,0.9,0.9,1.0,1.0,1.0,1.1,1.0,1.1,1.0,1.0,1.0,1.0,0.9,0.7,0.4,0.4,0.7,0.6,0.7,0.5,0.3,0.2,0.1,0.0,0.0,0.0,0.0,0.0,0.0,0.0,0.1,0.7,1.1,61.9,66.7,70.8,70.9,70.8,70.9,70.7,54.2,37.8,37.8,1.4,0.9,0.9,0.9
0956030449,02124547,11/01/2014,0.6,0.6,0.6,0.7,0.6,0.6,0.7,0.6,0.6,0.6,0.7,0.6,0.6,0.7,0.6,0.7,0.9,1.2,1.2,1.3,1.2,1.1,0.9,1.1,1.0,0.8,0.6,0.9,0.6,0.5,0.9,1.0,0.9,1.1,0.9,1.1,35.9,38.2,38.4,38.2,5.3,5.1,5.2,5.2,1.1,0.8,0.7,0.9
0956030449,02124547,10/31/2014,0.6,0.6,0.7,0.6,0.6,0.7,0.7,0.6,0.7,0.6,0.7,0.7,0.7,0.6,0.6,0.6,0.5,0.8,0.3,0.0,0.0,0.0,0.0,0.0,0.0,0.0,0.0,0.0,0.1,0.0,0.0,0.1,0.1,0.1,0.1,0.5,4.7,5.0,5.0,5.0,5.0,5.0,5.0,5.0,0.7,0.6,0.6,0.6
0956030449,02124547,10/30/2014,0.6,0.6,0.6,0.6,0.6,0.6,0.6,0.6,0.6,0.6,0.6,0.6,0.6,0.7,0.6,0.5,0.3,0.1,0.1,0.1,0.0,0.0,0.0,0.0,0.0,0.0,0.0,0.0,0.0,0.0,0.0,0.0,0.1,0.2,0.6,0.9,66.1,76.5,84.7,84.9,77.5,70.7,70.8,38.3,1.3,0.6,0.6,0.6
0956030449,02124547,10/29/2014,0.6,0.4,0.5,0.6,0.5,0.5,0.6,0.5,0.6,0.5,0.6,0.5,0.5,0.5,0.5,0.4,0.1,0.1,0.0,0.0,0.0,0.0,0.0,0.0,0.0,0.0,0.4,0.6,0.6,0.2,0.3,0.1,0.2,0.3,0.4,43.8,70.5,70.5,70.7,69.9,69.5,70.0,69.6,69.1,0.7,0.6,0.6,0.6
0956030449,02124547,10/28/2014,0.5,0.6,0.6,0.6,0.5,0.6,0.6,0.6,0.6,0.5,0.6,0.6,0.6,0.5,0.6,0.4,0.1,0.1,0.2,0.0,0.0,0.0,0.0,0.0,0.0,0.0,0.0,0.0,0.0,0.0,0.0,0.1,0.1,0.3,0.5,0.8,49.2,52.4,52.0,37.4,50.9,68.5,68.5,37.3,0.8,0.5,0.5,0.5
0956030449,02124547,10/27/2014,0.6,0.7,0.6,0.6,0.7,0.6,0.7,0.6,0.6,0.6,0.7,0.6,0.6,0.7,0.6,0.5,0.2,0.0,0.0,0.0,0.0,0.0,0.0,0.0,0.0,0.0,0.0,0.0,0.0,0.0,0.0,0.0,0.0,0.0,0.0,0.4,77.6,83.0,84.3,83.4,83.1,51.3,44.1,37.0,1.2,0.6,0.5,0.6
0956030449,02124547,10/26/2014,0.6,0.6,0.6,0.6,0.6,0.6,0.6,0.6,0.6,0.6,0.6,0.6,0.6,0.7,0.8,0.7,0.2,0.3,0.1,0.0,0.0,0.0,0.0,0.0,0.0,0.0,0.0,0.0,0.0,0.0,0.0,0.0,0.0,0.0,30.4,33.2,66.9,69.6,70.2,70.9,70.5,70.3,70.1,70.2,0.7,0.6,0.6,0.5
0956030449,02124547,10/25/2014,0.6,0.6,0.6,0.6,0.6,0.5,0.6,0.6,0.6,0.6,0.7,0.6,0.6,0.6,0.5,0.5,0.6,0.2,0.1,0.0,0.0,0.0,0.0,0.0,0.0,0.0,0.0,0.0,0.0,0.0,0.0,0.0,0.2,0.0,0.3,0.8,35.0,37.4,37.4,37.1,5.0,4.8,4.8,4.8,0.7,0.5,0.6,0.6
0956030449,02124547,10/24/2014,0.6,0.6,0.6,0.7,0.6,0.7,0.6,0.6,0.6,0.6,0.7,0.6,0.7,0.7,0.6,0.5,0.2,0.0,0.0,0.2,0.1,0.0,0.0,0.0,0.0,0.0,0.0,0.0,0.0,0.0,0.0,0.0,0.0,0.0,0.3,0.8,65.4,70.0,70.9,70.9,70.9,37.8,37.3,5.1,0.7,0.6,0.7,0.6
0956030449,02124547,10/23/2014,0.9,0.8,0.8,0.8,0.8,0.8,0.8,0.8,0.7,0.8,0.8,0.8,0.8,0.8,0.8,0.7,0.7,0.6,0.3,0.1,0.1,0.2,0.0,0.0,0.0,0.0,0.0,0.0,0.0,0.0,0.2,0.4,0.9,0.7,0.4,0.9,65.3,76.0,84.9,84.6,77.0,69.5,70.0,37.4,0.9,0.6,0.6,0.6
0956030449,02124547,10/22/2014,0.7,0.7,0.6,0.7,0.6,0.7,0.7,0.7,0.7,0.7,0.6,0.7,0.7,0.7,0.7,0.6,0.6,0.5,0.5,0.6,0.4,0.2,0.2,0.3,0.2,0.3,0.2,0.2,0.2,0.1,0.1,0.2,0.4,0.5,0.5,0.9,79.3,71.2,69.9,70.4,69.9,70.0,69.9,70.2,0.9,0.8,0.8,0.8
0956030449,02124547,10/21/2014,0.6,0.6,0.6,0.6,0.6,0.6,0.6,0.6,0.6,0.6,0.6,0.6,0.6,0.6,0.6,0.5,0.4,0.1,0.0,0.0,0.0,0.0,0.0,0.0,0.0,0.0,0.0,0.0,0.0,0.1,0.4,0.9,0.9,1.3,0.9,1.4,74.1,85.1,84.9,70.5,69.8,69.6,69.9,37.8,0.7,0.6,0.7,0.6
0956030449,02124547,10/20/2014,0.7,0.7,0.6,0.7,0.7,0.7,0.6,0.7,0.7,0.7,0.6,0.7,0.7,0.7,0.6,0.5,0.1,0.0,0.0,0.0,0.0,0.0,0.0,0.0,0.0,0.0,0.0,0.0,0.0,0.0,0.0,0.0,0.0,0.1,0.3,0.9,75.6,85.3,85.7,85.5,85.5,52.1,44.4,37.1,0.7,0.6,0.6,0.6
0956030449,02124547,10/19/2014,0.8,0.7,0.8,0.7,0.7,0.8,0.7,0.7,0.8,0.7,0.7,0.8,0.9,0.8,0.8,1.1,0.8,0.7,0.4,0.1,0.0,0.2,0.0,0.0,0.0,0.0,0.0,0.0,0.0,0.0,0.0,0.0,0.0,0.1,31.3,33.2,64.2,70.3,71.3,71.4,71.3,71.1,70.2,70.0,0.7,0.7,0.6,0.7
0956030449,02124547,10/18/2014,0.6,0.6,0.6,0.6,0.6,0.6,0.6,0.6,0.6,0.6,0.6,0.6,0.6,0.6,0.6,0.5,0.9,0.3,0.3,0.4,0.0,0.0,0.0,0.1,0.0,0.0,0.0,0.0,0.0,0.2,0.2,0.5,0.5,1.2,1.2,1.1,62.5,70.6,54.7,37.9,5.2,5.1,5.0,5.1,0.7,0.7,0.7,0.7
0956030449,02124547,10/17/2014,0.6,0.6,0.6,0.6,0.6,0.6,0.7,0.6,0.7,0.6,0.6,0.6,0.6,0.6,0.5,0.4,0.2,0.0,0.0,0.0,0.0,0.0,0.0,0.0,0.0,0.0,0.0,0.0,0.0,0.0,0.0,0.0,0.0,0.0,0.0,0.5,31.2,67.9,70.4,70.9,70.8,37.9,37.2,4.9,0.6,0.6,0.6,0.6
0956030449,02124547,10/16/2014,0.6,0.6,0.6,0.6,0.6,0.6,0.6,0.6,0.7,0.5,0.6,0.6,0.6,0.6,0.6,0.4,0.4,0.3,0.1,0.6,0.9,0.1,0.2,0.1,0.1,0.0,0.0,0.0,0.2,0.2,0.1,0.3,0.0,0.1,0.1,1.0,61.4,75.4,84.5,84.6,77.7,70.4,70.5,38.0,0.8,0.6,0.6,0.6
0956030449,02124547,10/15/2014,0.6,0.5,0.6,0.5,0.5,0.5,0.5,0.5,0.6,0.5,0.5,0.6,0.5,0.5,0.5,0.3,0.1,0.0,0.2,0.1,0.0,0.0,0.1,0.2,0.2,0.3,0.2,0.2,0.3,0.2,0.4,0.3,0.3,0.3,0.3,0.3,61.0,69.1,69.5,70.0,70.3,69.2,68.8,68.6,0.7,0.6,0.6,0.6
0956030449,02124547,10/14/2014,0.6,0.5,0.6,0.6,0.6,0.6,0.6,0.5,0.6,0.6,0.5,0.5,0.5,0.6,0.4,0.4,0.1,0.1,0.0,0.0,0.0,0.0,0.0,0.0,0.0,0.0,0.0,0.0,0.0,0.0,0.0,0.1,0.2,0.8,0.6,0.8,75.4,83.8,84.4,70.4,70.0,69.8,69.5,37.7,0.7,0.6,0.6,0.5
0956030449,02124547,10/13/2014,0.6,0.6,0.6,0.6,0.6,0.6,0.6,0.6,0.6,0.6,0.6,0.6,0.5,0.6,0.5,0.5,0.5,0.4,0.3,0.1,0.2,0.3,0.9,0.2,0.1,0.2,0.1,0.3,0.2,0.2,0.1,0.2,0.1,0.5,0.6,0.5,44.7,82.7,84.8,84.7,84.8,51.9,44.4,36.8,0.6,0.6,0.6,0.6
0956030449,02124547,10/12/2014,0.6,0.6,0.6,0.6,0.6,0.6,0.6,0.6,0.6,0.6,0.6,0.6,0.6,0.6,0.6,0.2,0.3,0.0,0.0,0.0,0.0,0.0,0.0,0.0,0.0,0.0,0.0,0.0,0.0,0.0,0.0,0.0,0.0,0.0,0.1,0.3,60.7,68.4,52.8,36.8,36.7,36.6,36.8,36.8,0.9,0.6,0.6,0.6
0956030449,02124547,10/11/2014,0.6,0.6,0.6,0.6,0.6,0.6,0.7,0.6,0.6,0.6,0.6,0.6,0.6,0.6,0.6,0.6,0.7,1.1,0.9,0.9,1.2,0.9,1.0,1.1,1.0,1.1,0.5,0.3,0.6,0.6,0.6,0.4,0.4,0.4,0.2,0.3,30.6,36.6,36.7,36.8,36.7,36.8,36.8,36.8,0.6,0.6,0.6,0.6
0956030449,02124547,10/10/2014,0.6,0.6,0.6,0.6,0.6,0.6,0.6,0.6,0.6,0.6,0.6,0.6,0.5,0.6,0.5,0.5,0.6,0.5,0.2,0.2,0.2,0.2,0.1,0.1,0.1,0.1,0.0,0.1,0.0,0.0,0.0,0.4,0.3,1.0,0.8,1.1,61.9,69.9,70.3,70.5,70.9,37.5,21.1,4.9,0.6,0.6,0.6,0.6
0956030449,02124547,10/09/2014,0.5,0.6,0.5,0.6,0.6,0.6,0.6,0.6,0.5,0.6,0.6,0.6,0.6,0.5,0.4,0.2,0.1,0.0,0.0,0.0,0.0,0.0,0.0,0.0,0.0,0.0,0.0,0.0,0.0,0.0,0.0,0.0,0.0,0.2,0.5,0.5,61.3,74.6,83.2,83.5,76.4,69.5,53.6,37.6,0.8,0.6,0.6,0.6
0956030449,02124547,10/08/2014,0.5,0.6,0.5,0.6,0.6,0.6,0.5,0.6,0.5,0.5,0.6,0.5,0.6,0.5,0.4,0.3,0.2,0.0,0.0,0.0,0.0,0.0,0.0,0.0,0.0,0.0,0.0,0.0,0.0,0.0,0.0,0.0,0.0,0.0,0.1,0.2,74.7,83.1,82.7,83.0,83.0,83.0,76.3,69.4,0.6,0.6,0.5,0.6
0956030449,02124547,10/07/2014,0.6,0.6,0.6,0.6,0.6,0.6,0.6,0.6,0.6,0.6,0.6,0.6,0.6,0.7,0.5,0.3,0.1,0.0,0.0,0.0,0.0,0.4,0.0,0.0,0.1,0.2,0.2,0.0,0.0,0.0,0.0,0.0,0.0,0.2,0.5,0.7,14.2,79.9,83.6,69.8,69.8,69.8,53.9,37.4,0.9,0.5,0.6,0.5
0956030449,02124547,10/06/2014,0.6,0.6,0.7,0.6,0.7,0.6,0.7,0.6,0.7,0.7,0.7,0.6,0.7,0.6,0.5,0.3,0.2,0.1,0.0,0.0,0.0,0.0,0.0,0.0,0.0,0.0,0.0,0.0,0.0,0.0,0.0,0.0,0.0,0.0,0.0,0.6,13.9,80.1,84.0,84.0,84.5,52.2,43.9,36.6,0.9,0.6,0.6,0.6
0956030449,02124547,10/05/2014,0.7,0.7,0.6,0.7,0.7,0.7,0.7,0.7,0.7,0.7,0.7,0.7,0.7,0.7,0.7,0.7,0.0,0.1,0.0,0.0,0.0,0.0,0.0,0.0,0.0,0.0,0.0,0.0,0.0,0.0,0.2,0.0,0.2,0.0,0.1,0.4,30.6,36.4,36.0,36.4,36.3,36.2,36.6,36.5,0.9,0.6,0.7,0.6
0956030449,02124547,10/04/2014,0.6,0.6,0.6,0.6,0.6,0.5,0.6,0.6,0.6,0.6,0.6,0.6,0.5,0.6,0.6,0.7,0.7,0.6,0.5,0.1,0.1,0.1,0.0,0.0,0.0,0.1,0.0,0.0,0.2,0.1,0.1,0.2,0.1,0.0,0.1,0.5,31.8,38.2,21.7,5.2,5.2,5.2,5.2,5.2,0.7,0.7,0.7,0.7
0956030449,02124547,10/03/2014,0.5,0.5,0.5,0.5,0.5,0.5,0.5,0.6,0.5,0.5,0.5,0.5,0.6,0.5,0.4,0.3,0.1,0.0,0.0,0.0,0.0,0.3,0.0,0.0,0.0,0.0,0.1,0.0,0.1,0.1,0.6,0.5,0.2,0.6,0.6,0.9,0.6,66.4,70.2,70.3,70.4,37.8,21.6,4.9,0.6,0.5,0.6,0.6
0956030449,02124547,10/02/2014,0.7,0.6,0.7,0.6,0.6,0.5,0.6,0.7,0.5,0.6,0.5,0.5,0.6,0.5,0.4,0.5,0.3,0.2,0.1,0.2,0.0,0.0,0.0,0.0,0.0,0.0,0.0,0.0,0.0,0.0,0.0,0.0,0.0,0.1,0.3,0.6,0.8,73.8,85.3,85.4,77.2,70.1,54.7,37.9,0.8,0.5,0.6,0.6
0956030449,02124547,10/01/2014,0.5,0.6,0.6,0.6,0.6,0.7,0.5,0.6,0.5,0.5,0.5,0.5,0.5,0.5,0.4,0.4,0.3,0.1,0.0,0.0,0.0,0.1,0.1,0.0,0.0,0.0,0.0,0.0,0.0,0.0,0.0,0.0,0.0,0.0,0.0,0.2,21.8,82.5,83.9,84.2,84.2,84.2,77.1,69.2,1.2,0.5,0.7,0.5
0956030449,02124547,09/30/2014,0.5,0.5,0.5,0.5,0.5,0.5,0.5,0.6,0.6,0.6,0.5,0.5,0.5,0.5,0.4,0.3,0.3,0.2,0.0,0.2,0.3,0.2,0.1,0.0,0.0,0.0,0.0,0.0,0.0,0.0,0.0,0.0,0.0,0.1,0.1,0.4,14.2,80.6,84.0,70.2,69.7,69.8,53.9,37.5,0.9,0.6,0.6,0.6
0956030449,02124547,09/29/2014,0.5,0.5,0.5,0.5,0.5,0.5,0.6,0.6,0.5,0.6,0.5,0.6,0.5,0.5,0.3,0.1,0.1,0.1,0.0,0.0,0.0,0.0,0.2,0.3,0.1,0.1,0.0,0.0,0.0,0.0,0.1,0.2,0.0,0.1,0.1,0.6,14.1,80.4,83.9,83.6,83.5,51.3,43.7,36.6,0.8,0.5,0.5,0.5
0956030449,02124547,09/28/2014,0.5,0.6,0.6,0.5,0.5,0.6,0.5,0.5,0.5,0.6,0.6,0.6,0.5,0.6,0.4,0.1,0.0,0.0,0.0,0.0,0.0,0.0,0.0,0.0,0.0,0.0,0.0,0.0,0.0,0.0,0.0,0.0,0.3,0.1,0.2,0.5,45.0,68.4,67.9,67.8,67.9,52.6,36.3,36.1,1.0,0.5,0.6,0.6
0956030449,02124547,09/27/2014,0.5,0.6,0.6,0.5,0.6,0.5,0.6,0.5,0.6,0.5,0.6,0.5,0.6,0.5,0.4,0.2,0.1,0.0,0.0,0.0,0.0,0.0,0.0,0.0,0.0,0.0,0.0,0.0,0.0,0.0,0.0,0.0,0.0,0.0,0.0,0.2,14.3,36.2,35.9,36.0,36.0,36.0,20.7,4.6,0.6,0.6,0.5,0.5
0956030449,02124547,09/26/2014,0.6,0.5,0.6,0.5,0.5,0.5,0.5,0.6,0.6,0.5,0.6,0.5,0.5,0.5,0.3,0.2,0.0,0.0,0.0,0.0,0.0,0.0,0.0,0.0,0.0,0.0,0.0,0.0,0.0,0.0,0.0,0.0,0.0,0.0,0.1,0.2,0.4,65.9,68.7,68.6,68.8,68.5,53.1,37.1,1.0,0.5,0.6,0.6
0956030449,02124547,09/25/2014,0.5,0.6,0.6,0.6,0.6,0.5,0.6,0.5,0.6,0.5,0.6,0.6,0.5,0.6,0.4,0.3,0.3,0.4,0.3,0.3,0.3,0.1,0.0,0.0,0.0,0.0,0.0,0.0,0.0,0.1,0.3,0.2,0.1,0.0,0.7,0.9,1.0,66.6,69.8,69.9,69.5,69.7,54.0,37.5,0.6,0.5,0.5,0.5
0956030449,02124547,09/24/2014,0.5,0.6,0.5,0.6,0.6,0.6,0.6,0.5,0.6,0.5,0.6,0.5,0.6,0.5,0.4,0.2,0.2,0.0,0.1,0.0,0.0,0.0,0.0,0.0,0.0,0.0,0.0,0.0,0.0,0.0,0.1,0.1,0.1,0.1,0.2,49.3,79.5,78.0,69.3,69.2,69.2,69.0,68.6,68.6,0.9,0.5,0.5,0.6
0956030449,02124547,09/23/2014,0.6,0.6,0.6,0.7,0.6,0.6,0.6,0.7,0.6,0.6,0.6,0.5,0.7,0.5,0.4,0.2,0.0,0.1,0.0,0.0,0.0,0.0,0.0,0.0,0.0,0.0,0.0,0.0,0.0,0.0,0.0,0.0,0.0,0.0,0.2,0.3,13.8,80.6,84.1,70.0,70.0,69.5,53.7,37.3,0.8,0.5,0.6,0.6
0956030449,02124547,09/22/2014,0.6,0.5,0.6,0.6,0.5,0.6,0.7,0.5,0.5,0.6,0.6,0.5,0.5,0.4,0.5,0.1,0.0,0.0,0.0,0.0,0.0,0.0,0.0,0.0,0.0,0.0,0.0,0.0,0.0,0.0,0.0,0.0,0.0,0.0,0.0,0.2,0.4,35.5,66.7,68.7,69.1,37.0,36.7,36.9,0.8,0.6,0.6,0.5
0956030449,02124547,09/21/2014,0.6,0.6,0.6,0.5,0.5,0.5,0.6,0.5,0.5,0.7,0.5,0.5,0.5,0.6,0.6,0.7,0.3,0.3,0.1,0.0,0.0,0.0,0.0,0.0,0.0,0.0,0.0,0.0,0.0,0.0,0.0,0.0,0.0,0.0,0.0,0.2,0.6,65.3,68.6,68.8,68.8,37.5,34.0,36.3,0.7,0.5,0.5,0.6
0956030449,02124547,09/20/2014,0.5,0.6,0.6,0.5,0.6,0.6,0.5,0.6,0.6,0.5,0.5,0.6,0.5,0.5,0.3,0.2,0.2,0.0,0.0,0.0,0.0,0.1,0.0,0.0,0.0,0.0,0.0,0.0,0.0,0.0,0.0,0.0,0.1,0.1,0.1,0.1,0.2,65.2,68.6,68.8,68.7,37.1,4.7,4.7,0.5,0.6,0.6,0.6
0956030449,02124547,09/19/2014,0.6,0.6,0.5,0.5,0.6,0.6,0.6,0.6,0.6,0.5,0.6,0.5,0.5,0.6,0.3,0.2,0.0,0.0,0.0,0.0,0.0,0.0,0.0,0.0,0.0,0.0,0.0,0.0,0.0,0.0,0.0,0.0,0.0,0.0,0.0,0.1,0.9,35.3,66.4,68.6,68.6,68.7,68.5,68.5,1.1,0.5,0.5,0.6
0956030449,02124547,09/18/2014,0.6,0.5,0.6,0.6,0.5,0.5,0.6,0.5,0.5,0.6,0.5,0.5,0.6,0.5,0.3,0.2,0.0,0.0,0.0,0.0,0.0,0.0,0.0,0.0,0.0,0.0,0.0,0.0,0.0,0.0,0.0,0.0,0.0,0.1,0.0,0.0,0.4,5.1,65.1,68.9,69.0,69.1,53.3,36.8,0.8,0.6,0.6,0.5
0956030449,02124547,09/17/2014,0.6,0.5,0.6,0.5,0.6,0.6,0.5,0.6,0.6,0.6,0.6,0.5,0.6,0.4,0.4,0.2,0.0,0.0,0.0,0.0,0.0,0.0,0.0,0.0,0.0,0.0,0.0,0.0,0.0,0.0,0.0,0.0,0.0,0.0,0.0,0.0,13.5,35.9,81.6,83.8,84.0,84.0,76.7,69.5,1.1,0.5,0.6,0.6
0956030449,02124547,09/16/2014,0.6,0.5,0.5,0.5,0.5,0.5,0.6,0.6,0.6,0.5,0.5,0.6,0.5,0.4,0.3,0.2,0.0,0.0,0.0,0.0,0.0,0.0,0.0,0.0,0.0,0.0,0.0,0.0,0.0,0.0,0.0,0.0,0.0,0.2,0.3,0.0,13.8,19.3,79.9,69.8,69.3,69.5,53.5,37.3,0.8,0.5,0.5,0.5
0956030449,02124547,09/15/2014,0.5,0.6,0.6,0.5,0.6,0.5,0.7,0.5,0.6,0.6,0.6,0.6,0.6,0.5,0.4,0.1,0.0,0.0,0.0,0.0,0.0,0.0,0.0,0.0,0.0,0.0,0.0,0.0,0.0,0.0,0.0,0.0,0.0,0.0,0.0,0.0,0.3,35.6,67.2,69.5,69.5,37.1,36.5,36.5,0.9,0.6,0.5,0.5
0956030449,02124547,09/14/2014,0.6,0.6,0.6,0.6,0.7,0.6,0.6,0.6,0.6,0.6,0.5,0.6,0.6,0.5,0.4,0.1,0.1,0.0,0.0,0.0,0.0,0.0,0.0,0.0,0.0,0.0,0.0,0.0,0.0,0.0,0.0,0.0,0.0,0.0,0.1,0.4,0.5,35.7,37.6,37.6,37.6,37.5,21.4,4.8,0.6,0.7,0.5,0.6
0956030449,02124547,09/13/2014,0.6,0.5,0.5,0.5,0.5,0.6,0.5,0.5,0.6,0.5,0.5,0.5,0.5,0.5,0.5,0.2,0.5,0.3,0.4,0.1,0.3,0.2,0.5,0.3,0.4,0.6,0.5,0.7,0.6,0.3,0.4,0.3,0.1,0.0,0.2,0.1,0.7,35.4,37.5,37.3,37.3,37.4,21.2,4.8,0.5,0.5,0.5,0.6
0956030449,02124547,09/12/2014,0.5,0.5,0.5,0.5,0.5,0.6,0.5,0.6,0.5,0.5,0.5,0.5,0.6,0.6,0.3,0.2,0.1,0.0,0.0,0.0,0.0,0.0,0.0,0.0,0.0,0.0,0.0,0.0,0.0,0.0,0.0,0.0,0.0,0.0,0.0,0.0,0.3,35.6,68.1,70.4,70.7,38.0,21.1,4.8,0.5,0.5,0.5,0.4
0956030449,02124547,09/11/2014,0.5,0.5,0.5,0.5,0.5,0.5,0.6,0.5,0.6,0.5,0.5,0.5,0.5,0.5,0.1,0.1,0.0,0.0,0.0,0.0,0.0,0.0,0.0,0.0,0.0,0.0,0.0,0.0,0.0,0.0,0.0,0.0,0.0,0.1,0.3,0.2,0.6,11.1,79.9,83.9,76.8,69.5,53.9,37.3,0.7,0.5,0.5,0.5
0956030449,02124547,09/10/2014,0.6,0.5,0.4,0.5,0.5,0.5,0.6,0.5,0.6,0.5,0.5,0.5,0.5,0.4,0.5,0.3,0.0,0.0,0.0,0.0,0.0,0.0,0.0,0.0,0.0,0.0,0.0,0.0,0.0,0.0,0.0,0.0,0.0,0.0,0.0,0.0,13.9,23.1,83.2,84.6,84.2,84.2,77.0,69.7,0.6,0.5,0.5,0.5
0956030449,02124547,09/09/2014,0.6,0.5,0.4,0.5,0.5,0.6,0.5,0.5,0.4,0.5,0.5,0.5,0.4,0.5,0.3,0.2,0.2,0.4,0.1,0.0,0.0,0.0,0.0,0.1,0.2,0.0,0.0,0.0,0.0,0.0,0.0,0.0,0.1,0.2,0.2,0.6,14.3,19.4,81.3,70.2,69.9,70.3,54.4,37.4,0.6,0.5,0.5,0.5
0956030449,02124547,09/08/2014,0.5,0.5,0.4,0.5,0.5,0.5,0.5,0.5,0.5,0.5,0.5,0.5,0.5,0.4,0.3,0.3,0.1,0.1,0.0,0.0,0.0,0.0,0.0,0.0,0.0,0.3,0.0,0.0,0.0,0.0,0.1,0.3,0.2,0.1,0.2,0.4,0.3,36.1,68.6,68.6,68.1,36.4,36.3,36.2,0.6,0.5,0.5,0.5
0956030449,02124547,09/07/2014,0.4,0.5,0.5,0.4,0.5,0.5,0.4,0.6,0.4,0.5,0.5,0.5,0.5,0.3,0.4,0.7,0.3,0.1,0.1,0.0,0.0,0.0,0.0,0.0,0.0,0.0,0.0,0.0,0.0,0.0,0.0,0.0,0.0,0.0,0.0,0.0,0.4,19.6,36.7,36.3,36.4,36.0,36.0,20.4,0.5,0.4,0.5,0.4
0956030449,02124547,09/06/2014,0.5,0.4,0.4,0.5,0.4,0.5,0.4,0.4,0.4,0.5,0.4,0.5,0.4,0.3,0.2,0.0,0.0,0.0,0.0,0.0,0.0,0.0,0.0,0.0,0.0,0.0,0.0,0.0,0.0,0.0,0.0,0.0,0.0,0.1,0.1,0.2,0.6,19.1,36.6,32.5,4.6,4.7,4.7,4.6,0.5,0.4,0.4,0.4
0956030449,02124547,09/05/2014,0.5,0.5,0.5,0.5,0.5,0.4,0.4,0.5,0.5,0.5,0.4,0.5,0.4,0.3,0.2,0.0,0.0,0.0,0.0,0.0,0.0,0.0,0.0,0.0,0.0,0.0,0.0,0.0,0.0,0.0,0.0,0.0,0.0,0.0,0.0,0.1,0.4,35.8,68.0,69.4,69.3,36.9,21.1,4.8,0.6,0.4,0.5,0.5
0956030449,02124547,09/04/2014,0.5,0.5,0.5,0.5,0.5,0.5,0.5,0.5,0.5,0.5,0.5,0.5,0.5,0.3,0.3,0.1,0.0,0.0,0.0,0.0,0.0,0.0,0.0,0.0,0.0,0.0,0.0,0.0,0.0,0.0,0.0,0.0,0.0,0.0,0.0,0.0,0.0,4.8,65.7,69.6,70.1,70.0,53.8,37.5,0.7,0.4,0.5,0.5
0956030449,02124547,09/03/2014,0.4,0.4,0.4,0.4,0.4,0.4,0.4,0.4,0.4,0.4,0.4,0.4,0.4,0.4,0.3,0.1,0.0,0.0,0.0,0.0,0.0,0.0,0.0,0.0,0.0,0.0,0.0,0.0,0.0,0.0,0.0,0.0,0.0,0.0,0.1,0.1,0.4,4.5,59.7,69.6,69.6,69.8,69.4,68.3,1.1,0.5,0.4,0.5
0956030449,02124547,09/02/2014,0.4,0.4,0.4,0.4,0.4,0.4,0.4,0.4,0.4,0.4,0.4,0.4,0.4,0.4,0.2,0.0,0.0,0.1,0.0,0.0,0.0,0.0,0.0,0.0,0.0,0.0,0.0,0.0,0.0,0.0,0.0,0.0,0.0,0.0,0.1,0.1,0.6,4.8,65.5,68.4,68.7,68.7,52.5,36.8,0.6,0.4,0.4,0.4
0956030449,02124547,09/01/2014,0.4,0.4,0.5,0.4,0.4,0.5,0.5,0.4,0.4,0.5,0.5,0.4,0.4,0.4,0.3,0.3,0.0,0.0,0.0,0.0,0.0,0.0,0.0,0.0,0.0,0.0,0.0,0.0,0.0,0.0,0.0,0.0,0.0,0.0,0.0,0.0,0.0,4.0,34.2,35.7,35.8,35.9,35.6,35.4,0.6,0.4,0.4,0.5
0956030449,02124547,08/31/2014,0.5,0.4,0.5,0.4,0.4,0.4,0.5,0.4,0.4,0.5,0.4,0.4,0.4,0.3,0.2,0.1,0.0,0.0,0.0,0.0,0.0,0.0,0.0,0.0,0.0,0.0,0.0,0.0,0.0,0.0,0.0,0.0,0.0,0.0,0.0,0.0,0.4,34.9,36.6,36.5,36.7,36.8,36.8,37.0,0.6,0.4,0.4,0.5
0956030449,02124547,08/30/2014,0.5,0.4,0.5,0.5,0.5,0.5,0.5,0.5,0.5,0.5,0.4,0.5,0.4,0.3,0.4,0.1,0.0,0.0,0.0,0.1,0.0,0.0,0.0,0.0,0.0,0.0,0.0,0.0,0.0,0.0,0.0,0.0,0.0,0.0,0.0,0.1,0.0,4.2,4.5,4.5,4.7,4.7,4.6,4.6,0.5,0.4,0.4,0.5
0956030449,02124547,08/29/2014,0.5,0.5,0.6,0.5,0.5,0.6,0.5,0.5,0.5,0.5,0.5,0.5,0.6,0.3,0.3,0.0,0.0,0.0,0.0,0.0,0.0,0.0,0.0,0.0,0.0,0.0,0.0,0.0,0.0,0.0,0.0,0.0,0.0,0.0,0.0,0.0,0.0,4.2,51.9,68.8,68.7,68.8,21.0,4.7,0.5,0.5,0.5,0.5
0956030449,02124547,08/28/2014,0.5,0.4,0.5,0.4,0.5,0.5,0.5,0.4,0.5,0.5,0.4,0.5,0.5,0.3,0.2,0.1,0.0,0.0,0.0,0.0,0.0,0.0,0.0,0.0,0.0,0.0,0.0,0.0,0.0,0.0,0.0,0.0,0.0,0.0,0.0,0.0,0.1,4.6,66.3,68.9,68.5,68.4,53.0,36.9,0.7,0.4,0.5,0.5
0956030449,02124547,08/27/2014,0.5,0.5,0.4,0.5,0.5,0.5,0.5,0.5,0.5,0.4,0.5,0.5,0.4,0.3,0.3,0.0,0.0,0.0,0.0,0.0,0.0,0.0,0.0,0.0,0.0,0.0,0.0,0.0,0.0,0.0,0.0,0.0,0.0,0.0,0.0,0.0,0.1,4.4,47.8,68.7,68.8,68.7,20.9,4.6,0.5,0.5,0.4,0.4
0956030449,02124547,08/26/2014,0.5,0.5,0.6,0.5,0.6,0.5,0.6,0.5,0.5,0.6,0.5,0.5,0.6,0.3,0.2,0.1,0.0,0.0,0.0,0.0,0.0,0.0,0.0,0.0,0.0,0.0,0.0,0.0,0.0,0.0,0.0,0.0,0.0,0.0,0.0,0.0,0.0,4.6,65.9,69.0,68.9,69.2,69.3,69.0,0.7,0.5,0.5,0.5
0956030449,02124547,08/25/2014,0.6,0.6,0.5,0.5,0.6,0.5,0.5,0.5,0.5,0.6,0.6,0.5,0.4,0.4,0.4,0.0,0.0,0.0,0.0,0.0,0.0,0.0,0.0,0.0,0.0,0.0,0.0,0.0,0.0,0.0,0.0,0.0,0.0,0.0,0.0,0.0,0.0,4.5,35.5,37.2,67.8,68.5,36.8,36.5,0.8,0.5,0.5,0.5
0956030449,02124547,08/24/2014,0.6,0.7,0.5,0.7,0.5,0.5,0.6,0.5,0.5,0.6,0.7,0.6,0.5,0.3,0.2,0.1,0.0,0.0,0.0,0.0,0.0,0.0,0.0,0.0,0.0,0.0,0.0,0.0,0.0,0.0,0.0,0.0,0.0,0.0,0.0,0.0,0.0,34.3,36.6,36.4,36.5,36.6,36.6,36.7,0.7,0.5,0.5,0.5
0956030449,02124547,08/23/2014,0.5,0.5,0.5,0.5,0.5,0.5,0.6,0.5,0.6,0.5,0.5,0.5,0.5,0.3,0.3,0.5,0.3,0.2,0.5,0.5,0.6,0.4,0.4,0.2,0.3,0.1,0.0,0.1,0.0,0.0,0.1,0.2,0.3,0.4,0.4,0.3,0.3,4.5,4.5,4.6,4.7,4.7,4.9,4.8,0.5,0.5,0.5,0.5
0956030449,02124547,08/22/2014,0.5,0.5,0.5,0.5,0.5,0.5,0.5,0.5,0.5,0.5,0.5,0.5,0.4,0.4,0.1,0.1,0.0,0.0,0.0,0.0,0.0,0.0,0.0,0.0,0.0,0.0,0.0,0.0,0.0,0.0,0.0,0.0,0.0,0.0,0.0,0.0,0.1,4.4,35.2,36.9,37.2,37.0,5.0,4.7,0.5,0.5,0.4,0.5
0956030449,02124547,08/21/2014,0.5,0.5,0.5,0.5,0.5,0.5,0.5,0.6,0.5,0.5,0.5,0.5,0.4,0.3,0.2,0.1,0.1,0.0,0.0,0.0,0.0,0.0,0.0,0.0,0.0,0.0,0.0,0.0,0.0,0.0,0.0,0.0,0.0,0.1,0.4,0.6,0.4,4.3,49.7,68.7,68.2,53.0,36.9,36.9,0.7,0.5,0.5,0.5
0956030449,02124547,08/20/2014,0.4,0.4,0.5,0.5,0.5,0.5,0.5,0.5,0.5,0.5,0.5,0.5,0.4,0.3,0.0,0.0,0.0,0.0,0.0,0.0,0.0,0.0,0.0,0.0,0.0,0.0,0.0,0.0,0.0,0.0,0.0,0.0,0.0,0.0,0.3,0.3,0.3,4.5,35.6,37.2,37.2,37.2,5.0,4.7,0.5,0.5,0.5,0.5
0956030449,02124547,08/19/2014,0.5,0.5,0.5,0.4,0.5,0.4,0.5,0.5,0.5,0.5,0.4,0.5,0.4,0.2,0.1,0.0,0.0,0.0,0.0,0.1,0.1,0.4,0.1,0.1,0.0,0.0,0.0,0.0,0.0,0.0,0.0,0.0,0.0,0.0,0.0,0.0,0.0,4.5,49.8,69.0,68.6,53.0,5.0,4.7,0.4,0.4,0.4,0.5
0956030449,02124547,08/18/2014,0.4,0.5,0.5,0.4,0.4,0.5,0.4,0.5,0.5,0.4,0.5,0.4,0.4,0.3,0.2,0.1,0.1,0.0,0.0,0.0,0.0,0.0,0.0,0.0,0.0,0.0,0.0,0.0,0.0,0.0,0.0,0.0,0.0,0.0,0.0,0.0,0.0,4.0,35.5,37.2,37.2,37.1,5.0,4.7,0.5,0.4,0.5,0.5
0956030449,02124547,08/17/2014,0.5,0.5,0.5,0.4,0.5,0.5,0.5,0.5,0.4,0.5,0.4,0.5,0.4,0.3,0.2,0.2,0.0,0.0,0.0,0.0,0.1,0.0,0.0,0.0,0.0,0.0,0.0,0.0,0.0,0.0,0.0,0.0,0.0,0.0,0.0,0.0,0.1,35.2,36.9,37.2,36.7,36.7,36.7,36.5,0.7,0.4,0.4,0.5
0956030449,02124547,08/16/2014,0.5,0.5,0.5,0.5,0.5,0.6,0.5,0.5,0.5,0.5,0.5,0.5,0.5,0.3,0.1,0.0,0.0,0.0,0.0,0.0,0.0,0.0,0.0,0.0,0.0,0.0,0.0,0.0,0.0,0.0,0.0,0.0,0.0,0.0,0.0,0.0,0.0,3.8,4.3,4.6,4.7,4.7,4.7,4.7,0.5,0.5,0.5,0.5
0956030449,02124547,08/15/2014,0.5,0.5,0.6,0.5,0.5,0.5,0.5,0.6,0.5,0.5,0.5,0.5,0.4,0.4,0.2,0.0,0.0,0.0,0.0,0.0,0.0,0.0,0.0,0.0,0.0,0.0,0.0,0.0,0.0,0.0,0.0,0.0,0.0,0.0,0.0,0.0,0.0,3.7,4.3,4.6,4.7,4.8,4.8,4.8,0.5,0.6,0.5,0.5
0956030449,02124547,08/14/2014,0.5,0.6,0.6,0.5,0.5,0.5,0.5,0.5,0.5,0.5,0.5,0.5,0.6,0.5,0.3,0.0,0.0,0.0,0.0,0.0,0.0,0.0,0.0,0.0,0.0,0.0,0.0,0.0,0.0,0.0,0.0,0.0,0.0,0.0,0.0,0.0,0.0,34.5,51.3,69.3,68.9,69.2,69.0,68.8,1.2,0.5,0.5,0.5
0956030449,02124547,08/13/2014,0.5,0.5,0.5,0.5,0.5,0.6,0.5,0.5,0.5,0.5,0.5,0.5,0.5,0.2,0.1,0.1,0.0,0.0,0.0,0.0,0.0,0.0,0.0,0.0,0.0,0.0,0.0,0.0,0.0,0.0,0.0,0.0,0.0,0.0,0.0,0.0,0.0,4.0,4.4,4.9,5.0,29.7,69.1,68.9,1.1,0.5,0.5,0.4
0956030449,02124547,08/12/2014,0.5,0.5,0.5,0.5,0.5,0.5,0.5,0.4,0.5,0.4,0.5,0.5,0.4,0.3,0.3,0.4,0.2,0.0,0.1,0.1,0.3,0.3,0.2,0.3,0.7,0.8,0.4,0.2,0.1,0.1,0.0,0.0,0.0,0.0,0.2,0.1,0.1,35.0,37.4,37.5,37.2,37.0,37.1,37.2,0.8,0.5,0.6,0.4
0956030449,02124547,08/11/2014,0.5,0.5,0.5,0.5,0.5,0.5,0.5,0.5,0.5,0.5,0.5,0.5,0.3,0.3,0.1,0.0,0.0,0.0,0.0,0.0,0.0,0.0,0.0,0.0,0.0,0.0,0.0,0.0,0.0,0.0,0.0,0.0,0.0,0.0,0.1,0.1,0.1,4.6,4.6,4.7,4.8,4.8,4.8,4.9,0.5,0.5,0.5,0.5
0956030449,02124547,08/10/2014,0.6,0.5,0.5,0.4,0.5,0.5,0.5,0.5,0.5,0.4,0.5,0.5,0.4,0.2,0.1,0.0,0.0,0.0,0.0,0.0,0.0,0.0,0.0,0.0,0.0,0.0,0.0,0.0,0.0,0.0,0.0,0.0,0.0,0.0,0.2,0.2,0.2,35.4,37.5,37.1,37.3,37.2,37.3,37.4,0.7,0.5,0.5,0.5
0956030449,02124547,08/09/2014,0.5,0.5,0.5,0.5,0.5,0.5,0.5,0.5,0.5,0.5,0.5,0.5,0.4,0.3,0.1,0.1,0.0,0.0,0.0,0.0,0.0,0.0,0.0,0.0,0.0,0.0,0.0,0.0,0.0,0.0,0.0,0.0,0.0,0.0,0.0,0.0,0.0,4.2,4.6,4.8,4.8,4.9,4.9,4.9,0.5,0.5,0.4,0.5
0956030449,02124547,08/08/2014,0.5,0.5,0.5,0.5,0.5,0.5,0.5,0.5,0.5,0.5,0.5,0.5,0.4,0.2,0.1,0.0,0.0,0.0,0.0,0.0,0.0,0.0,0.0,0.0,0.0,0.0,0.0,0.0,0.0,0.0,0.0,0.0,0.0,0.0,0.0,0.0,0.0,4.3,4.6,35.6,37.0,21.2,5.0,5.0,0.5,0.4,0.5,0.5
0956030449,02124547,08/07/2014,0.5,0.5,0.5,0.5,0.5,0.5,0.5,0.5,0.5,0.5,0.4,0.5,0.3,0.3,0.1,0.1,0.0,0.0,0.0,0.0,0.0,0.0,0.0,0.0,0.0,0.0,0.0,0.0,0.0,0.0,0.0,0.0,0.0,0.0,0.0,0.0,0.0,35.0,37.1,37.4,37.5,37.6,37.8,37.6,0.7,0.5,0.5,0.5
0956030449,02124547,08/06/2014,0.5,0.5,0.5,0.5,0.5,0.5,0.5,0.5,0.5,0.5,0.5,0.5,0.3,0.4,0.1,0.0,0.1,0.0,0.0,0.0,0.0,0.0,0.0,0.0,0.0,0.0,0.0,0.0,0.0,0.0,0.0,0.0,0.0,0.0,0.0,0.0,0.0,4.7,4.7,34.7,36.5,20.7,4.9,4.9,0.5,0.5,0.4,0.5
0956030449,02124547,08/05/2014,0.5,0.5,0.6,0.5,0.5,0.5,0.5,0.5,0.4,0.5,0.5,0.5,0.3,0.4,0.1,0.0,0.0,0.0,0.0,0.0,0.0,0.0,0.0,0.0,0.0,0.0,0.0,0.0,0.0,0.0,0.0,0.0,0.0,0.0,0.0,0.0,0.0,34.5,36.6,37.0,37.0,37.1,36.8,36.9,0.5,0.4,0.5,0.5
0956030449,02124547,08/04/2014,0.5,0.5,0.5,0.5,0.5,0.5,0.5,0.5,0.5,0.5,0.5,0.5,0.3,0.4,0.1,0.0,0.0,0.0,0.0,0.0,0.0,0.0,0.0,0.0,0.0,0.0,0.0,0.0,0.0,0.0,0.0,0.0,0.0,0.0,0.0,0.0,0.0,4.1,4.8,35.0,37.0,21.0,4.8,4.8,0.5,0.4,0.4,0.5
0956030449,02124547,08/03/2014,0.5,0.5,0.5,0.5,0.5,0.5,0.5,0.5,0.5,0.5,0.5,0.5,0.4,0.2,0.3,0.0,0.2,0.2,0.0,0.0,0.0,0.0,0.0,0.0,0.0,0.0,0.0,0.0,0.0,0.0,0.0,0.0,0.0,0.0,0.0,0.0,0.0,34.9,37.3,37.4,37.4,37.3,37.3,37.5,0.5,0.5,0.5,0.5
0956030449,02124547,08/02/2014,0.5,0.6,0.5,0.6,0.6,0.5,0.5,0.6,0.6,0.6,0.5,0.6,0.3,0.4,0.3,0.0,0.0,0.0,0.0,0.0,0.0,0.0,0.0,0.0,0.0,0.0,0.0,0.0,0.0,0.0,0.0,0.0,0.0,0.0,0.0,0.0,0.0,4.1,4.4,4.7,4.8,5.1,4.9,4.9,0.6,0.5,0.5,0.5
0956030449,02124547,08/01/2014,0.5,0.5,0.5,0.5,0.5,0.5,0.5,0.4,0.5,0.5,0.4,0.5,0.4,0.5,0.1,0.0,0.0,0.0,0.0,0.1,0.0,0.0,0.0,0.0,0.0,0.0,0.0,0.0,0.0,0.0,0.0,0.0,0.0,0.0,0.0,0.0,0.1,4.6,5.0,4.9,4.8,5.0,4.9,4.9,0.5,0.5,0.6,0.5
0956030449,02124547,07/31/2014,0.5,0.5,0.5,0.6,0.5,0.6,0.5,0.5,0.6,0.5,0.5,0.5,0.3,0.2,0.1,0.0,0.0,0.0,0.0,0.0,0.0,0.0,0.0,0.0,0.0,0.0,0.0,0.0,0.0,0.0,0.0,0.0,0.0,0.0,0.0,0.0,0.0,63.8,67.9,68.3,68.4,52.6,37.0,37.2,0.4,0.5,0.5,0.5
0956030449,02124547,07/30/2014,0.5,0.6,0.6,0.5,0.6,0.5,0.7,0.5,0.6,0.5,0.6,0.5,0.4,0.3,0.3,0.0,0.0,0.0,0.0,0.0,0.0,0.0,0.0,0.0,0.0,0.0,0.0,0.0,0.0,0.0,0.0,0.0,0.0,0.0,0.0,0.0,0.0,4.4,4.8,35.3,37.6,21.4,5.0,5.0,0.5,0.5,0.5,0.6
0956030449,02124547,07/29/2014,0.5,0.5,0.5,0.5,0.6,0.5,0.5,0.5,0.6,0.5,0.5,0.6,0.5,0.4,0.2,0.0,0.0,0.0,0.0,0.0,0.0,0.0,0.0,0.0,0.0,0.0,0.0,0.0,0.0,0.0,0.0,0.0,0.0,0.0,0.0,0.0,0.0,65.5,69.6,69.4,69.1,53.6,37.4,37.2,0.5,0.6,0.6,0.6
0956030449,02124547,07/28/2014,0.4,0.5,0.4,0.5,0.4,0.5,0.4,0.5,0.4,0.5,0.4,0.4,0.3,0.3,0.1,0.0,0.0,0.0,0.0,0.0,0.0,0.0,0.0,0.0,0.0,0.0,0.0,0.0,0.0,0.0,0.0,0.0,0.0,0.0,0.0,0.0,0.1,4.3,4.8,34.3,36.3,20.7,4.8,4.8,0.6,0.5,0.5,0.5
0956030449,02124547,07/27/2014,0.5,0.4,0.4,0.4,0.4,0.4,0.4,0.5,0.4,0.5,0.5,0.4,0.4,0.3,0.2,0.1,0.1,0.1,0.0,0.0,0.0,0.0,0.0,0.0,0.0,0.0,0.0,0.0,0.0,0.0,0.0,0.0,0.0,0.0,0.0,0.0,0.0,34.0,36.1,36.2,36.1,36.2,36.3,36.2,0.5,0.4,0.4,0.5
0956030449,02124547,07/26/2014,0.5,0.5,0.4,0.5,0.5,0.5,0.4,0.5,0.4,0.4,0.5,0.5,0.3,0.2,0.2,0.1,0.0,0.0,0.0,0.0,0.0,0.0,0.0,0.0,0.0,0.0,0.0,0.0,0.0,0.0,0.0,0.0,0.0,0.0,0.0,0.0,0.0,3.7,4.3,4.5,4.7,4.7,4.8,4.7,0.4,0.4,0.4,0.4
0956030449,02124547,07/25/2014,0.5,0.5,0.4,0.5,0.5,0.5,0.5,0.5,0.5,0.5,0.5,0.5,0.4,0.3,0.1,0.0,0.0,0.0,0.0,0.0,0.0,0.0,0.0,0.0,0.0,0.0,0.0,0.0,0.0,0.0,0.0,0.0,0.0,0.0,0.0,0.0,0.0,3.6,4.2,4.5,4.6,4.7,4.8,4.8,0.4,0.5,0.4,0.5
0956030449,02124547,07/24/2014,0.5,0.5,0.5,0.4,0.5,0.5,0.5,0.4,0.5,0.4,0.4,0.5,0.2,0.2,0.1,0.2,0.2,0.0,0.0,0.0,0.1,0.0,0.0,0.0,0.0,0.0,0.0,0.0,0.0,0.0,0.0,0.0,0.0,0.0,0.0,0.0,0.3,65.2,69.1,68.6,69.3,53.4,37.6,37.2,0.5,0.4,0.5,0.5
0956030449,02124547,07/23/2014,0.4,0.5,0.5,0.5,0.5,0.5,0.5,0.5,0.5,0.4,0.5,0.4,0.3,0.1,0.0,0.0,0.0,0.0,0.0,0.0,0.0,0.0,0.0,0.0,0.0,0.0,0.0,0.0,0.0,0.0,0.0,0.0,0.0,0.0,0.0,0.0,0.2,4.6,4.8,34.8,37.0,21.1,5.0,4.9,0.4,0.5,0.4,0.5
0956030449,02124547,07/22/2014,0.5,0.4,0.5,0.5,0.4,0.5,0.5,0.5,0.5,0.4,0.4,0.4,0.3,0.2,0.1,0.0,0.0,0.0,0.0,0.0,0.0,0.0,0.0,0.0,0.0,0.0,0.0,0.0,0.0,0.0,0.0,0.0,0.0,0.0,0.0,0.0,0.0,51.1,4.8,4.8,19.2,37.2,36.9,37.0,0.5,0.4,0.5,0.4
0956030449,02124547,07/21/2014,0.5,0.5,0.4,0.4,0.4,0.5,0.4,0.5,0.4,0.5,0.5,0.5,0.3,0.3,0.1,0.0,0.0,0.0,0.0,0.0,0.0,0.0,0.0,0.0,0.0,0.0,0.0,0.0,0.0,0.0,0.0,0.0,0.0,0.0,0.0,0.1,0.2,4.8,4.8,35.1,37.2,21.1,5.0,5.0,0.5,0.5,0.5,0.5
0956030449,02124547,07/20/2014,0.5,0.4,0.5,0.4,0.5,0.5,0.4,0.5,0.4,0.4,0.5,0.4,0.3,0.3,0.2,0.0,0.0,0.0,0.0,0.0,0.0,0.0,0.0,0.0,0.0,0.0,0.0,0.0,0.0,0.0,0.0,0.0,0.0,0.0,0.0,0.0,0.2,34.5,36.6,36.1,36.3,36.2,36.4,36.5,0.5,0.5,0.4,0.4
0956030449,02124547,07/19/2014,0.5,0.5,0.5,0.4,0.4,0.5,0.4,0.5,0.4,0.5,0.4,0.4,0.3,0.2,0.2,0.0,0.0,0.0,0.0,0.0,0.0,0.0,0.0,0.0,0.0,0.0,0.0,0.0,0.0,0.0,0.0,0.0,0.0,0.0,0.0,0.0,0.0,4.1,4.3,4.5,4.6,4.6,4.8,4.8,0.5,0.4,0.4,0.4
0956030449,02124547,07/18/2014,0.5,0.5,0.5,0.5,0.5,0.6,0.5,0.5,0.5,0.5,0.5,0.4,0.3,0.2,0.0,0.0,0.0,0.0,0.0,0.0,0.0,0.0,0.0,0.0,0.0,0.0,0.0,0.0,0.0,0.0,0.0,0.0,0.0,0.0,0.0,0.0,0.0,4.1,4.6,4.6,4.9,5.2,4.8,4.9,0.5,0.5,0.4,0.5
0956030449,02124547,07/17/2014,0.5,0.5,0.5,0.5,0.5,0.5,0.5,0.5,0.5,0.5,0.5,0.4,0.4,0.2,0.0,0.1,0.0,0.0,0.0,0.0,0.0,0.0,0.0,0.0,0.0,0.0,0.0,0.0,0.0,0.0,0.0,0.0,0.0,0.0,0.0,0.0,0.0,64.4,69.3,69.1,69.2,53.1,37.2,37.3,0.6,0.5,0.5,0.5
0956030449,02124547,07/16/2014,0.5,0.5,0.5,0.4,0.5,0.5,0.5,0.5,0.5,0.6,0.5,0.5,0.3,0.1,0.0,0.0,0.0,0.0,0.0,0.0,0.0,0.0,0.0,0.0,0.0,0.0,0.0,0.0,0.0,0.0,0.0,0.0,0.0,0.0,0.0,0.0,0.0,34.0,36.4,36.6,36.7,36.6,36.5,36.2,32.2,0.5,0.5,0.5
0956030449,02124547,07/15/2014,0.5,0.5,0.5,0.4,0.5,0.5,0.4,0.4,0.5,0.5,0.4,0.3,0.3,0.1,0.1,0.0,0.0,0.0,0.0,0.0,0.0,0.0,0.0,0.0,0.0,0.0,0.0,0.0,0.0,0.1,0.3,0.0,0.0,0.0,0.0,0.0,0.1,64.7,68.5,68.7,69.0,53.5,37.5,37.6,0.6,0.5,0.5,0.5
0956030449,02124547,07/14/2014,0.5,0.5,0.5,0.5,0.5,0.5,0.4,0.5,0.5,0.5,0.4,0.3,0.3,0.2,0.1,0.0,0.0,0.0,0.0,0.0,0.0,0.0,0.0,0.0,0.0,0.0,0.0,0.0,0.0,0.0,0.0,0.0,0.0,0.3,0.2,0.0,0.2,65.2,69.2,68.6,68.2,68.0,68.0,68.6,64.1,0.5,0.5,0.4
0956030449,02124547,07/13/2014,0.5,0.5,0.4,0.5,0.5,0.5,0.5,0.5,0.4,0.4,0.5,0.4,0.3,0.3,0.0,0.0,0.0,0.0,0.0,0.0,0.0,0.0,0.0,0.0,0.0,0.0,0.0,0.0,0.0,0.0,0.0,0.0,0.0,0.0,0.0,0.0,0.0,34.5,37.3,37.2,36.9,36.9,36.5,36.3,0.5,0.5,0.5,0.4
0956030449,02124547,07/12/2014,0.5,0.5,0.5,0.4,0.5,0.4,0.5,0.5,0.5,0.5,0.5,0.4,0.3,0.0,0.0,0.0,0.0,0.0,0.0,0.0,0.0,0.0,0.0,0.0,0.0,0.0,0.0,0.0,0.0,0.0,0.0,0.0,0.0,0.0,0.0,0.0,0.0,4.2,4.4,4.5,4.7,4.8,4.9,4.8,0.5,0.4,0.4,0.5
0956030449,02124547,07/11/2014,0.6,0.5,0.5,0.5,0.5,0.5,0.5,0.5,0.5,0.5,0.5,0.5,0.3,0.1,0.1,0.0,0.0,0.0,0.0,0.0,0.0,0.0,0.0,0.0,0.0,0.0,0.0,0.0,0.0,0.0,0.0,0.0,0.0,0.0,0.0,0.0,0.0,4.5,4.6,4.7,4.7,4.8,4.9,4.8,0.4,0.5,0.4,0.5
0956030449,02124547,07/10/2014,0.5,0.5,0.5,0.5,0.5,0.5,0.5,0.5,0.5,0.5,0.5,0.4,0.3,0.2,0.1,0.0,0.0,0.0,0.0,0.0,0.0,0.0,0.0,0.0,0.0,0.0,0.0,0.0,0.0,0.0,0.0,0.0,0.0,0.0,0.0,0.0,0.0,66.0,70.6,70.2,69.6,53.3,37.3,37.2,0.6,0.5,0.5,0.5
0956030449,02124547,07/09/2014,0.5,0.5,0.5,0.5,0.5,0.5,0.5,0.5,0.5,0.5,0.4,0.4,0.3,0.1,0.2,0.1,0.2,0.1,0.1,0.1,0.0,0.0,0.0,0.0,0.0,0.0,0.0,0.0,0.0,0.0,0.0,0.0,0.0,0.0,0.3,0.3,0.3,34.7,37.2,37.2,36.9,36.9,36.5,36.7,32.4,0.5,0.5,0.5
0956030449,02124547,07/08/2014,0.5,0.4,0.6,0.4,0.4,0.5,0.5,0.5,0.5,0.5,0.5,0.3,0.3,0.1,0.1,0.1,0.0,0.0,0.0,0.0,0.0,0.0,0.0,0.0,0.0,0.0,0.0,0.0,0.0,0.0,0.0,0.0,0.0,0.0,0.0,0.0,0.0,64.6,69.3,69.4,67.3,5.0,4.9,4.8,0.5,0.5,0.5,0.5
0956030449,02124547,07/07/2014,0.4,0.5,0.5,0.5,0.4,0.5,0.4,0.4,0.5,0.4,0.5,0.4,0.3,0.2,0.0,0.0,0.0,0.0,0.0,0.0,0.0,0.0,0.0,0.0,0.0,0.0,0.0,0.0,0.0,0.0,0.0,0.0,0.0,0.0,0.0,0.0,0.0,64.4,68.6,68.8,69.4,69.6,45.5,68.8,64.3,0.5,0.4,0.5
0956030449,02124547,07/06/2014,0.5,0.5,0.5,0.6,0.5,0.5,0.5,0.5,0.5,0.5,0.5,0.4,0.3,0.1,0.0,0.0,0.0,0.0,0.0,0.0,0.0,0.0,0.0,0.0,0.0,0.0,0.0,0.0,0.0,0.0,0.0,0.0,0.0,0.0,0.0,0.0,0.0,33.8,36.3,36.8,36.9,36.6,36.4,36.4,0.5,0.4,0.4,0.5
0956030449,02124547,07/05/2014,0.5,0.5,0.5,0.5,0.5,0.6,0.5,0.6,0.5,0.6,0.5,0.5,0.3,0.3,0.1,0.0,0.0,0.0,0.0,0.0,0.0,0.0,0.0,0.0,0.0,0.0,0.0,0.0,0.0,0.0,0.0,0.0,0.0,0.0,0.0,0.0,0.0,3.7,4.3,4.6,4.8,4.8,4.9,4.9,0.5,0.5,0.5,0.5
0956030449,02124547,07/04/2014,0.5,0.5,0.5,0.5,0.6,0.5,0.5,0.5,0.5,0.5,0.5,0.5,0.3,0.4,0.3,0.3,0.4,0.1,0.0,0.0,0.0,0.0,0.0,0.0,0.0,0.0,0.0,0.0,0.0,0.0,0.0,0.0,0.0,0.0,0.0,0.0,0.0,3.8,4.4,4.7,4.8,4.9,5.0,5.1,0.5,0.5,0.5,0.5
0956030449,02124547,07/03/2014,0.6,0.5,0.6,0.6,0.5,0.6,0.6,0.6,0.5,0.5,0.5,0.4,0.3,0.1,0.0,0.0,0.0,0.0,0.0,0.0,0.0,0.0,0.0,0.0,0.0,0.0,0.0,0.0,0.0,0.0,0.0,0.0,0.1,0.3,0.2,0.1,0.1,35.0,37.7,37.8,37.7,38.1,38.0,37.8,33.2,0.7,0.5,0.5
0956030449,02124547,07/02/2014,0.5,0.6,0.6,0.5,0.4,0.6,0.5,0.5,0.5,0.4,0.5,0.3,0.2,0.1,0.0,0.0,0.0,0.0,0.0,0.0,0.0,0.0,0.0,0.0,0.0,0.0,0.0,0.0,0.0,0.0,0.0,0.0,0.0,0.0,0.0,0.0,0.0,34.2,37.1,36.8,36.9,51.2,69.3,69.5,32.7,0.7,0.6,0.6
0956030449,02124547,07/01/2014,0.5,0.5,0.5,0.5,0.5,0.5,0.5,0.5,0.5,0.5,0.5,0.3,0.2,0.1,0.0,0.0,0.0,0.0,0.0,0.0,0.0,0.0,0.0,0.0,0.0,0.0,0.0,0.0,0.0,0.0,0.0,0.0,0.0,0.0,0.0,0.0,29.2,66.6,69.3,69.1,68.6,12.8,4.9,4.9,0.6,0.6,0.6,0.6
0956030449,02124547,06/30/2014,0.5,0.5,0.5,0.5,0.5,0.5,0.5,0.5,0.4,0.5,0.5,0.3,0.3,0.2,0.1,0.0,0.0,0.0,0.0,0.0,0.0,0.0,0.0,0.0,0.0,0.0,0.0,0.0,0.0,0.0,0.0,0.0,0.0,0.0,0.0,0.0,0.0,64.9,69.4,69.6,69.4,69.6,69.7,70.2,65.4,0.7,0.5,0.5
0956030449,02124547,06/29/2014,0.5,0.5,0.5,0.5,0.5,0.5,0.5,0.5,0.5,0.5,0.6,0.4,0.2,0.1,0.0,0.0,0.0,0.0,0.0,0.0,0.0,0.0,0.0,0.0,0.0,0.0,0.0,0.0,0.0,0.0,0.0,0.0,0.0,0.0,0.0,0.0,0.0,34.4,37.1,37.2,37.3,37.3,37.2,37.0,0.5,0.5,0.5,0.5
0956030449,02124547,06/28/2014,0.5,0.5,0.5,0.5,0.5,0.5,0.5,0.5,0.5,0.5,0.5,0.4,0.3,0.1,0.0,0.0,0.0,0.0,0.0,0.0,0.0,0.0,0.0,0.0,0.0,0.0,0.0,0.0,0.0,0.0,0.0,0.0,0.0,0.0,0.0,0.0,0.0,4.5,18.9,37.3,37.5,37.4,5.1,5.0,0.5,0.5,0.5,0.5
0956030449,02124547,06/27/2014,0.5,0.5,0.5,0.5,0.5,0.5,0.5,0.5,0.6,0.5,0.5,0.3,0.3,0.1,0.0,0.0,0.0,0.0,0.0,0.0,0.0,0.0,0.0,0.0,0.0,0.0,0.0,0.0,0.0,0.0,0.0,0.0,0.0,0.0,0.0,0.0,0.0,33.9,36.2,36.3,36.7,51.1,53.3,37.4,0.5,0.5,0.5,0.5
0956030449,02124547,06/26/2014,0.4,0.5,0.5,0.4,0.5,0.5,0.5,0.5,0.5,0.5,0.5,0.3,0.3,0.2,0.0,0.0,0.0,0.0,0.0,0.0,0.0,0.0,0.0,0.0,0.0,0.0,0.0,0.0,0.0,0.0,0.0,0.0,0.0,0.0,0.0,0.0,13.6,66.0,68.3,68.6,68.9,13.6,5.0,4.9,0.5,0.5,0.5,0.5
0956030449,02124547,06/25/2014,0.4,0.5,0.4,0.5,0.5,0.5,0.5,0.4,0.5,0.5,0.5,0.3,0.2,0.1,0.1,0.0,0.0,0.0,0.0,0.0,0.0,0.0,0.0,0.0,0.0,0.0,0.0,0.0,0.0,0.0,0.0,0.0,0.0,0.0,0.0,0.0,0.0,34.1,36.4,36.3,36.6,50.8,68.5,68.4,32.0,0.5,0.5,0.5
0956030449,02124547,06/24/2014,0.5,0.5,0.6,0.5,0.5,0.5,0.5,0.4,0.6,0.5,0.5,0.4,0.3,0.1,0.1,0.0,0.0,0.0,0.0,0.0,0.0,0.0,0.0,0.0,0.0,0.0,0.0,0.0,0.0,0.0,0.0,0.0,0.0,0.0,0.0,0.0,0.0,64.5,69.0,69.0,68.4,41.0,4.9,4.9,0.5,0.4,0.5,0.4
0956030449,02124547,06/23/2014,0.5,0.5,0.5,0.5,0.5,0.5,0.5,0.5,0.5,0.6,0.5,0.4,0.3,0.1,0.0,0.0,0.0,0.0,0.0,0.0,0.0,0.0,0.0,0.0,0.0,0.0,0.0,0.0,0.0,0.0,0.0,0.0,0.0,0.0,0.0,0.0,0.0,64.3,68.6,68.7,69.0,69.3,69.5,69.6,64.8,0.5,0.5,0.5
0956030449,02124547,06/22/2014,0.5,0.4,0.5,0.5,0.5,0.5,0.5,0.6,0.6,0.5,0.6,0.5,0.4,0.4,0.2,0.1,0.0,0.0,0.0,0.0,0.0,0.0,0.0,0.0,0.0,0.0,0.0,0.0,0.0,0.0,0.0,0.0,0.0,0.0,0.0,0.0,0.0,3.9,4.3,4.7,5.0,4.8,5.0,5.0,0.5,0.5,0.6,0.5
0956030449,02124547,06/21/2014,0.5,0.5,0.4,0.5,0.5,0.4,0.5,0.5,0.5,0.6,0.5,0.4,0.3,0.3,0.3,0.3,0.2,0.1,0.4,0.1,0.0,0.1,0.0,0.0,0.0,0.2,0.1,0.5,0.1,0.0,0.0,0.0,0.0,0.0,0.0,0.1,0.1,4.4,4.8,5.0,4.8,4.9,5.0,5.0,0.5,0.5,0.5,0.5
0956030449,02124547,06/20/2014,0.5,0.5,0.5,0.5,0.5,0.5,0.5,0.5,0.5,0.5,0.5,0.3,0.2,0.2,0.0,0.0,0.0,0.0,0.0,0.0,0.0,0.0,0.0,0.0,0.0,0.0,0.0,0.0,0.0,0.0,0.0,0.0,0.0,0.0,0.0,0.0,0.0,3.9,4.3,4.7,4.8,19.2,37.9,37.9,0.8,0.5,0.5,0.5
0956030449,02124547,06/19/2014,0.4,0.5,0.6,0.5,0.5,0.5,0.5,0.5,0.4,0.5,0.4,0.3,0.3,0.1,0.0,0.0,0.0,0.0,0.0,0.0,0.0,0.0,0.0,0.0,0.0,0.0,0.0,0.0,0.0,0.0,0.0,0.0,0.0,0.0,0.0,0.0,59.7,68.2,69.1,69.1,62.0,5.0,5.0,5.0,0.5,0.5,0.5,0.5
0956030449,02124547,06/18/2014,0.4,0.5,0.4,0.5,0.5,0.5,0.5,0.5,0.5,0.5,0.5,0.4,0.2,0.1,0.0,0.0,0.0,0.0,0.0,0.0,0.0,0.0,0.0,0.0,0.0,0.0,0.0,0.0,0.0,0.0,0.0,0.0,0.0,0.0,0.0,0.0,0.0,47.6,50.7,50.8,49.0,50.8,69.6,69.5,32.8,0.8,0.6,0.6
0956030449,02124547,06/17/2014,0.5,0.4,0.5,0.5,0.5,0.5,0.5,0.5,0.5,0.5,0.5,0.3,0.3,0.1,0.0,0.0,0.0,0.0,0.0,0.0,0.0,0.0,0.0,0.0,0.0,0.0,0.0,0.0,0.0,0.0,0.0,0.0,0.0,0.0,0.0,0.0,0.0,64.9,68.7,68.5,68.8,68.7,37.7,5.0,0.5,0.5,0.4,0.4
0956030449,02124547,06/16/2014,0.5,0.5,0.6,0.5,0.5,0.6,0.5,0.5,0.6,0.6,0.6,0.4,0.4,0.2,0.0,0.0,0.0,0.0,0.0,0.0,0.0,0.0,0.0,0.0,0.0,0.0,0.0,0.0,0.0,0.0,0.0,0.0,0.0,0.0,0.0,0.0,5.8,77.8,81.3,81.7,82.0,68.3,67.8,67.4,62.9,1.0,0.4,0.4
0956030449,02124547,06/15/2014,0.5,0.6,0.6,0.5,0.5,0.6,0.5,0.6,0.6,0.5,0.6,0.4,0.3,0.2,0.0,0.0,0.0,0.0,0.0,0.0,0.0,0.0,0.0,0.0,0.0,0.0,0.0,0.0,0.0,0.0,0.0,0.0,0.0,0.0,0.0,0.0,0.0,3.7,4.6,4.5,4.7,4.8,5.0,5.0,0.5,0.5,0.5,0.5
0956030449,02124547,06/14/2014,0.6,0.5,0.5,0.6,0.6,0.6,0.6,0.5,0.6,0.6,0.5,0.4,0.3,0.2,0.1,0.0,0.0,0.0,0.0,0.0,0.0,0.0,0.0,0.0,0.0,0.0,0.0,0.0,0.0,0.0,0.0,0.0,0.0,0.0,0.0,0.0,0.0,4.0,4.5,4.8,4.8,4.9,5.0,5.0,0.6,0.6,0.5,0.5
0956030449,02124547,06/13/2014,0.6,0.5,0.5,0.5,0.5,0.5,0.5,0.5,0.6,0.5,0.5,0.3,0.3,0.1,0.1,0.0,0.0,0.0,0.0,0.0,0.0,0.0,0.0,0.0,0.0,0.0,0.0,0.2,0.1,0.0,0.0,0.0,0.0,0.0,0.0,0.1,0.5,4.5,4.2,4.8,4.9,19.2,37.6,37.5,0.9,0.5,0.5,0.5
0956030449,02124547,06/12/2014,0.5,0.5,0.5,0.6,0.5,0.5,0.5,0.5,0.5,0.5,0.5,0.4,0.3,0.3,0.3,0.3,0.2,0.1,0.0,0.1,0.0,0.0,0.0,0.0,0.0,0.0,0.0,0.0,0.0,0.0,0.3,0.0,0.0,0.0,0.0,0.0,14.0,66.2,68.3,68.6,68.5,68.6,37.5,4.9,0.6,0.4,0.6,0.5
0956030449,02124547,06/11/2014,0.5,0.5,0.5,0.5,0.5,0.5,0.5,0.5,0.4,0.5,0.5,0.3,0.4,0.3,0.4,0.4,0.2,0.2,0.4,0.2,0.0,0.0,0.0,0.0,0.0,0.0,0.0,0.0,0.0,0.0,0.0,0.0,0.0,0.0,0.0,0.3,0.8,34.2,66.0,7.8,4.8,18.6,36.7,36.7,0.8,0.5,0.4,0.5
0956030449,02124547,06/10/2014,0.5,0.4,0.5,0.4,0.5,0.4,0.5,0.4,0.4,0.4,0.5,0.4,0.3,0.1,0.0,0.1,0.1,0.0,0.0,0.0,0.0,0.0,0.2,0.0,0.0,0.0,0.0,0.0,0.0,0.0,0.0,0.0,0.0,0.0,0.1,0.1,10.8,68.3,68.4,68.4,68.0,68.2,37.1,4.8,0.5,0.4,0.5,0.5
0956030449,02124547,06/09/2014,0.5,0.5,0.5,0.5,0.5,0.6,0.5,0.5,0.5,0.5,0.5,0.4,0.3,0.2,0.0,0.0,0.0,0.0,0.0,0.0,0.0,0.0,0.0,0.0,0.0,0.0,0.0,0.0,0.0,0.0,0.0,0.0,0.0,0.0,0.0,0.0,0.0,3.9,34.6,36.4,36.5,36.5,36.7,36.5,0.8,0.4,0.5,0.5
0956030449,02124547,06/08/2014,0.5,0.5,0.5,0.5,0.5,0.6,0.5,0.5,0.5,0.5,0.7,0.4,0.4,0.1,0.0,0.0,0.0,0.0,0.0,0.0,0.0,0.0,0.0,0.0,0.0,0.0,0.0,0.0,0.0,0.0,0.0,0.0,0.0,0.0,0.0,0.1,0.2,19.3,37.2,37.3,65.9,69.2,69.1,69.3,1.2,0.5,0.5,0.5
0956030449,02124547,06/07/2014,0.5,0.5,0.5,0.6,0.5,0.6,0.6,0.6,0.6,0.8,0.5,0.4,0.3,0.2,0.1,0.0,0.0,0.0,0.0,0.0,0.0,0.0,0.0,0.0,0.0,0.0,0.0,0.0,0.1,0.0,0.0,0.0,0.0,0.0,0.0,0.0,0.0,3.7,4.5,4.7,4.8,4.8,5.0,5.0,0.5,0.5,0.5,0.6
0956030449,02124547,06/06/2014,0.6,0.5,0.6,0.6,0.5,0.6,0.6,0.6,0.6,0.6,0.5,0.5,0.4,0.2,0.1,0.0,0.0,0.0,0.0,0.0,0.0,0.0,0.0,0.0,0.0,0.0,0.0,0.0,0.0,0.0,0.0,0.0,0.0,0.0,0.0,0.0,0.0,33.8,66.8,68.8,68.7,68.4,53.4,37.2,0.9,0.5,0.5,0.5
0956030449,02124547,06/05/2014,0.5,0.5,0.5,0.6,0.5,0.5,0.4,0.6,0.5,0.6,0.6,0.4,0.5,0.5,0.2,0.2,0.3,0.1,0.0,0.0,0.0,0.0,0.0,0.0,0.0,0.0,0.0,0.0,0.0,0.0,0.0,0.0,0.0,0.0,0.0,0.0,0.1,18.0,79.8,83.4,83.0,82.7,67.0,36.6,0.8,0.6,0.5,0.5
0956030449,02124547,06/04/2014,0.5,0.5,0.6,0.5,0.5,0.6,0.5,0.5,0.5,0.5,0.6,0.3,0.4,0.2,0.0,0.0,0.0,0.0,0.0,0.0,0.0,0.0,0.0,0.0,0.0,0.0,0.0,0.0,0.0,0.0,0.0,0.0,0.0,0.0,0.0,0.0,0.1,4.1,64.8,68.2,68.3,68.6,53.3,37.4,0.9,0.5,0.5,0.6
0956030449,02124547,06/03/2014,0.5,0.5,0.6,0.5,0.5,0.5,0.5,0.5,0.6,0.6,0.5,0.6,0.3,0.1,0.1,0.0,0.0,0.0,0.0,0.0,0.0,0.0,0.0,0.0,0.0,0.0,0.0,0.0,0.0,0.0,0.0,0.0,0.0,0.0,0.0,0.0,0.0,4.5,64.8,68.5,80.7,82.7,25.7,5.0,0.5,0.6,0.6,0.5
0956030449,02124547,06/02/2014,0.5,0.7,0.6,0.6,0.6,0.6,0.7,0.6,0.6,0.6,0.6,0.4,0.4,0.1,0.0,0.0,0.0,0.0,0.0,0.0,0.0,0.0,0.0,0.0,0.0,0.0,0.0,0.0,0.0,0.0,0.0,0.0,0.0,0.0,0.0,0.0,0.0,4.4,65.8,69.6,69.3,69.2,54.0,37.1,0.9,0.5,0.5,0.6
0956030449,02124547,06/01/2014,0.6,0.6,0.6,0.6,0.6,0.7,0.6,0.6,0.6,0.5,0.6,0.5,0.4,0.2,0.1,0.0,0.0,0.0,0.0,0.0,0.0,0.0,0.0,0.0,0.0,0.0,0.0,0.0,0.0,0.0,0.0,0.0,0.0,0.0,0.0,0.0,0.0,4.1,4.7,6.3,37.1,37.0,36.9,37.0,1.1,0.5,0.5,0.6
0956030449,02124547,05/31/2014,0.6,0.6,0.6,0.5,0.6,0.5,0.6,0.6,0.6,0.5,0.6,0.5,0.4,0.2,0.0,0.0,0.0,0.0,0.0,0.0,0.0,0.0,0.0,0.0,0.0,0.0,0.0,0.0,0.0,0.0,0.0,0.0,0.0,0.0,0.0,0.0,5.7,18.3,18.8,19.0,5.1,4.9,5.1,5.0,0.6,0.6,0.5,0.7
0956030449,02124547,05/30/2014,0.6,0.5,0.6,0.6,0.6,0.6,0.6,0.6,0.6,0.6,0.6,0.4,0.4,0.4,0.2,0.2,0.1,0.1,0.1,0.0,0.0,0.0,0.0,0.0,0.0,0.0,0.0,0.0,0.0,0.0,0.0,0.0,0.0,0.0,0.0,0.1,0.0,4.4,66.5,70.0,69.7,69.2,53.7,37.5,1.1,0.7,0.5,0.6
0956030449,02124547,05/29/2014,0.7,0.6,0.6,0.7,0.7,0.6,0.6,0.6,0.6,0.5,0.6,0.7,0.4,0.5,0.4,0.4,0.3,0.3,0.4,0.1,0.0,0.0,0.0,0.0,0.0,0.2,0.1,0.3,0.2,0.3,0.3,0.1,0.3,0.2,0.1,0.5,0.4,4.8,66.4,70.3,69.8,69.8,54.2,37.3,1.0,0.6,0.6,0.6
0956030449,02124547,05/28/2014,0.5,0.6,0.5,0.5,0.5,0.5,0.5,0.5,0.6,0.6,0.6,0.4,0.2,0.3,0.0,0.0,0.0,0.0,0.0,0.0,0.0,0.0,0.0,0.0,0.0,0.0,0.0,0.0,0.0,0.0,0.0,0.0,0.0,0.0,0.0,0.2,0.0,4.4,65.3,68.9,68.1,68.9,53.6,37.7,1.2,0.6,0.5,0.6
0956030449,02124547,05/27/2014,0.5,0.5,0.6,0.5,0.5,0.5,0.6,0.5,0.7,0.5,0.6,0.5,0.5,0.2,0.0,0.0,0.0,0.0,0.0,0.0,0.0,0.0,0.0,0.0,0.0,0.0,0.0,0.0,0.0,0.0,0.0,0.0,0.0,0.0,0.0,0.3,6.7,46.9,72.3,68.7,68.5,68.7,37.8,5.0,0.5,0.5,0.6,0.5
0956030449,02124547,05/26/2014,0.6,0.6,0.6,0.5,0.7,0.5,0.6,0.5,0.6,0.5,0.6,0.4,0.4,0.2,0.1,0.0,0.0,0.0,0.0,0.0,0.0,0.0,0.0,0.0,0.0,0.0,0.0,0.0,0.0,0.0,0.0,0.0,0.0,0.0,0.0,0.0,0.0,4.2,64.7,68.5,67.9,67.7,52.3,36.4,0.6,0.5,0.5,0.5
0956030449,02124547,05/25/2014,0.6,0.5,0.6,0.5,0.5,0.6,0.6,0.5,0.6,0.7,0.6,0.5,0.4,0.2,0.1,0.1,0.0,0.0,0.0,0.0,0.0,0.0,0.0,0.0,0.1,0.0,0.0,0.0,0.1,0.1,0.0,0.1,0.0,0.0,0.0,0.0,0.0,18.0,37.5,37.6,37.6,37.4,37.7,37.6,0.8,0.6,0.5,0.6
0956030449,02124547,05/24/2014,0.6,0.6,0.7,0.6,0.7,0.6,0.6,0.6,0.6,0.6,0.6,0.5,0.5,0.3,0.6,0.2,0.0,0.0,0.0,0.0,0.0,0.0,0.0,0.0,0.0,0.0,0.0,0.0,0.0,0.0,0.0,0.0,0.0,0.0,0.0,0.0,0.0,4.1,4.5,4.7,4.8,5.0,5.1,5.0,0.6,0.5,0.6,0.6
0956030449,02124547,05/23/2014,0.7,0.5,0.6,0.7,0.6,0.6,0.6,0.6,0.7,0.6,0.6,0.5,0.3,0.3,0.0,0.0,0.0,0.0,0.0,0.0,0.0,0.0,0.0,0.0,0.0,0.0,0.0,0.0,0.0,0.0,0.0,0.0,0.0,0.0,0.0,0.0,0.1,4.1,65.1,69.6,69.1,69.1,53.7,37.4,0.9,0.7,0.6,0.6
0956030449,02124547,05/22/2014,0.5,0.5,0.5,0.5,0.5,0.6,0.5,0.6,0.6,0.5,0.5,0.5,0.5,0.2,0.1,0.0,0.0,0.0,0.0,0.0,0.0,0.0,0.0,0.0,0.0,0.0,0.0,0.0,0.0,0.0,0.0,0.0,0.0,0.0,0.0,0.0,6.1,78.9,82.9,83.0,82.6,82.3,82.6,82.5,0.7,0.5,0.7,0.5
0956030449,02124547,05/21/2014,0.6,0.5,0.6,0.5,0.6,0.5,0.6,0.5,0.6,0.5,0.6,0.4,0.4,0.2,0.1,0.1,0.0,0.0,0.0,0.0,0.0,0.0,0.0,0.0,0.0,0.0,0.0,0.0,0.0,0.0,0.0,0.0,0.0,0.0,0.1,0.2,0.4,4.8,66.6,70.6,69.7,69.5,53.4,36.6,0.6,0.6,0.6,0.5
0956030449,02124547,05/20/2014,0.6,0.5,0.6,0.5,0.6,0.6,0.6,0.6,0.6,0.6,0.6,0.4,0.4,0.1,0.1,0.0,0.0,0.0,0.0,0.0,0.0,0.0,0.0,0.0,0.0,0.0,0.0,0.0,0.0,0.0,0.0,0.0,0.0,0.0,0.0,0.0,6.1,19.2,80.5,85.0,84.7,84.5,52.7,5.1,0.6,0.5,0.5,0.5
0956030449,02124547,05/19/2014,0.6,0.6,0.6,0.6,0.6,0.6,0.6,0.6,0.6,0.6,0.6,0.6,0.4,0.2,0.1,0.0,0.0,0.0,0.0,0.0,0.0,0.0,0.0,0.0,0.0,0.0,0.0,0.0,0.0,0.0,0.0,0.0,0.0,0.0,0.0,0.0,0.0,4.2,66.0,70.2,70.0,69.8,54.0,37.6,0.7,0.5,0.6,0.5
0956030449,02124547,05/18/2014,0.5,0.5,0.6,0.6,0.6,0.6,0.6,0.6,0.6,0.5,0.6,0.5,0.4,0.3,0.1,0.0,0.0,0.0,0.0,0.0,0.0,0.0,0.0,0.0,0.0,0.0,0.0,0.0,0.0,0.0,0.0,0.0,0.0,0.0,0.0,0.1,0.3,4.4,65.7,69.4,69.2,69.5,69.6,69.7,1.5,0.5,0.6,0.6
0956030449,02124547,05/17/2014,0.6,0.5,0.6,0.6,0.6,0.5,0.6,0.6,0.6,0.6,0.5,0.5,0.4,0.3,0.2,0.4,0.0,0.1,0.0,0.0,0.0,0.0,0.0,0.0,0.0,0.0,0.0,0.0,0.0,0.0,0.0,0.0,0.0,0.0,0.0,0.1,6.1,17.9,19.0,19.2,19.2,19.3,19.1,19.1,0.7,0.5,0.5,0.6
0956030449,02124547,05/16/2014,0.5,0.6,0.5,0.6,0.5,0.5,0.6,0.5,0.6,0.6,0.5,0.7,0.6,0.6,0.5,0.4,0.5,0.3,0.1,0.1,0.0,0.0,0.0,0.0,0.0,0.0,0.0,0.0,0.0,0.0,0.0,0.0,0.0,0.0,0.0,0.3,0.0,19.0,37.3,53.1,70.1,69.9,54.4,37.9,1.0,0.7,0.5,0.5
0956030449,02124547,05/15/2014,0.5,0.5,0.5,0.5,0.5,0.5,0.5,0.5,0.6,0.5,0.5,0.5,0.3,0.1,0.1,0.0,0.0,0.2,0.3,0.0,0.0,0.0,0.0,0.0,0.0,0.0,0.0,0.0,0.0,0.0,0.0,0.0,0.1,0.1,0.1,0.5,13.9,7.0,5.2,38.8,70.6,70.8,54.8,37.4,0.9,0.5,0.5,0.5
0956030449,02124547,05/14/2014,0.6,0.5,0.6,0.6,0.5,0.6,0.6,0.5,0.5,0.5,0.6,0.7,0.5,0.4,0.4,0.4,0.1,0.1,0.1,0.2,0.1,0.0,0.0,0.0,0.0,0.0,0.0,0.0,0.0,0.0,0.0,0.0,0.2,0.0,0.4,0.5,0.6,18.8,43.4,68.6,83.2,82.8,67.8,51.5,1.1,0.6,0.5,0.5
0956030449,02124547,05/13/2014,0.5,0.5,0.5,0.5,0.6,0.5,0.5,0.5,0.5,0.5,0.5,0.4,0.3,0.2,0.0,0.0,0.0,0.0,0.0,0.0,0.0,0.0,0.0,0.0,0.0,0.0,0.0,0.0,0.0,0.0,0.0,0.0,0.0,0.0,0.0,0.0,6.2,18.7,19.4,67.7,82.7,82.8,51.8,5.2,0.5,0.5,0.5,0.5
0956030449,02124547,05/12/2014,0.7,0.6,0.6,0.5,0.5,0.6,0.6,0.5,0.5,0.6,0.6,0.6,0.3,0.2,0.1,0.0,0.0,0.0,0.0,0.0,0.0,0.0,0.0,0.0,0.0,0.0,0.0,0.0,0.0,0.0,0.0,0.0,0.0,0.0,0.0,0.0,0.2,4.5,34.5,55.8,68.6,68.6,53.0,36.5,0.8,0.5,0.5,0.5
0956030449,02124547,05/11/2014,0.5,0.6,0.5,0.5,0.5,0.5,0.5,0.6,0.5,0.5,0.5,0.6,0.3,0.2,0.1,0.0,0.0,0.0,0.0,0.0,0.0,0.0,0.0,0.0,0.0,0.0,0.0,0.0,0.0,0.0,0.0,0.0,0.0,0.0,0.0,0.0,0.0,18.7,36.9,57.7,69.2,68.9,69.1,68.9,1.4,0.5,0.5,0.5
0956030449,02124547,05/10/2014,0.5,0.5,0.5,0.5,0.5,0.5,0.5,0.5,0.5,0.5,0.5,0.5,0.4,0.3,0.1,0.1,0.2,0.0,0.0,0.0,0.0,0.0,0.0,0.1,0.1,0.4,0.4,0.0,0.0,0.0,0.0,0.2,0.1,0.0,0.0,0.0,0.3,4.9,5.5,5.5,5.3,5.4,5.1,5.1,0.6,0.5,0.6,0.5
0956030449,02124547,05/09/2014,0.5,0.5,0.5,0.6,0.5,0.5,0.5,0.5,0.5,0.5,0.5,0.6,0.4,0.3,0.3,0.2,0.1,0.1,0.1,0.0,0.0,0.0,0.0,0.0,0.0,0.0,0.0,0.0,0.0,0.0,0.0,0.0,0.0,0.0,0.0,0.3,13.8,34.0,52.3,75.2,84.1,84.0,83.9,69.5,1.1,0.5,0.5,0.5
0956030449,02124547,05/08/2014,0.5,0.6,0.5,0.6,0.6,0.5,0.6,0.5,0.5,0.6,0.5,0.5,0.4,0.3,0.3,0.1,0.0,0.0,0.0,0.0,0.0,0.0,0.0,0.0,0.0,0.0,0.0,0.0,0.0,0.0,0.0,0.0,0.0,0.0,0.0,0.0,6.1,19.1,19.7,67.5,84.2,83.7,67.9,51.0,1.0,0.5,0.5,0.5
0956030449,02124547,05/07/2014,0.5,0.6,0.6,0.5,0.6,0.6,0.6,0.5,0.6,0.6,0.6,0.5,0.4,0.2,0.1,0.0,0.0,0.0,0.0,0.0,0.0,0.0,0.0,0.4,0.4,0.2,0.3,0.0,0.0,0.0,0.0,0.0,0.0,0.0,0.0,0.1,0.2,18.8,37.4,61.2,69.3,69.5,69.9,69.7,1.3,0.6,0.5,0.6
0956030449,02124547,05/06/2014,0.5,0.6,0.6,0.6,0.6,0.6,0.6,0.6,0.5,0.6,0.6,0.5,0.4,0.5,0.3,0.1,0.0,0.0,0.0,0.0,0.0,0.0,0.0,0.0,0.0,0.0,0.0,0.0,0.0,0.0,0.0,0.0,0.0,0.0,0.0,0.0,12.6,32.0,50.3,74.8,82.1,81.9,50.8,5.1,0.5,0.6,0.5,0.6
0956030449,02124547,05/05/2014,0.6,0.6,0.6,0.6,0.7,0.6,0.6,0.6,0.6,0.6,0.6,0.6,0.5,0.4,0.2,0.0,0.0,0.0,0.0,0.0,0.0,0.0,0.0,0.0,0.0,0.0,0.0,0.0,0.0,0.0,0.0,0.0,0.0,0.0,0.2,0.2,13.8,18.9,48.8,75.7,81.8,81.7,66.6,36.6,31.8,0.8,0.6,0.6
0956030449,02124547,05/04/2014,0.5,0.6,0.5,0.6,0.6,0.5,0.6,0.5,0.6,0.5,0.6,0.6,0.4,0.3,0.1,0.1,0.0,0.0,0.0,0.0,0.0,0.0,0.0,0.0,0.0,0.0,0.0,0.0,0.1,0.0,0.0,0.0,0.0,0.0,0.0,0.0,0.0,4.4,4.5,31.1,36.5,36.6,36.3,36.3,0.8,0.5,0.6,0.6
0956030449,02124547,05/03/2014,0.5,0.5,0.6,0.5,0.5,0.5,0.6,0.6,0.5,0.6,0.6,0.6,0.5,0.3,0.3,0.1,0.1,0.1,0.0,0.0,0.0,0.0,0.0,0.0,0.0,0.0,0.0,0.0,0.0,0.0,0.0,0.0,0.0,0.0,0.1,0.1,1.2,18.9,19.4,19.2,5.0,5.0,5.0,5.0,0.6,0.5,0.5,0.5
0956030449,02124547,05/02/2014,0.5,0.6,0.6,0.5,0.6,0.5,0.6,0.5,0.6,0.6,0.6,0.6,0.4,0.3,0.4,0.0,0.0,0.0,0.0,0.0,0.0,0.0,0.0,0.0,0.0,0.0,0.0,0.0,0.0,0.0,0.0,0.0,0.0,0.0,0.0,0.1,6.3,32.9,51.0,80.6,82.6,82.5,67.4,37.4,0.8,0.5,0.5,0.5
0956030449,02124547,05/01/2014,0.5,0.5,0.5,0.5,0.6,0.6,0.6,0.5,0.5,0.5,0.5,0.6,0.4,0.3,0.3,0.1,0.1,0.1,0.0,0.0,0.0,0.0,0.0,0.0,0.0,0.0,0.0,0.0,0.0,0.0,0.0,0.0,0.0,0.0,0.0,0.1,0.1,4.8,5.2,65.9,69.0,69.5,69.0,68.6,1.2,0.5,0.6,0.6
0956030449,02124547,04/30/2014,0.7,0.7,0.6,0.7,0.6,0.7,0.6,0.6,0.6,0.6,0.7,0.6,0.6,0.5,0.4,0.6,0.9,0.6,0.5,0.4,0.3,0.2,0.3,0.4,0.5,0.1,0.0,0.1,0.3,0.6,0.3,0.1,0.2,0.3,0.4,0.3,0.4,18.5,37.0,67.8,68.9,69.0,53.4,37.2,0.5,0.5,0.6,0.5
0956030449,02124547,04/29/2014,0.5,0.6,0.6,0.6,0.6,0.6,0.6,0.6,0.7,0.6,0.7,0.6,0.6,0.5,0.7,0.7,0.3,0.5,0.3,0.7,0.4,0.5,0.2,0.1,0.2,0.2,0.1,0.2,0.3,0.5,0.5,1.0,0.8,0.8,0.7,0.7,0.8,18.7,37.6,68.9,69.4,69.4,37.6,5.2,0.7,0.6,0.6,0.7
0956030449,02124547,04/28/2014,0.5,0.6,0.6,0.5,0.6,0.6,0.5,0.6,0.6,0.6,0.6,0.6,0.5,0.4,0.1,0.1,0.0,0.0,0.0,0.0,0.0,0.0,0.0,0.0,0.0,0.0,0.0,0.0,0.0,0.0,0.1,0.3,0.6,0.4,0.3,0.7,0.5,64.9,69.2,69.1,69.2,69.4,53.4,37.0,0.6,0.6,0.5,0.7
0956030449,02124547,04/27/2014,0.6,0.6,0.6,0.6,0.6,0.6,0.6,0.6,0.6,0.6,0.6,0.6,0.5,0.4,0.4,0.4,0.0,0.0,0.0,0.0,0.0,0.0,0.0,0.0,0.0,0.0,0.0,0.0,0.0,0.0,0.0,0.0,0.0,0.0,0.0,0.0,0.1,4.8,7.4,40.1,69.3,69.7,69.8,70.1,0.8,0.6,0.6,0.6
0956030449,02124547,04/26/2014,0.6,0.6,0.6,0.6,0.6,0.6,0.8,0.7,0.7,0.6,0.6,0.6,0.6,0.4,0.2,0.0,0.0,0.0,0.0,0.0,0.0,0.0,0.0,0.0,0.0,0.0,0.0,0.0,0.0,0.0,0.0,0.0,0.0,0.1,0.1,0.5,0.5,19.0,36.8,36.8,37.2,37.1,5.3,5.1,0.7,0.6,0.5,0.5
0956030449,02124547,04/25/2014,0.6,0.6,0.7,0.6,0.6,0.6,0.6,0.6,0.6,0.6,0.6,0.6,0.5,0.4,0.2,0.4,0.0,0.0,0.0,0.0,0.0,0.0,0.0,0.0,0.0,0.0,0.0,0.0,0.0,0.0,0.0,0.0,0.0,0.7,0.8,0.4,7.7,18.9,37.4,68.0,69.8,70.1,54.1,37.8,0.7,0.5,0.6,0.6
0956030449,02124547,04/24/2014,0.7,0.7,0.8,0.8,0.7,0.7,0.7,0.7,0.7,0.7,0.8,0.8,0.6,0.6,0.4,0.3,0.0,0.0,0.0,0.0,0.0,0.0,0.0,0.0,0.0,0.0,0.0,0.0,0.0,0.0,0.0,0.0,0.0,0.0,0.0,0.0,0.1,17.8,31.2,84.5,84.2,84.0,68.4,37.4,0.7,0.5,0.6,0.6
0956030449,02124547,04/23/2014,0.6,0.6,0.7,0.6,0.6,0.6,0.8,0.8,0.8,0.9,0.6,0.7,0.6,0.5,0.3,0.1,0.0,0.0,0.0,0.0,0.0,0.0,0.0,0.0,0.0,0.0,0.0,0.0,0.0,0.0,0.0,0.0,0.0,0.0,0.0,0.4,13.9,34.0,59.4,84.5,83.5,83.8,68.0,52.0,1.0,0.7,0.7,0.8
0956030449,02124547,04/22/2014,0.5,0.6,0.6,0.6,0.6,0.6,0.6,0.6,0.6,0.6,0.6,0.5,0.5,0.4,0.3,0.2,0.0,0.0,0.0,0.0,0.0,0.0,0.0,0.0,0.0,0.0,0.0,0.1,0.0,0.0,0.0,0.0,0.0,0.1,0.1,0.2,0.9,19.1,45.2,73.2,83.2,83.3,51.6,5.1,0.6,0.5,0.6,0.6
0956030449,02124547,04/21/2014,0.6,0.6,0.6,0.6,0.6,0.6,0.6,0.7,0.6,0.7,0.6,0.7,0.6,0.5,0.4,0.1,0.0,0.0,0.0,0.0,0.0,0.0,0.0,0.0,0.0,0.0,0.0,0.0,0.0,0.0,0.0,0.0,0.0,0.0,0.0,0.0,0.1,4.6,43.9,76.7,83.3,83.1,67.4,37.1,32.6,0.6,0.6,0.5
0956030449,02124547,04/20/2014,0.5,0.5,0.6,0.6,0.6,0.6,0.6,0.6,0.6,0.6,0.6,0.6,0.6,0.4,0.3,0.1,0.0,0.0,0.0,0.0,0.0,0.0,0.0,0.0,0.0,0.0,0.0,0.0,0.0,0.0,0.0,0.0,0.0,0.0,0.0,0.0,0.0,4.1,14.1,36.0,36.7,37.0,36.6,36.3,0.7,0.6,0.6,0.6
0956030449,02124547,04/19/2014,0.6,0.6,0.6,0.6,0.6,0.6,0.6,0.6,0.6,0.6,0.6,0.6,0.6,0.4,0.2,0.4,0.0,0.0,0.0,0.0,0.0,0.0,0.0,0.0,0.0,0.0,0.0,0.0,0.0,0.0,0.0,0.0,0.0,0.0,0.0,0.0,0.0,4.4,4.6,4.8,4.9,5.0,4.9,4.9,0.6,0.5,0.6,0.6
0956030449,02124547,04/18/2014,0.6,0.7,0.7,0.7,0.7,0.7,0.6,0.7,0.7,0.6,0.6,0.7,0.6,0.4,0.6,0.2,0.0,0.0,0.0,0.0,0.0,0.0,0.0,0.0,0.0,0.0,0.0,0.0,0.0,0.0,0.0,0.0,0.0,0.0,0.0,0.0,0.1,18.5,49.0,69.2,69.2,69.4,53.6,37.7,0.7,0.6,0.6,0.6
0956030449,02124547,04/17/2014,0.7,0.6,0.7,0.6,0.7,0.7,0.7,0.7,0.7,0.6,0.7,0.7,0.6,0.5,0.6,0.1,0.0,0.0,0.0,0.0,0.0,0.0,0.0,0.0,0.0,0.0,0.0,0.0,0.0,0.0,0.0,0.0,0.0,0.0,0.0,0.0,0.1,4.5,31.2,69.7,69.7,69.9,54.0,37.6,0.8,0.7,0.7,0.6
0956030449,02124547,04/16/2014,1.1,1.2,1.1,1.2,1.2,1.1,1.1,1.1,1.0,1.0,1.0,1.0,0.9,0.6,0.8,0.3,0.0,0.0,0.0,0.0,0.0,0.0,0.0,0.0,0.0,0.0,0.0,0.0,0.0,0.0,0.0,0.0,0.0,0.0,0.0,0.0,0.0,18.4,51.6,70.3,70.5,70.2,53.9,37.8,0.8,0.7,0.6,0.6
0956030449,02124547,04/15/2014,0.6,0.4,0.6,0.5,0.5,0.5,0.5,0.4,0.5,0.5,0.5,0.4,0.5,0.4,0.7,0.6,0.3,0.4,0.3,0.3,0.0,0.1,0.0,0.0,0.0,0.0,0.0,0.4,0.6,0.7,0.6,0.3,0.3,0.4,0.5,0.6,0.8,19.5,53.8,71.5,71.7,71.4,38.7,5.4,0.7,0.9,0.9,1.0
0956030449,02124547,04/14/2014,0.5,0.5,0.5,0.6,0.4,0.5,0.6,0.5,0.5,0.5,0.5,0.5,0.5,0.4,0.1,0.2,0.1,0.0,0.0,0.0,0.0,0.0,0.0,0.0,0.0,0.0,0.0,0.0,0.0,0.0,0.0,0.1,0.0,0.0,0.1,0.2,0.4,4.9,52.2,70.1,70.6,70.3,54.0,36.5,31.6,0.5,0.5,0.6
0956030449,02124547,04/13/2014,0.5,0.5,0.5,0.5,0.5,0.5,0.6,0.5,0.6,0.6,0.5,0.6,0.5,0.3,0.2,0.1,0.0,0.0,0.0,0.0,0.0,0.0,0.0,0.0,0.0,0.0,0.0,0.0,0.0,0.0,0.0,0.0,0.0,0.0,0.0,0.1,0.1,4.6,21.4,36.2,36.0,36.1,36.3,36.4,0.7,0.5,0.5,0.5
0956030449,02124547,04/12/2014,0.6,0.5,0.5,0.5,0.5,0.5,0.5,0.6,0.5,0.6,0.6,0.5,0.5,0.4,0.2,0.1,0.0,0.0,0.0,0.0,0.0,0.0,0.0,0.0,0.0,0.0,0.0,0.0,0.0,0.0,0.0,0.0,0.0,0.0,0.0,0.0,0.0,4.2,4.6,4.7,4.8,4.8,4.9,4.9,0.5,0.5,0.5,0.5
0956030449,02124547,04/11/2014,0.6,0.6,0.5,0.6,0.5,0.6,0.6,0.5,0.6,0.5,0.5,0.5,0.5,0.4,0.3,0.6,0.2,0.0,0.0,0.0,0.0,0.0,0.0,0.0,0.0,0.0,0.0,0.0,0.0,0.0,0.0,0.0,0.0,0.0,0.0,0.4,0.6,18.3,60.8,81.1,81.6,81.6,65.8,36.6,0.7,0.4,0.5,0.5
0956030449,02124547,04/10/2014,0.6,0.6,0.6,0.6,0.6,0.6,0.6,0.6,0.6,0.6,0.6,0.6,0.6,0.5,0.8,0.3,0.1,0.0,0.0,0.0,0.0,0.0,0.0,0.0,0.0,0.0,0.0,0.0,0.0,0.0,0.0,0.0,0.0,0.0,0.0,0.0,6.0,19.1,60.2,82.4,82.3,82.7,82.2,68.4,1.0,0.5,0.6,0.5
0956030449,02124547,04/09/2014,0.6,0.6,0.6,0.6,0.6,0.6,0.6,0.6,0.6,0.6,0.6,0.6,0.6,0.5,0.4,0.1,0.0,0.0,0.0,0.0,0.0,0.0,0.0,0.0,0.0,0.0,0.0,0.0,0.0,0.0,0.0,0.1,0.1,0.3,0.1,0.4,6.2,32.7,72.7,82.1,83.2,83.3,67.5,51.6,1.2,0.6,0.5,0.6
0956030449,02124547,04/08/2014,0.6,0.5,0.6,0.6,0.6,0.6,0.6,0.6,0.6,0.6,0.6,0.6,0.6,0.5,0.5,0.3,0.3,0.1,0.0,0.0,0.0,0.0,0.0,0.0,0.0,0.0,0.0,0.0,0.0,0.0,0.0,0.0,0.0,0.0,0.0,0.1,0.2,18.5,60.0,68.8,68.7,69.0,37.8,5.1,0.6,0.6,0.6,0.6
0956030449,02124547,04/07/2014,0.6,0.6,0.6,0.6,0.7,0.6,0.7,0.6,0.6,0.7,0.6,0.7,0.6,0.6,0.6,0.5,0.4,0.5,0.5,1.0,0.4,0.3,0.2,0.2,0.2,0.1,0.1,0.0,0.0,0.3,0.3,0.2,0.4,0.5,0.6,0.6,0.4,5.0,57.7,69.0,41.8,5.2,5.1,5.2,0.6,0.6,0.6,0.6
0956030449,02124547,04/06/2014,0.7,0.6,0.7,0.7,0.6,0.6,0.6,0.6,0.6,0.7,0.7,0.7,0.7,0.5,0.4,0.6,0.2,0.0,0.0,0.0,0.0,0.0,0.0,0.0,0.0,0.0,0.0,0.0,0.0,0.0,0.0,0.0,0.0,0.0,0.0,0.0,0.3,5.4,52.8,69.1,69.2,69.1,69.4,69.7,1.3,0.6,0.6,0.7
0956030449,02124547,04/05/2014,0.6,0.6,0.6,0.6,0.6,0.6,0.6,0.6,0.6,0.6,0.6,0.6,0.6,0.5,0.5,0.3,0.4,0.0,0.0,0.0,0.0,0.0,0.0,0.0,0.0,0.0,0.0,0.0,0.0,0.0,0.0,0.0,0.0,0.1,0.2,0.3,0.1,5.0,16.0,69.1,69.1,69.2,69.4,69.3,0.8,0.7,0.7,0.7
0956030449,02124547,04/04/2014,5.3,4.7,5.7,5.3,5.3,5.2,5.3,5.3,5.9,5.8,5.0,6.2,5.4,5.0,5.8,5.6,5.1,5.4,4.4,4.7,4.9,4.3,4.5,4.2,3.1,3.4,3.6,3.4,2.5,0.0,0.0,0.2,0.1,0.0,0.3,0.6,73.6,83.8,83.7,83.4,83.5,59.8,19.8,5.4,0.6,0.6,0.6,0.6
0956030449,02124547,04/03/2014,4.5,5.0,4.3,4.8,5.4,4.7,4.7,4.5,4.6,4.3,6.1,6.1,4.8,5.0,4.4,4.2,4.1,4.1,3.7,4.6,4.3,4.3,4.7,3.9,4.6,4.5,4.9,3.2,3.5,3.5,5.1,5.5,5.3,5.2,5.2,5.7,11.8,24.9,77.9,86.6,87.1,87.4,71.6,41.7,5.8,4.6,4.9,5.4
0956030449,02124547,04/02/2014,4.5,4.7,5.3,4.9,5.4,5.1,5.1,5.1,5.5,5.4,5.1,6.2,4.7,5.7,5.3,4.8,4.1,4.1,3.9,4.3,4.2,5.1,4.6,3.6,3.6,2.0,0.8,1.2,1.1,1.4,2.6,3.3,1.9,2.2,2.2,2.9,3.7,48.0,85.7,85.8,87.1,86.8,56.1,9.4,5.1,4.7,5.6,4.9
0956030449,02124547,04/01/2014,4.9,5.6,5.3,4.8,5.2,6.1,4.5,5.0,5.6,4.9,5.3,6.1,4.9,6.1,5.0,4.4,4.1,3.0,2.6,2.2,1.6,1.6,1.4,2.5,1.7,0.7,1.3,1.5,1.3,1.1,0.7,1.3,0.8,1.5,2.0,2.5,3.0,21.5,68.8,72.1,72.9,72.5,42.0,8.9,4.7,4.2,4.5,4.5
0956030449,02124547,03/31/2014,7.8,7.6,7.4,7.6,7.4,7.4,7.6,7.7,7.7,7.6,7.7,7.7,7.8,7.8,7.8,7.5,6.7,6.2,5.6,4.8,3.8,3.5,3.3,3.0,3.0,2.8,2.6,2.8,2.2,2.5,3.4,3.1,1.9,2.4,2.5,2.7,3.8,8.8,68.4,72.7,73.2,72.5,56.9,40.7,5.2,4.9,5.0,4.5
0956030449,02124547,03/30/2014,4.6,5.5,4.6,5.6,6.1,7.0,5.4,7.2,7.4,7.2,7.4,7.2,7.5,7.4,7.3,7.0,7.6,7.6,7.6,7.7,7.3,7.3,7.3,7.3,7.3,7.1,7.4,7.5,7.1,7.2,7.2,7.5,7.1,7.5,7.4,7.5,7.6,12.1,42.5,43.8,43.9,43.7,44.0,43.6,7.8,7.7,7.6,7.5
0956030449,02124547,03/29/2014,4.3,4.4,5.1,4.8,4.9,6.0,6.0,4.7,4.7,6.3,5.9,4.8,5.7,4.3,5.7,5.5,4.5,5.5,5.7,4.8,4.2,4.6,3.9,4.4,4.6,4.9,4.5,4.1,5.0,4.5,4.8,5.8,4.5,5.8,6.1,4.7,6.0,9.5,10.5,10.0,10.0,9.7,9.5,9.0,5.9,6.2,6.1,5.5
0956030449,02124547,03/28/2014,7.3,6.2,8.1,7.3,7.3,7.5,5.7,7.8,7.4,6.9,7.6,7.6,6.4,6.7,7.1,7.0,5.9,6.9,7.2,6.3,6.2,5.9,5.7,6.7,4.2,4.5,6.3,3.5,3.6,3.6,5.4,2.7,5.0,5.3,5.7,4.5,4.9,10.8,73.6,73.2,73.3,72.7,25.5,9.6,4.2,4.9,4.3,4.6
0956030449,02124547,03/27/2014,8.1,7.4,8.3,7.8,7.6,8.4,7.5,8.4,7.8,8.4,7.7,8.5,8.0,8.0,8.4,7.4,6.9,6.8,7.2,5.7,5.3,4.9,4.8,3.8,4.0,4.5,4.3,4.9,5.2,6.0,5.2,4.8,5.8,6.0,4.7,6.8,7.6,15.2,74.7,74.4,74.7,74.6,43.2,11.4,6.9,7.0,6.6,6.7
0956030449,02124547,03/26/2014,5.1,6.0,5.8,5.3,5.9,6.2,5.4,5.9,5.8,5.8,5.2,6.0,6.1,5.7,6.4,5.7,5.6,6.0,5.7,5.3,5.6,6.4,5.4,6.0,5.1,5.9,5.1,5.4,4.9,4.2,4.6,5.9,5.7,5.8,6.9,6.5,8.0,18.5,76.8,77.3,77.2,77.3,29.4,12.7,7.6,7.5,7.5,7.9
0956030449,02124547,03/25/2014,7.2,6.3,6.4,7.8,7.3,6.9,6.6,7.9,7.1,7.6,6.5,7.1,6.6,6.8,6.3,6.8,7.3,7.1,7.8,7.2,7.1,7.2,6.4,6.1,7.0,7.1,6.7,6.7,5.8,7.4,5.9,7.3,8.2,6.2,6.6,5.7,34.8,47.1,74.4,74.7,75.1,74.8,43.2,10.7,5.7,5.6,5.8,5.7
0956030449,02124547,03/24/2014,8.0,6.2,7.9,6.7,7.0,7.9,8.0,8.1,7.8,8.0,8.0,7.9,7.9,7.8,7.6,5.9,6.6,4.6,5.5,3.9,3.0,2.7,2.4,2.1,2.1,1.6,1.7,1.8,23.2,34.4,14.2,3.5,3.1,4.2,6.0,5.1,5.1,20.9,76.2,77.0,78.0,77.0,61.5,44.6,8.1,7.1,7.2,7.3
0956030449,02124547,03/23/2014,4.1,3.3,4.4,3.6,3.4,4.9,3.8,4.8,4.5,4.9,5.2,5.5,5.3,5.2,4.0,5.5,4.4,4.0,4.4,5.5,4.8,4.7,6.8,3.4,4.3,5.6,4.9,2.7,4.4,4.0,4.7,4.6,5.2,5.2,5.0,5.2,5.3,12.3,19.5,74.3,74.2,73.8,74.7,74.0,6.5,7.8,7.1,6.6
0956030449,02124547,03/22/2014,4.3,6.0,5.5,4.2,4.9,5.6,4.7,5.7,5.5,4.2,5.3,4.7,5.8,6.6,5.6,4.1,4.8,6.3,5.4,6.2,6.2,5.4,2.7,3.6,3.3,1.6,2.5,1.4,1.1,0.5,1.4,0.5,1.4,1.3,1.1,0.9,0.7,6.2,6.4,7.1,7.5,7.2,7.3,7.5,3.2,3.8,2.9,3.5
0956030449,02124547,03/21/2014,3.8,5.6,5.0,4.9,4.4,5.4,5.5,5.2,3.6,5.2,5.7,4.2,5.0,5.2,3.8,5.1,4.7,4.3,4.4,4.3,4.0,3.4,2.4,2.6,2.2,1.9,3.1,0.7,0.7,0.6,0.7,1.2,3.2,1.5,3.1,4.0,4.5,26.4,71.3,71.7,72.8,71.8,25.5,9.4,3.6,5.0,3.7,5.5
0956030449,02124547,03/20/2014,6.2,6.1,6.2,5.3,6.0,6.5,6.7,6.6,6.2,6.2,6.0,6.1,6.1,6.1,5.2,5.9,5.8,4.2,2.4,4.7,2.8,2.2,2.1,1.8,1.5,1.2,1.2,1.3,1.3,1.5,2.1,2.3,2.5,3.1,4.1,4.3,3.9,27.8,73.9,74.1,74.0,73.7,41.7,9.8,4.7,4.2,3.8,5.0
0956030449,02124547,03/19/2014,7.8,6.5,7.1,6.9,7.2,6.6,6.5,6.6,7.0,5.7,6.9,6.9,6.4,6.8,6.8,5.0,6.6,7.1,7.8,6.3,5.8,5.3,5.4,5.5,4.2,5.2,5.4,3.7,4.7,3.8,5.8,7.8,4.9,5.0,5.5,5.0,6.4,32.0,74.3,75.5,75.6,77.8,28.1,10.8,6.6,6.3,5.7,5.4
0956030449,02124547,03/18/2014,7.3,7.5,7.4,7.9,7.0,7.8,7.5,7.9,7.0,7.3,7.5,7.4,7.3,7.5,7.4,7.2,6.9,7.1,6.6,6.5,5.8,6.0,6.6,3.8,5.0,4.0,4.8,3.4,2.5,3.3,4.2,3.3,4.0,5.9,5.5,6.2,4.4,11.2,11.3,10.4,9.6,12.0,11.7,11.2,6.4,7.0,6.6,6.8
0956030449,02124547,03/17/2014,7.2,7.3,7.6,7.3,7.8,8.0,7.1,8.1,7.2,8.2,7.3,8.4,7.4,7.9,7.8,8.1,7.7,8.1,7.7,7.2,7.5,7.3,7.1,6.8,7.6,7.5,5.4,6.6,6.3,7.4,6.8,6.9,6.7,6.9,6.6,7.2,6.7,25.0,43.8,45.4,44.4,44.6,28.5,12.3,7.5,7.1,7.8,7.6
0956030449,02124547,03/16/2014,4.6,3.2,5.0,4.9,4.0,5.1,4.2,4.4,4.9,4.0,5.2,5.5,5.3,6.0,5.3,6.1,4.3,8.0,6.0,6.7,4.5,5.9,5.8,4.2,3.3,6.7,5.0,7.0,6.0,7.4,7.8,5.5,7.9,6.7,7.8,7.1,8.3,31.9,77.6,76.7,12.2,12.6,12.4,11.7,7.4,7.2,7.2,7.1
0956030449,02124547,03/15/2014,6.8,5.8,5.5,5.4,6.5,5.1,5.4,6.6,4.9,5.2,5.8,7.0,5.6,5.0,6.5,6.2,6.7,7.4,6.6,6.3,6.1,5.5,5.2,3.1,1.2,1.7,2.6,1.6,2.7,1.3,2.7,2.1,2.7,2.4,4.7,4.6,4.1,7.9,7.4,7.5,7.7,8.3,7.4,8.3,3.3,3.0,4.7,3.1
0956030449,02124547,03/14/2014,8.1,8.0,7.7,8.3,8.1,8.2,7.8,6.7,8.1,6.9,7.6,7.0,7.9,6.5,7.8,6.7,7.6,7.5,7.4,7.2,6.8,6.0,4.4,4.0,2.7,2.7,2.5,2.7,2.6,3.1,3.8,6.4,5.2,5.6,4.6,5.8,6.0,39.8,74.1,75.8,73.1,75.6,26.3,10.2,6.4,6.3,7.0,5.7
0956030449,02124547,03/13/2014,8.0,8.0,7.9,8.0,8.1,8.1,7.9,8.0,8.2,8.1,7.9,8.1,8.4,8.5,8.5,8.3,8.0,7.3,6.7,6.3,5.4,5.0,4.5,4.1,3.6,3.7,4.0,3.7,3.8,3.9,4.9,5.7,5.9,5.6,7.1,6.9,6.2,47.9,77.2,78.4,78.0,74.9,44.8,12.4,6.5,7.7,7.3,7.3
0956030449,02124547,03/12/2014,3.6,4.9,3.5,4.8,3.7,4.8,3.8,5.1,4.0,5.2,4.4,3.9,3.8,5.3,4.2,4.5,3.9,4.0,2.6,2.1,2.7,4.6,2.3,1.7,2.8,1.9,2.5,1.8,2.8,2.9,2.3,2.8,3.5,2.3,3.8,2.7,3.0,45.7,73.1,74.5,75.3,75.5,12.3,12.1,6.1,8.0,8.0,7.8
0956030449,02124547,03/11/2014,5.0,4.9,3.6,5.8,5.6,5.0,3.6,5.0,5.4,5.7,4.2,4.9,3.8,5.1,4.8,4.5,3.1,5.2,4.4,4.0,3.5,2.9,2.4,2.3,2.4,1.8,1.9,1.8,1.8,1.9,1.4,1.5,1.1,1.7,0.8,1.2,1.6,44.5,70.9,70.8,71.2,72.0,23.4,8.6,3.8,3.2,4.0,3.5
0956030449,02124547,03/10/2014,5.2,5.4,5.1,5.1,5.5,6.1,5.4,6.2,5.5,5.9,5.6,5.4,5.6,5.3,6.2,5.5,6.1,4.5,4.5,5.5,5.1,5.3,5.4,5.4,4.5,3.3,3.5,3.0,2.0,2.4,1.2,1.3,2.4,2.3,3.5,1.8,2.6,47.2,72.6,71.7,70.7,71.1,57.9,40.1,4.2,4.2,4.6,4.0
0956030449,02124547,03/09/2014,4.5,4.0,3.8,4.2,-,-,4.0,4.9,4.0,4.9,5.2,5.4,5.2,6.5,7.0,8.0,8.1,7.6,7.4,7.0,6.1,5.4,5.1,5.1,3.6,4.5,4.2,4.4,3.2,3.8,3.9,5.1,4.2,9.3,11.2,9.7,7.0,8.2,8.6,9.5,9.8,8.7,10.0,8.9,5.4,5.4,6.0,5.7
0956030449,02124547,03/08/2014,7.1,6.2,7.0,7.2,7.0,7.1,7.5,7.4,7.8,7.4,6.5,7.8,7.7,7.0,5.7,7.5,7.6,7.2,6.2,5.7,4.8,4.6,3.8,5.3,2.5,1.4,1.8,1.9,1.5,3.1,1.7,2.1,3.2,6.6,8.3,54.3,72.7,73.2,72.1,71.8,9.2,8.9,8.1,9.6,3.8,5.1,4.4,3.7
0956030449,02124547,03/07/2014,7.1,7.8,7.3,8.0,6.9,7.6,7.9,7.4,7.2,7.9,7.8,7.1,7.4,7.4,7.5,7.4,7.0,6.5,6.2,6.0,7.1,5.2,4.7,4.4,4.6,4.6,4.3,4.7,4.9,5.1,4.1,4.7,6.1,11.0,10.1,58.2,76.3,76.2,74.4,74.6,76.8,74.7,11.8,10.9,7.4,6.3,7.1,6.3
0956030449,02124547,03/06/2014,7.6,7.2,7.1,7.1,7.5,7.2,7.5,8.1,7.4,7.9,8.1,8.5,7.5,8.0,7.6,7.1,7.3,6.6,6.1,4.4,6.1,5.8,3.7,3.6,3.2,3.1,4.4,4.0,3.9,4.2,4.5,4.9,5.7,11.7,11.3,62.9,78.0,77.6,78.5,78.1,78.4,77.9,29.4,12.3,8.7,7.4,8.4,7.9
0956030449,02124547,03/05/2014,7.8,7.9,7.9,8.0,8.1,8.0,7.6,8.0,8.2,8.3,7.8,8.1,8.1,7.6,7.4,7.0,5.4,4.9,4.4,3.2,2.8,2.6,2.2,2.5,2.5,2.0,2.3,2.2,2.1,2.2,2.1,2.7,3.0,7.3,8.4,20.0,11.1,11.2,11.9,10.5,12.2,11.8,11.6,12.3,7.2,6.9,6.8,6.9
0956030449,02124547,03/04/2014,8.7,8.7,8.5,8.4,8.1,8.1,8.9,8.4,8.4,8.4,8.3,8.4,8.5,8.6,8.7,7.7,7.6,8.2,8.2,8.1,7.5,7.0,6.3,5.0,5.4,5.1,3.3,4.9,3.5,4.9,4.6,6.4,5.6,10.7,11.4,65.4,76.4,76.2,75.5,75.6,75.5,75.4,27.9,12.5,7.8,7.8,7.9,7.7
0956030449,02124547,03/03/2014,6.6,6.9,7.0,6.9,7.3,6.6,7.2,7.7,7.0,8.0,8.0,8.1,8.1,7.5,8.1,8.1,8.5,8.3,8.2,8.3,9.0,8.0,8.0,8.2,7.9,7.7,7.9,7.8,7.8,7.5,6.4,7.9,7.7,12.3,13.0,40.2,40.0,13.1,12.9,13.0,13.2,12.7,12.8,13.3,8.4,8.3,9.0,8.0
0956030449,02124547,03/02/2014,6.8,7.5,7.0,7.7,6.8,7.5,6.8,7.4,7.6,7.6,7.5,7.4,7.6,7.4,6.3,6.7,8.5,7.1,7.5,7.9,6.6,5.6,4.1,3.6,4.5,4.3,6.0,5.5,6.5,5.9,5.2,5.2,6.1,10.9,11.1,11.2,10.5,10.9,11.4,10.5,11.5,11.6,10.4,11.9,7.2,5.8,6.8,6.8
0956030449,02124547,03/01/2014,9.2,8.4,8.6,8.7,8.5,8.0,8.6,8.7,8.8,9.0,9.1,9.2,9.2,9.1,8.9,8.4,8.4,7.8,7.2,6.5,5.7,5.4,5.8,5.3,5.4,5.9,6.1,5.9,6.2,6.9,6.3,7.9,7.7,12.7,39.4,76.9,77.8,77.7,78.2,77.9,77.8,12.1,12.0,11.9,7.7,7.7,7.4,7.6
0956030449,02124547,02/28/2014,8.4,8.5,8.6,8.3,8.8,8.7,8.4,9.1,8.5,9.2,8.4,9.0,8.4,9.0,7.8,7.5,6.9,6.7,5.3,4.6,5.7,3.8,4.0,3.5,4.0,3.9,3.9,3.9,4.0,5.0,5.1,6.6,6.5,11.0,13.4,74.2,78.2,78.9,78.9,77.8,79.0,77.7,14.4,13.1,9.2,8.2,9.0,9.0
0956030449,02124547,02/27/2014,7.8,8.0,8.0,8.0,7.8,7.6,8.1,8.0,8.0,7.9,7.9,7.0,7.3,7.9,7.0,7.4,7.9,5.7,4.7,4.3,4.2,3.5,2.4,2.2,2.9,1.8,2.2,2.1,3.6,3.0,5.1,4.7,6.5,11.4,13.7,75.6,78.6,78.4,79.0,78.9,78.1,78.0,29.3,13.1,8.6,8.3,8.4,8.7
0956030449,02124547,02/26/2014,6.7,6.6,7.8,7.8,6.9,7.5,7.7,7.2,6.7,7.4,6.5,7.2,8.1,7.2,7.0,6.4,7.8,6.2,6.2,7.2,6.9,6.4,6.4,6.0,5.9,6.4,5.5,5.1,4.2,4.1,3.7,4.3,5.9,11.8,13.3,77.1,76.8,78.5,77.5,78.2,77.0,77.1,12.9,12.5,7.6,7.7,7.7,7.6
0956030449,02124547,02/25/2014,7.7,6.7,7.6,6.1,7.7,6.4,7.7,6.4,7.3,6.5,6.2,5.5,6.2,6.7,7.2,6.5,5.6,6.0,5.7,6.9,8.1,6.4,6.4,6.5,6.3,6.0,6.2,6.2,6.0,6.3,6.3,6.9,7.6,12.2,18.9,77.1,76.4,76.4,77.7,77.4,77.5,76.2,29.9,11.8,7.8,6.8,7.7,7.7
0956030449,02124547,02/24/2014,5.9,5.7,5.1,5.8,5.6,5.0,5.5,6.1,7.6,5.7,6.8,7.0,6.9,6.3,6.2,4.9,4.8,4.2,3.6,2.8,2.2,2.2,1.6,2.0,2.2,1.7,2.3,3.3,2.5,3.1,4.0,4.5,6.0,10.4,14.9,44.3,42.9,43.4,43.5,43.3,43.6,43.6,27.8,11.2,6.3,6.8,6.8,6.2
0956030449,02124547,02/23/2014,4.2,6.4,5.1,6.0,5.3,5.7,4.4,6.4,4.3,5.9,4.4,5.5,4.8,3.1,4.9,3.2,4.2,2.8,5.2,3.8,2.6,2.0,3.7,1.9,1.0,0.6,0.2,0.6,0.2,0.2,0.7,0.5,1.0,5.4,36.1,39.4,24.0,8.4,8.0,7.9,9.5,8.4,9.5,9.7,4.8,4.8,5.9,5.2
0956030449,02124547,02/22/2014,6.3,8.6,7.1,7.8,8.4,7.2,7.9,8.3,7.7,7.7,8.4,8.1,7.2,7.9,8.4,7.0,6.9,6.1,4.5,3.3,3.4,2.0,2.6,2.8,2.3,2.7,3.4,2.1,2.6,2.1,1.8,1.0,1.6,6.0,7.4,7.0,7.0,7.8,8.8,8.4,8.0,9.2,8.9,9.2,4.3,4.8,4.9,5.9
0956030449,02124547,02/21/2014,5.3,5.3,5.2,5.4,4.8,5.0,5.3,5.6,5.4,5.3,4.8,4.8,5.3,5.1,5.0,4.6,3.9,4.0,3.9,3.5,4.0,4.5,2.6,1.5,3.3,4.9,5.2,5.7,5.4,5.9,5.6,5.6,4.3,7.7,30.0,74.2,74.8,75.1,74.7,74.7,75.4,58.9,27.1,12.3,6.2,6.5,7.7,6.8
0956030449,02124547,02/20/2014,5.2,5.1,5.0,5.8,5.9,5.3,6.3,5.7,5.5,5.8,5.8,6.3,6.1,6.5,5.8,4.9,4.2,2.9,2.3,1.8,1.7,1.4,2.0,0.8,1.3,2.1,2.8,4.0,3.2,3.6,4.7,6.2,5.1,8.6,22.9,56.8,75.3,75.9,75.3,74.7,72.7,56.9,25.9,9.9,5.4,4.9,4.8,4.6
0956030449,02124547,02/19/2014,6.5,6.5,5.2,6.9,6.6,6.4,7.4,5.9,6.5,7.2,5.4,6.8,5.5,5.9,5.8,5.3,4.9,5.5,6.6,6.2,5.6,4.8,4.3,2.7,1.8,1.7,1.6,0.8,1.2,2.9,2.2,3.0,4.4,8.7,40.6,43.5,44.2,44.6,43.1,43.7,43.6,26.8,10.5,9.5,4.8,4.8,5.0,5.2
0956030449,02124547,02/18/2014,5.8,8.6,8.9,8.0,8.1,8.5,8.3,6.6,8.0,7.5,6.6,7.6,7.9,6.5,7.6,6.6,7.3,7.0,5.8,4.3,3.3,3.6,2.2,3.3,3.2,2.0,2.1,2.0,2.0,2.4,3.2,3.0,2.3,7.9,22.0,54.3,73.1,75.0,74.5,75.1,75.1,42.4,26.8,10.8,5.6,6.1,6.3,5.4
0956030449,02124547,02/17/2014,6.6,7.2,7.5,7.1,7.2,7.5,7.7,7.7,7.6,7.8,7.6,7.9,8.1,8.0,7.7,6.1,5.2,5.8,3.9,3.6,5.5,2.7,2.6,2.4,2.8,2.6,3.8,3.3,3.5,2.4,3.9,3.8,5.0,9.8,24.6,26.2,12.5,12.8,12.9,12.8,12.2,12.4,12.2,12.6,8.3,8.6,8.9,7.9
0956030449,02124547,02/16/2014,8.1,8.2,8.2,7.8,6.8,7.3,7.9,7.9,7.8,7.8,7.9,6.7,8.3,6.6,7.9,5.9,5.3,5.2,4.2,3.6,3.2,2.5,2.4,2.6,2.9,4.8,3.9,3.7,5.1,4.9,5.4,5.2,5.3,11.4,43.4,45.1,28.7,11.7,11.5,11.9,11.7,10.9,12.2,11.2,8.0,7.7,7.6,7.7
0956030449,02124547,02/15/2014,6.1,6.7,6.7,5.8,7.0,6.8,6.9,5.3,7.1,6.8,7.0,7.1,6.9,7.1,5.6,7.0,6.0,6.1,6.2,5.9,6.0,6.0,6.3,6.5,5.5,6.7,5.3,7.2,5.8,7.3,7.7,7.2,7.4,12.1,12.6,12.7,13.3,13.1,13.1,13.2,13.3,13.2,12.9,12.6,7.9,7.8,7.9,8.0
0956030449,02124547,02/14/2014,8.4,8.5,8.5,8.5,8.2,8.1,6.6,8.0,7.9,7.2,7.6,8.1,8.2,7.8,7.7,6.1,5.9,5.3,4.9,4.4,3.4,3.6,2.7,2.3,2.2,2.1,1.9,1.9,2.2,2.6,2.3,2.3,3.2,8.3,9.1,9.8,10.3,10.6,10.3,10.3,11.1,11.9,10.9,11.1,6.6,5.7,5.8,6.9
0956030449,02124547,02/13/2014,8.0,8.6,8.3,8.4,8.4,8.6,9.0,8.4,8.8,8.7,8.3,8.2,8.3,8.1,7.2,8.2,8.2,7.8,7.5,7.8,7.9,8.3,7.2,8.7,7.5,8.4,6.6,7.4,7.5,7.5,7.8,7.6,7.9,11.4,12.6,13.1,13.3,13.0,12.0,13.3,13.3,12.8,12.1,13.1,8.4,8.2,6.8,8.4
0956030449,02124547,02/12/2014,8.5,8.3,8.2,8.5,8.4,8.3,8.2,9.3,8.3,8.5,8.9,9.3,8.0,9.3,9.1,7.9,8.4,7.5,6.1,7.3,6.5,6.0,5.8,5.6,5.7,6.2,6.4,7.8,6.5,8.1,7.5,7.7,8.0,12.1,42.6,45.3,45.9,47.5,46.9,45.8,45.4,29.9,13.1,12.7,8.8,8.5,8.2,8.9
0956030449,02124547,02/11/2014,7.8,7.7,7.9,7.8,7.9,8.5,7.8,8.4,8.0,7.7,8.5,8.2,8.2,8.4,8.3,7.7,6.0,5.4,5.5,4.3,3.2,4.2,4.1,2.8,4.4,3.6,3.1,3.3,4.6,3.6,5.3,4.2,6.1,9.9,25.3,59.0,78.2,77.9,78.0,77.8,77.5,45.0,29.0,13.2,8.3,8.1,8.1,8.4
0956030449,02124547,02/10/2014,6.3,7.6,7.6,6.0,7.8,7.7,6.6,7.5,7.8,7.9,7.8,7.7,8.2,8.2,7.9,8.0,7.8,7.5,6.7,7.1,5.5,4.7,4.7,4.1,3.9,5.8,4.8,4.8,5.5,5.4,6.0,6.0,5.9,11.7,25.8,46.3,45.6,46.2,44.8,45.6,46.0,29.4,12.7,12.9,8.2,8.0,7.8,7.7
0956030449,02124547,02/09/2014,7.8,8.0,8.0,7.0,7.7,7.9,7.6,6.4,7.4,6.9,7.4,7.4,7.9,7.8,6.9,7.8,6.8,7.5,6.9,7.3,5.6,6.4,5.5,4.6,5.6,5.8,7.3,7.4,6.8,8.4,7.7,7.0,8.2,10.8,42.6,44.6,28.2,11.4,11.2,11.3,12.2,11.3,12.3,12.0,7.2,7.7,6.2,7.9
0956030449,02124547,02/08/2014,6.9,7.6,5.5,7.1,7.0,7.8,6.7,7.1,7.0,7.8,7.3,7.3,7.4,7.3,7.2,7.5,6.6,6.9,7.5,8.3,7.3,7.9,5.9,5.8,5.4,8.1,6.6,6.8,6.8,4.2,4.8,4.9,5.9,9.9,10.5,12.4,10.9,12.5,11.6,12.5,12.6,12.6,12.6,12.6,8.0,7.8,7.9,7.8
0956030449,02124547,02/07/2014,6.4,7.6,6.4,7.5,7.4,6.5,7.7,7.8,7.7,7.7,7.6,7.8,7.8,8.0,7.9,6.6,5.4,4.5,4.0,3.3,2.8,2.7,2.6,2.2,2.4,3.3,2.4,2.9,2.6,3.6,4.7,5.6,6.4,10.0,23.9,44.7,43.4,44.0,11.8,11.8,10.8,11.8,10.9,11.3,7.7,6.6,7.5,7.4
0956030449,02124547,02/06/2014,7.9,7.9,8.0,7.9,7.8,8.1,7.9,7.9,7.9,8.2,7.7,7.6,7.8,7.9,7.9,7.7,7.4,5.1,5.4,3.3,4.7,2.6,3.3,3.8,2.7,4.0,3.5,4.2,5.2,4.3,6.2,4.6,6.4,10.4,25.7,59.4,76.9,77.0,77.3,76.4,75.1,60.6,26.9,11.0,7.6,6.8,6.6,7.8
0956030449,02124547,02/05/2014,7.9,7.2,6.8,6.4,7.9,7.2,7.4,7.7,6.1,7.5,6.3,6.5,7.8,7.8,7.1,7.5,6.5,5.7,6.1,6.0,6.3,7.9,6.7,6.3,5.0,6.0,6.0,5.7,6.3,6.6,5.5,5.7,6.2,11.8,55.0,76.5,77.4,78.4,77.4,76.8,77.7,29.5,13.0,12.4,7.3,8.2,8.2,8.0
0956030449,02124547,02/04/2014,7.4,7.5,7.1,7.4,6.0,7.6,7.3,7.6,7.1,7.1,7.8,7.4,8.0,7.3,7.5,7.1,6.6,6.2,5.0,4.5,2.9,4.2,3.8,3.6,2.7,3.2,4.1,3.8,4.2,5.1,6.0,5.0,6.4,10.2,26.5,58.8,77.2,76.4,63.1,76.9,76.8,44.8,27.3,11.6,7.5,7.6,7.2,7.3
0956030449,02124547,02/03/2014,4.8,5.1,4.4,4.7,5.2,6.0,6.2,6.1,4.8,6.2,6.3,6.5,6.5,6.3,6.7,6.4,6.7,6.6,5.1,7.0,6.4,6.4,7.4,6.8,5.2,6.9,5.8,5.2,5.6,5.6,6.2,5.4,6.3,11.3,26.7,43.3,44.0,44.7,43.9,43.8,44.0,30.2,11.9,10.8,7.3,7.8,7.1,7.1
0956030449,02124547,02/02/2014,5.7,6.6,5.9,5.6,6.5,5.5,6.5,6.5,6.2,6.7,6.1,7.8,5.9,7.3,7.4,5.5,5.4,4.4,3.9,3.3,2.6,2.5,2.0,2.6,2.3,3.1,3.4,4.3,3.5,3.5,2.8,2.6,3.4,8.0,8.5,9.0,9.5,9.6,9.2,9.6,9.6,9.3,8.9,10.2,5.5,4.3,4.8,4.8
0956030449,02124547,02/01/2014,7.6,7.8,6.4,8.0,7.8,7.9,7.7,7.7,7.7,8.0,7.9,7.9,7.6,7.6,7.8,7.1,6.1,4.8,4.1,3.2,2.7,2.6,2.2,1.9,2.1,2.4,3.5,2.9,3.1,2.3,3.5,2.4,4.3,8.4,9.6,9.6,9.9,10.5,10.5,10.8,10.5,10.2,9.8,10.3,6.3,6.7,5.5,5.3
0956030449,02124547,01/31/2014,8.2,8.9,8.0,8.7,8.4,7.9,7.7,8.0,8.2,7.8,7.9,8.3,8.2,7.8,7.9,8.2,7.2,6.8,6.8,6.1,5.3,3.3,4.5,2.0,3.1,2.2,2.1,2.2,3.0,2.5,3.1,3.8,3.7,9.0,23.5,43.2,43.9,44.0,11.8,12.3,10.8,12.3,12.3,12.3,7.8,7.8,6.5,7.5
0956030449,02124547,01/30/2014,7.8,8.4,8.5,7.9,8.7,7.8,8.0,8.7,7.9,8.6,8.9,8.8,8.7,7.8,8.7,7.4,7.0,7.2,6.6,6.0,5.3,4.6,5.0,4.9,4.9,4.8,4.9,5.4,5.4,5.3,5.6,6.4,6.3,12.5,26.9,60.0,79.3,77.0,78.2,78.2,77.1,61.5,29.4,12.5,8.1,8.7,7.8,8.8
0956030449,02124547,01/29/2014,9.2,8.4,9.1,8.6,9.0,8.6,9.0,8.3,8.3,9.1,9.1,8.1,8.6,8.7,8.3,9.1,8.4,8.6,8.1,7.9,7.6,7.4,7.1,6.7,6.0,5.0,4.7,5.0,5.3,5.2,5.7,6.0,7.1,12.0,12.7,12.9,12.9,12.9,12.5,12.7,12.7,13.1,12.3,12.5,8.3,8.0,8.1,7.8
0956030449,02124547,01/28/2014,8.2,8.2,8.3,8.3,8.3,8.0,8.4,8.6,8.3,8.0,8.4,8.5,8.4,8.3,8.7,8.4,7.9,8.5,7.5,7.7,7.2,6.8,6.2,6.7,6.7,6.6,6.5,7.1,7.2,7.3,7.4,7.3,8.5,12.4,27.0,60.1,79.2,78.6,78.3,78.5,79.3,62.2,30.0,13.9,9.3,8.4,8.3,8.4
0956030449,02124547,01/27/2014,7.6,6.2,6.7,7.9,7.1,6.5,6.8,8.2,6.2,7.1,6.5,7.7,6.9,7.4,6.6,7.8,6.9,5.9,4.9,4.0,3.2,3.0,3.1,3.4,3.5,2.8,4.1,3.9,3.6,5.2,6.7,7.2,7.4,12.2,26.8,45.2,45.6,45.7,45.7,45.6,45.6,29.6,12.9,12.8,8.4,8.2,8.0,8.1
0956030449,02124547,01/26/2014,8.3,8.1,8.6,8.3,8.3,8.2,8.0,7.9,8.0,8.2,8.6,8.1,8.7,8.0,8.8,8.7,7.1,6.8,5.6,4.6,4.2,6.0,6.2,4.8,8.0,7.1,7.5,7.1,8.0,7.4,7.4,7.7,6.3,11.6,11.5,13.1,11.8,12.5,12.3,12.4,12.4,12.6,12.9,12.2,7.8,8.1,8.2,7.7
0956030449,02124547,01/25/2014,9.2,9.3,9.0,9.3,9.1,9.1,9.3,9.2,9.0,9.0,9.0,9.0,9.1,9.2,9.1,9.1,9.0,8.8,9.0,8.7,8.8,9.0,8.8,8.2,8.3,8.4,8.4,8.1,7.6,6.3,6.7,7.5,8.2,12.8,13.4,13.6,13.8,12.5,13.2,13.6,13.6,12.4,12.7,12.4,8.0,8.4,8.4,8.3
0956030449,02124547,01/24/2014,8.7,8.4,8.5,8.7,8.9,8.3,9.1,8.1,9.1,9.1,8.7,8.5,8.9,8.2,9.2,9.0,8.5,6.7,7.0,5.5,5.0,5.4,4.8,4.3,5.1,4.1,4.5,5.3,4.7,5.3,6.3,7.0,7.4,11.6,13.1,13.6,13.7,13.6,13.8,13.9,13.9,14.0,14.3,14.3,9.3,9.0,9.1,9.0
0956030449,02124547,01/23/2014,8.5,8.2,9.1,9.0,9.0,9.0,9.0,9.0,9.0,9.1,9.0,9.0,9.0,9.1,8.9,8.6,8.2,7.1,6.4,6.7,5.4,5.2,4.9,4.1,4.2,5.4,6.1,6.7,7.2,7.5,7.3,7.4,7.4,12.1,12.9,13.1,12.9,13.1,13.7,13.1,13.1,13.8,13.5,13.0,9.1,8.4,8.8,8.2
0956030449,02124547,01/22/2014,8.2,8.5,8.0,8.0,8.4,8.5,8.2,8.1,9.0,7.9,8.5,8.2,8.6,8.0,9.0,7.7,7.8,6.6,6.1,5.9,5.6,5.1,4.7,4.6,4.9,4.7,4.7,4.8,5.2,5.7,6.0,6.6,7.1,11.9,12.8,13.3,13.5,13.1,13.3,13.7,13.2,13.0,13.8,12.9,8.4,9.0,8.4,8.8
0956030449,02124547,01/21/2014,6.4,5.3,5.5,6.8,6.0,5.5,6.8,6.1,6.6,6.7,5.2,7.1,6.9,7.1,7.1,6.8,6.8,5.7,6.9,6.8,7.2,7.3,7.3,7.5,7.3,7.8,7.8,8.3,8.2,8.2,7.7,8.5,8.1,13.4,13.3,13.5,13.2,14.4,13.0,13.0,13.6,13.4,13.2,13.5,8.5,8.4,8.8,8.6
0956030449,02124547,01/20/2014,6.6,6.7,6.8,6.4,6.3,6.3,6.7,6.4,6.4,6.1,6.2,6.6,6.8,6.6,6.2,6.0,6.4,6.3,5.9,3.0,2.8,1.1,1.5,1.7,1.8,1.8,2.1,2.0,1.7,3.5,2.2,2.6,2.9,7.0,23.4,44.3,45.5,44.1,43.5,43.6,42.4,25.5,9.4,10.1,5.2,5.6,5.1,5.9
0956030449,02124547,01/19/2014,8.0,8.1,7.3,8.2,6.3,8.4,8.4,7.9,8.7,7.9,8.3,8.5,7.9,8.2,8.4,7.7,5.4,5.0,4.8,4.6,3.7,3.2,3.4,3.7,3.4,3.9,4.2,3.9,3.9,3.8,4.0,4.1,4.9,10.3,41.4,43.6,27.8,10.7,10.7,11.5,11.8,12.0,11.5,10.6,7.4,6.8,6.8,6.1
0956030449,02124547,01/18/2014,6.4,6.3,6.0,6.6,7.1,6.3,8.0,6.9,7.1,7.8,8.0,8.1,7.6,6.6,7.9,7.8,7.8,4.9,4.7,5.6,4.8,3.9,5.0,5.0,5.4,4.2,4.7,5.0,5.1,5.5,5.8,5.6,5.7,11.2,11.9,12.4,12.7,12.7,12.6,10.9,12.5,12.8,12.7,12.7,8.0,7.8,7.7,7.7
0956030449,02124547,01/17/2014,5.4,7.7,5.2,7.7,6.3,6.7,6.8,6.0,6.8,7.9,5.9,7.7,7.7,6.4,6.5,7.1,6.9,5.1,4.4,3.6,3.5,3.3,2.6,2.3,1.3,3.2,2.1,2.0,2.8,3.6,3.3,4.0,4.0,8.5,10.6,9.9,10.8,10.7,10.7,9.9,10.8,10.2,10.2,11.7,6.0,5.7,6.8,6.0
0956030449,02124547,01/16/2014,6.5,4.2,7.4,6.2,6.6,6.5,5.0,7.6,6.0,5.9,6.1,5.6,6.4,6.3,7.6,6.1,6.6,6.3,4.8,3.8,4.4,5.9,4.3,3.3,1.9,3.5,2.3,3.1,3.4,2.4,3.3,3.3,5.3,10.4,24.8,58.1,77.1,76.3,76.1,78.3,77.2,59.7,29.1,10.1,7.5,6.0,6.0,6.8
0956030449,02124547,01/15/2014,5.7,5.7,3.9,5.2,5.3,4.2,6.8,4.2,3.5,6.9,4.5,6.2,5.0,5.3,5.9,4.8,5.2,5.9,5.2,4.6,3.3,5.1,2.9,1.5,2.2,3.6,4.3,3.9,3.6,4.1,3.8,3.7,4.4,9.1,42.2,43.6,43.4,45.0,44.5,44.1,43.4,28.3,11.7,10.8,7.2,5.0,5.5,7.0
0956030449,02124547,01/14/2014,3.6,3.2,4.7,4.4,4.8,5.0,5.3,3.9,4.5,4.8,4.6,4.4,3.8,3.9,4.7,4.3,3.2,3.8,3.2,4.2,3.5,3.3,3.0,4.0,4.2,3.8,4.9,4.1,2.1,2.8,4.3,3.6,3.8,8.5,23.1,55.9,77.5,75.8,75.1,75.3,76.5,58.9,25.7,11.5,5.0,5.2,6.1,3.8
0956030449,02124547,01/13/2014,5.9,6.0,5.9,6.4,7.0,6.0,5.9,6.2,6.1,6.6,7.1,6.4,6.1,6.3,6.7,5.8,5.5,3.5,2.6,1.9,3.0,2.1,1.3,2.4,0.6,1.9,2.0,0.7,1.8,1.2,1.9,2.3,2.2,7.9,21.7,41.4,40.7,42.4,42.2,39.2,40.5,25.9,8.5,9.0,3.9,4.0,4.3,5.9
0956030449,02124547,01/12/2014,5.4,3.9,6.3,6.3,6.6,6.2,4.1,5.9,5.1,5.8,5.2,5.1,4.6,6.3,6.7,5.9,5.6,4.6,4.2,3.7,2.7,2.4,1.6,2.5,2.5,2.4,1.5,1.6,2.1,1.7,1.5,2.1,2.6,8.5,39.7,42.9,41.8,26.4,8.2,9.1,10.1,10.6,9.7,10.5,5.5,6.2,5.5,5.8
0956030449,02124547,01/11/2014,5.1,5.6,5.7,6.1,4.7,6.2,5.4,5.6,5.4,5.5,5.8,4.7,5.6,5.5,5.5,5.5,4.6,4.4,6.0,5.1,5.3,5.8,5.1,3.5,4.8,4.3,4.0,5.1,5.4,3.5,4.6,4.4,2.7,8.4,8.4,10.3,7.7,9.2,9.6,9.1,8.8,8.4,8.9,9.3,4.0,4.2,2.8,4.1
0956030449,02124547,01/10/2014,7.3,6.9,7.6,6.9,7.1,7.4,7.0,7.9,6.9,7.4,7.2,7.1,7.8,7.0,7.7,6.9,7.2,7.5,7.0,7.1,6.5,7.1,7.4,6.4,7.4,7.3,7.2,6.4,7.0,7.1,5.8,4.1,4.9,9.3,9.3,10.1,9.8,9.7,10.5,10.9,9.3,10.4,10.9,9.3,6.2,5.8,5.1,5.0
0956030449,02124547,01/09/2014,8.1,8.2,7.8,8.0,8.2,8.1,8.1,8.0,7.6,8.1,8.2,8.2,7.7,8.5,7.9,8.4,7.9,6.5,5.6,5.0,6.3,5.2,6.2,3.7,3.8,3.4,4.2,5.3,5.4,7.2,6.9,6.7,6.6,12.0,27.0,60.0,76.5,77.1,76.4,76.4,77.5,60.9,28.5,12.3,7.9,6.7,7.7,7.5
0956030449,02124547,01/08/2014,8.9,9.0,9.0,9.0,8.9,9.1,9.0,9.1,8.9,9.0,9.0,8.9,9.2,9.0,8.9,8.7,8.2,7.8,7.1,6.6,6.4,5.8,5.2,5.0,5.1,6.2,5.2,6.2,6.6,7.4,7.6,7.7,8.2,13.4,43.7,46.2,45.5,45.8,45.7,45.4,45.5,29.6,13.1,13.0,8.7,8.1,8.5,8.3
0956030449,02124547,01/07/2014,9.3,9.4,9.3,8.3,9.3,9.3,9.3,9.3,9.3,9.3,9.3,9.3,9.3,9.3,9.3,9.2,8.6,8.0,7.4,6.8,6.4,6.2,5.9,5.8,5.7,5.8,5.9,5.1,6.2,5.9,6.0,6.9,7.6,12.4,13.9,13.9,13.8,13.8,13.8,13.9,13.8,13.8,13.8,13.7,9.2,9.0,9.0,9.1
0956030449,02124547,01/06/2014,7.2,7.8,7.8,7.9,6.7,6.7,6.8,6.8,6.8,6.6,6.6,6.6,6.5,6.3,7.4,6.9,6.2,6.2,7.3,7.8,7.9,7.5,7.6,7.2,6.7,6.7,6.5,6.7,5.9,5.9,6.2,6.5,7.3,12.5,27.5,46.0,20.4,13.0,13.2,13.6,12.8,13.4,13.2,14.1,9.5,9.3,9.3,9.3
0956030449,02124547,01/05/2014,7.4,7.8,7.3,7.4,7.8,7.1,7.0,7.2,7.4,6.9,7.5,7.5,7.0,7.2,7.3,6.9,6.6,7.5,7.1,6.5,6.5,6.8,6.2,5.8,6.2,6.6,6.1,6.2,6.3,6.5,6.4,6.2,6.2,12.0,25.1,44.6,28.9,11.4,11.2,11.7,11.4,11.5,11.7,11.4,6.8,6.8,7.2,7.0
0956030449,02124547,01/04/2014,9.1,9.2,9.0,9.0,9.0,9.0,9.2,9.1,9.0,9.1,9.1,9.1,9.1,9.0,9.0,8.9,9.0,8.8,8.2,8.4,7.7,8.8,8.7,8.4,8.5,8.5,7.2,8.1,7.2,7.4,7.0,7.3,7.2,12.0,12.3,12.6,12.8,12.8,12.5,12.2,12.6,12.1,12.8,12.2,8.2,7.2,8.0,7.9
0956030449,02124547,01/03/2014,7.4,7.1,8.1,8.1,8.2,8.2,8.4,8.5,8.7,8.2,8.7,8.8,8.5,8.3,8.9,8.4,8.4,8.8,8.1,8.7,8.2,8.1,8.4,8.2,8.0,9.0,7.9,7.9,8.2,8.1,8.3,7.9,8.0,12.8,13.0,12.9,13.8,13.6,13.6,13.7,13.8,13.8,13.7,13.8,9.2,9.0,9.0,9.0
0956030449,02124547,01/02/2014,6.7,6.8,6.9,7.0,7.0,6.8,6.9,6.8,6.8,7.1,7.0,7.2,7.1,6.9,6.9,6.8,6.8,6.9,6.5,6.7,7.0,5.7,5.7,6.1,5.8,5.5,6.6,6.0,6.1,7.2,6.7,7.3,6.3,12.0,11.2,25.7,44.6,44.5,44.6,44.7,44.6,44.9,28.4,12.0,7.0,6.9,7.2,7.2
0956030449,02124547,01/01/2014,6.9,7.3,7.4,7.1,7.3,7.7,7.4,7.4,7.8,7.1,7.3,7.8,7.1,7.2,7.8,7.2,6.8,6.7,6.3,5.4,5.3,4.6,3.7,5.2,3.4,3.0,3.4,3.5,4.3,4.3,5.5,5.8,6.0,10.6,11.0,11.1,11.8,11.3,11.3,11.3,11.3,11.4,11.5,11.4,6.8,6.6,6.6,6.7
0956030449,02124547,12/31/2013,7.0,6.9,7.1,7.5,6.8,6.8,7.6,7.2,6.9,7.5,7.5,7.8,7.1,7.4,7.8,7.3,6.7,6.0,5.7,5.9,5.7,6.5,5.8,5.7,4.8,6.2,6.6,7.5,5.3,5.4,6.2,6.6,6.5,11.0,11.3,11.8,12.2,12.0,12.1,11.8,11.4,11.9,11.6,12.0,7.0,7.0,7.2,7.2
0956030449,02124547,12/30/2013,3.5,3.5,3.6,3.6,3.6,4.0,3.6,3.6,3.6,3.7,3.7,3.5,3.5,3.5,5.4,7.6,7.8,6.5,7.0,6.9,7.6,6.3,7.2,6.1,6.1,5.9,5.4,6.6,5.8,6.3,6.9,6.5,6.4,11.2,11.7,11.6,11.7,11.7,11.8,11.6,11.7,11.9,11.8,11.7,7.2,6.9,7.2,7.1
0956030449,02124547,12/29/2013,3.4,3.5,3.3,3.4,3.4,3.4,3.6,3.8,3.5,3.5,3.4,3.4,3.5,3.9,3.4,3.4,3.4,3.4,3.4,3.6,3.6,3.5,3.5,3.4,3.4,3.2,3.1,2.8,3.0,2.8,3.3,3.3,3.4,8.3,8.4,8.5,8.4,8.3,8.3,8.6,8.4,8.3,8.3,8.4,3.6,3.5,3.6,3.6
0956030449,02124547,12/28/2013,3.9,3.8,4.0,3.8,3.9,4.2,4.3,3.9,3.8,3.8,3.9,4.0,3.9,4.0,4.2,4.0,3.3,2.5,1.9,1.7,1.2,0.9,1.8,0.7,2.0,0.5,0.6,0.8,1.6,2.4,3.0,2.3,3.0,8.0,8.0,8.1,8.3,8.3,8.3,8.4,8.3,8.4,8.4,8.3,3.5,3.4,3.5,3.4
0956030449,02124547,12/27/2013,4.7,3.9,4.8,3.8,4.8,3.9,4.7,4.6,4.2,4.8,3.9,4.9,3.9,4.9,4.2,4.3,3.1,2.6,2.0,2.3,1.3,1.8,0.8,1.5,0.7,1.6,2.4,1.6,1.2,1.3,1.9,2.8,3.3,7.9,8.2,8.4,8.5,8.5,8.6,8.5,8.5,8.7,8.5,8.7,4.1,4.0,4.0,3.8
0956030449,02124547,12/26/2013,2.5,2.5,2.5,2.4,2.5,2.4,2.4,2.5,2.4,2.5,2.4,2.4,2.5,2.4,2.4,2.6,2.4,2.2,1.9,2.0,1.1,0.4,0.2,2.1,1.7,1.7,1.7,0.9,1.4,2.4,2.1,2.5,3.4,8.5,8.4,23.4,41.5,41.1,41.9,41.3,41.4,42.2,25.1,9.2,4.0,4.2,4.4,3.8
0956030449,02124547,12/25/2013,3.1,2.9,3.0,2.7,2.8,2.8,2.8,2.8,2.9,2.6,2.8,2.8,2.7,2.8,2.8,2.5,2.0,1.3,0.8,0.3,0.2,0.1,0.1,0.1,0.0,0.0,0.0,0.1,0.2,0.2,0.6,1.0,1.7,6.7,7.2,7.2,7.3,7.2,7.2,7.3,7.2,7.3,7.2,7.3,2.6,2.4,2.5,2.4
0956030449,02124547,12/24/2013,1.5,1.1,1.9,1.3,1.4,2.0,1.2,2.5,1.0,2.4,1.1,2.4,1.6,1.8,2.3,1.2,1.2,0.6,0.3,0.6,0.0,0.2,0.2,0.6,0.7,0.2,0.4,0.7,1.1,2.2,1.0,2.8,2.2,6.9,7.8,8.0,8.2,8.1,7.8,8.0,8.0,8.4,7.9,8.0,3.4,3.2,2.9,3.1
0956030449,02124547,12/23/2013,2.9,2.9,3.2,2.6,2.9,3.1,2.9,2.6,3.0,3.0,2.9,2.7,2.9,3.2,2.8,1.4,1.7,0.4,1.0,0.8,0.8,0.4,0.6,0.6,0.3,0.8,0.7,0.7,0.3,0.9,1.1,0.9,0.6,5.8,6.0,5.9,5.7,6.0,6.3,6.3,5.8,6.5,6.4,6.0,1.8,1.7,1.3,2.1
0956030449,02124547,12/22/2013,2.9,3.8,2.8,3.9,2.6,2.9,2.6,4.1,3.9,2.9,2.7,3.2,2.5,2.6,2.8,2.3,2.7,2.3,2.0,2.9,2.6,2.5,2.7,2.3,3.4,2.3,1.7,2.5,2.6,2.8,4.0,2.8,3.5,7.4,31.8,8.5,8.6,7.1,7.8,8.0,7.7,7.8,7.6,7.8,2.8,2.4,3.2,2.9
0956030449,02124547,12/21/2013,3.6,3.9,4.3,3.7,4.9,4.0,4.0,3.9,3.6,3.7,4.0,4.1,3.6,3.9,4.1,3.6,3.6,3.5,2.7,3.0,1.4,2.2,2.3,2.0,1.5,1.5,0.6,1.0,1.5,1.7,1.8,2.2,2.9,7.8,7.2,7.9,8.0,7.3,8.0,8.0,7.6,7.8,8.0,7.6,3.6,2.9,3.0,2.9
0956030449,02124547,12/20/2013,4.3,3.7,4.9,3.8,4.8,4.0,4.7,4.6,4.0,4.8,3.6,4.8,3.6,4.8,4.4,4.2,3.8,4.1,3.5,3.9,3.9,3.5,4.1,3.9,3.7,2.6,3.3,2.6,3.8,2.4,3.2,2.9,3.6,7.8,8.6,8.6,23.1,41.0,42.6,41.1,41.6,25.8,8.5,8.4,4.3,4.0,4.2,4.1
0956030449,02124547,12/19/2013,4.9,5.0,4.9,5.0,4.9,5.0,4.9,5.0,4.9,5.0,4.9,4.9,4.2,4.8,5.1,4.4,4.5,3.5,2.6,4.1,3.4,2.1,0.9,1.2,1.1,0.5,1.2,1.5,2.3,1.7,3.2,2.4,3.2,8.4,8.4,22.7,41.4,41.0,40.7,41.4,41.5,40.8,25.5,9.0,3.9,4.7,3.9,4.1
0956030449,02124547,12/18/2013,5.0,4.9,5.0,3.8,5.0,5.0,5.0,4.9,4.9,4.9,3.8,5.2,5.0,5.0,4.3,5.1,3.2,3.2,2.8,2.1,1.8,1.4,1.0,1.8,1.4,1.1,2.4,3.5,2.3,2.3,3.6,2.9,4.5,9.1,40.7,43.5,43.8,43.5,42.0,43.2,43.0,25.8,9.9,9.8,4.3,4.7,5.0,4.9
0956030449,02124547,12/17/2013,4.8,5.0,4.8,4.9,5.0,5.0,4.9,5.0,5.0,5.2,5.2,5.0,5.0,5.1,5.0,5.0,4.9,5.0,4.7,4.7,4.7,4.6,4.5,4.6,4.4,4.5,4.6,4.7,4.7,5.2,5.0,4.1,4.4,9.5,8.9,24.3,42.0,42.7,42.8,43.1,43.2,43.2,26.8,8.9,5.1,5.2,5.1,3.8
0956030449,02124547,12/16/2013,3.5,3.5,3.5,3.5,3.4,3.7,3.5,3.3,3.5,3.5,3.5,3.5,3.5,3.6,4.0,3.3,3.4,3.1,3.5,4.6,3.8,4.1,3.9,3.2,3.7,4.0,4.1,4.1,4.3,4.3,4.5,4.7,4.8,9.6,9.9,9.9,9.8,9.7,9.9,10.1,10.0,10.0,10.1,10.0,5.0,4.9,4.9,5.0
0956030449,02124547,12/15/2013,3.5,3.5,3.5,3.4,3.4,3.6,3.5,3.5,3.4,3.4,3.5,3.5,3.4,3.5,3.4,3.3,3.2,3.0,2.4,1.4,0.9,0.8,1.4,1.0,1.5,1.3,0.8,0.8,1.1,1.5,2.3,2.4,3.0,5.4,39.7,42.0,25.4,8.6,8.5,8.6,8.5,8.4,8.5,8.4,4.9,3.3,3.5,3.5
0956030449,02124547,12/14/2013,3.4,3.4,3.3,3.4,3.4,3.3,3.4,3.4,3.4,3.4,3.5,3.3,3.4,3.4,3.3,3.3,3.2,3.0,3.1,2.9,2.4,2.5,2.6,3.0,2.8,2.8,3.0,3.1,3.0,3.2,3.1,3.3,3.3,5.3,8.2,8.2,8.3,8.1,8.2,8.2,8.3,8.4,8.4,8.4,5.0,3.5,3.5,3.5
0956030449,02124547,12/13/2013,3.4,3.4,3.4,3.6,3.5,3.4,3.6,3.8,3.6,3.7,3.5,3.7,3.5,3.7,3.8,3.4,2.6,2.1,1.6,1.2,0.9,0.7,0.4,0.3,0.3,0.5,1.9,2.3,2.1,2.8,3.0,3.1,2.9,5.4,8.2,8.2,22.3,40.9,40.9,41.1,41.0,24.6,8.1,8.2,4.8,3.4,3.4,3.4
0956030449,02124547,12/12/2013,5.0,5.0,5.0,5.0,5.1,5.0,5.1,5.1,5.0,4.9,5.1,5.0,5.3,5.4,5.4,5.3,5.0,5.0,4.4,4.5,3.2,2.2,2.2,1.8,1.7,1.9,2.0,2.4,2.7,3.1,1.9,2.6,3.0,5.7,8.2,22.3,41.4,41.1,41.3,40.8,40.3,40.6,24.6,8.4,5.1,3.6,3.5,3.5
0956030449,02124547,12/11/2013,5.0,5.1,5.1,5.1,5.1,5.1,5.0,5.1,5.0,5.0,5.0,5.0,4.9,5.1,5.2,5.0,4.8,4.6,4.4,4.2,3.6,2.5,3.7,3.5,0.7,1.7,0.8,2.4,1.4,2.6,3.0,2.4,3.8,6.3,40.2,42.3,43.4,43.5,43.2,43.3,43.5,26.6,9.8,9.8,6.5,5.0,5.0,5.0
0956030449,02124547,12/10/2013,4.9,5.0,5.0,4.9,4.6,4.3,5.0,4.9,4.8,4.9,4.9,4.9,5.1,5.2,5.0,4.9,4.9,4.9,4.9,4.9,4.9,4.9,4.8,4.0,4.7,5.0,5.0,3.6,4.8,4.8,4.9,4.9,3.9,7.9,9.9,24.1,42.0,42.8,42.4,43.1,42.8,43.0,26.7,9.9,6.4,5.0,5.0,5.0
0956030449,02124547,12/09/2013,5.0,4.9,5.0,4.9,4.9,4.9,5.0,4.9,5.0,4.9,3.8,4.8,4.8,4.8,5.0,4.8,4.8,4.7,4.7,4.7,4.7,4.6,4.6,4.5,4.0,3.6,2.8,4.1,4.5,4.6,3.9,4.0,4.6,7.6,9.7,9.9,10.0,24.5,43.4,43.2,43.2,26.1,9.6,9.6,6.4,4.8,4.9,4.9
0956030449,02124547,12/08/2013,4.6,4.2,3.9,4.7,4.3,4.8,4.3,4.1,5.0,4.1,3.9,4.1,4.2,4.4,4.0,3.8,3.9,4.2,4.2,3.8,4.2,4.2,3.6,4.8,4.9,4.8,3.9,4.8,3.9,4.9,3.9,4.9,3.8,8.0,40.7,43.2,26.4,9.2,10.0,9.2,10.0,9.0,10.0,10.1,6.6,5.1,4.9,4.3
0956030449,02124547,12/07/2013,3.8,3.8,3.7,3.8,3.9,4.3,3.8,3.7,3.8,3.8,3.7,4.0,4.1,4.0,4.0,3.6,3.4,3.2,2.7,2.2,3.1,3.2,1.7,1.8,1.8,2.2,2.6,3.0,3.6,3.1,3.1,4.0,3.8,7.2,9.7,8.6,8.9,9.1,9.0,10.1,9.0,9.6,9.4,9.7,5.8,4.7,4.5,4.0
0956030449,02124547,12/06/2013,2.7,2.0,2.7,2.0,1.9,2.8,2.6,2.1,1.9,2.4,2.0,2.1,2.3,2.1,3.9,3.2,4.9,3.6,3.9,3.2,3.6,3.6,3.5,3.4,3.0,2.9,3.1,3.3,3.2,3.2,3.3,3.1,3.4,7.0,8.3,8.3,8.3,8.3,8.3,8.2,8.1,8.3,8.3,8.4,5.3,3.6,3.7,3.6
0956030449,02124547,12/05/2013,5.4,5.8,4.7,5.9,5.7,5.8,5.7,6.0,4.7,5.7,5.7,5.1,5.4,5.8,6.0,4.9,4.6,4.9,5.0,3.0,1.6,1.5,0.8,0.4,0.5,0.2,0.1,0.4,1.8,1.5,1.9,1.7,1.9,5.8,6.7,20.9,40.7,40.8,40.0,39.7,39.1,39.5,23.4,7.0,3.6,2.0,1.9,2.3
0956030449,02124547,12/04/2013,5.8,6.0,5.9,6.1,5.9,6.1,5.9,6.0,5.8,5.8,5.9,6.4,5.9,6.7,6.2,6.2,6.0,5.3,5.1,5.0,4.8,4.8,4.6,2.7,3.8,4.2,3.9,3.7,3.9,4.0,4.9,4.6,5.7,9.4,41.7,43.8,43.7,43.3,43.2,42.5,41.8,27.0,10.7,9.6,7.1,5.6,5.2,4.9
0956030449,02124547,12/03/2013,6.0,6.0,5.9,6.0,6.0,6.0,5.9,5.9,5.9,5.9,6.1,6.0,6.1,6.3,6.6,6.3,6.0,5.8,4.8,3.9,4.4,3.3,2.3,1.7,2.3,1.6,2.4,2.7,2.6,2.5,3.0,3.8,4.1,8.5,10.2,24.6,43.5,43.7,43.9,43.5,43.4,43.7,27.2,10.4,7.1,6.0,5.9,6.0
0956030449,02124547,12/02/2013,6.0,6.2,6.0,6.0,6.0,6.0,6.0,6.0,6.0,6.2,6.1,6.1,6.0,6.7,6.3,6.3,6.0,6.0,5.8,5.8,5.6,5.7,5.6,5.5,5.2,5.0,5.7,5.4,5.5,5.7,5.6,5.7,5.7,9.6,10.8,10.6,10.8,26.2,43.5,43.0,43.0,27.3,10.6,10.6,7.1,5.8,5.9,5.8
0956030449,02124547,12/01/2013,6.7,6.8,6.6,6.9,7.0,6.6,7.1,6.9,6.5,7.3,6.6,7.4,7.2,6.8,7.3,6.7,5.7,5.2,4.4,3.8,3.3,3.1,3.2,3.7,3.8,2.8,3.1,3.2,3.6,4.0,4.7,4.9,5.4,10.2,41.2,43.9,27.3,10.8,10.9,10.9,10.9,10.8,10.8,10.8,7.4,6.0,6.0,6.1
0956030449,02124547,11/30/2013,6.6,6.8,6.8,6.7,6.5,6.6,6.6,6.6,6.6,6.5,6.6,6.6,6.7,6.8,6.4,6.0,5.3,5.0,4.7,4.3,4.6,4.2,3.5,3.7,4.8,4.5,4.8,4.9,5.3,5.4,5.5,5.9,5.9,10.3,11.0,11.1,11.1,11.2,11.0,11.1,11.3,11.2,11.2,11.2,7.8,6.6,6.4,6.7
0956030449,02124547,11/29/2013,6.5,6.5,6.5,6.6,6.8,7.0,7.3,6.9,7.0,7.3,7.3,7.4,7.5,7.4,7.3,6.9,6.3,4.8,4.5,4.8,3.6,3.5,3.0,3.0,2.9,4.2,3.1,3.2,3.7,4.2,4.7,5.3,5.7,10.4,11.0,11.1,25.6,44.2,44.2,45.1,45.0,28.8,11.1,10.9,7.6,6.3,6.2,6.4
0956030449,02124547,11/28/2013,7.8,7.7,7.8,7.8,7.6,7.6,7.7,7.6,7.5,7.5,7.7,7.6,7.4,7.4,7.2,7.1,6.5,6.3,5.7,5.0,4.8,4.2,4.1,3.9,4.1,3.3,4.1,3.9,4.8,5.2,5.8,6.2,6.4,11.0,10.9,11.2,11.7,11.7,11.3,11.8,11.5,11.3,11.8,11.6,7.8,6.6,6.9,6.6
0956030449,02124547,11/27/2013,7.2,6.7,6.3,6.4,6.5,6.8,6.5,7.6,7.5,6.4,6.6,6.4,7.2,6.5,6.6,7.2,7.5,7.5,7.5,7.5,7.4,7.3,6.4,7.2,7.4,7.5,7.4,7.4,7.2,7.5,7.4,7.7,7.8,12.4,12.5,12.6,12.7,12.6,12.5,12.7,12.8,12.7,12.8,12.6,9.2,7.9,7.8,7.7
0956030449,02124547,11/26/2013,6.3,7.0,6.4,6.7,6.8,6.2,7.2,6.2,6.4,6.2,6.3,6.5,6.7,6.8,6.9,6.2,6.2,6.2,6.9,6.2,5.9,6.0,6.1,6.1,6.3,6.2,6.3,6.5,7.4,7.0,6.2,6.2,6.2,11.0,11.2,10.8,10.9,10.9,10.8,10.8,10.9,10.9,10.9,10.8,7.7,6.5,7.7,7.7
0956030449,02124547,11/25/2013,7.5,7.3,7.5,7.4,7.3,7.4,7.4,7.5,7.4,7.5,7.4,7.4,7.4,7.5,7.4,7.0,6.7,6.2,6.4,5.4,5.4,4.8,4.8,3.7,2.8,3.2,3.5,5.1,5.2,5.4,5.5,5.1,6.0,10.9,11.3,11.3,39.7,77.7,77.7,77.0,77.2,44.8,44.6,44.5,41.0,7.1,6.8,6.3
0956030449,02124547,11/24/2013,7.8,7.8,7.7,7.8,7.8,7.7,7.7,7.7,7.8,7.7,7.7,7.7,7.6,7.5,7.4,7.0,6.9,6.8,5.5,5.2,5.5,4.5,4.4,4.5,4.1,4.9,5.5,6.2,5.9,6.0,6.7,6.9,7.3,12.3,12.3,12.5,12.4,12.4,12.2,12.3,12.1,12.3,12.1,12.2,8.8,7.5,7.4,7.4
0956030449,02124547,11/23/2013,6.1,6.0,6.0,6.3,6.3,6.0,6.3,6.8,6.2,7.0,6.5,6.7,7.0,6.0,6.0,6.0,5.1,5.0,4.3,3.7,3.5,3.3,2.9,2.6,3.9,4.1,4.2,3.5,4.2,5.4,6.0,5.9,6.4,10.8,11.0,12.0,12.6,12.6,12.5,12.2,12.6,12.5,12.7,12.5,7.9,7.7,7.7,7.9
0956030449,02124547,11/22/2013,6.0,6.0,6.1,5.9,6.0,6.0,5.9,6.0,6.0,5.9,6.0,6.1,6.0,6.7,6.1,5.8,5.4,5.9,5.9,5.5,5.0,4.0,3.7,4.4,3.6,4.2,4.2,4.3,4.5,4.3,5.0,4.8,4.7,10.2,9.9,10.5,10.3,25.5,43.2,43.0,42.9,27.2,10.4,9.6,7.2,5.7,5.7,5.7
0956030449,02124547,11/21/2013,6.4,6.4,6.4,6.5,6.8,6.5,6.4,6.4,6.5,6.5,6.5,6.5,6.4,6.9,6.7,6.2,6.0,5.8,5.1,5.1,4.9,4.5,5.0,4.8,4.8,4.9,5.2,4.6,5.3,5.4,5.5,5.5,6.2,10.6,10.7,10.7,10.9,10.7,10.6,10.7,10.7,10.7,10.8,11.2,7.4,6.0,6.0,6.1
0956030449,02124547,11/20/2013,6.3,6.4,6.4,6.7,6.6,6.4,6.2,6.4,6.9,6.6,6.2,7.1,6.4,6.9,6.9,6.0,5.8,6.0,4.5,3.7,3.2,2.8,2.9,2.6,2.6,2.6,3.0,2.9,3.3,3.6,4.3,4.6,5.8,10.7,10.7,10.9,39.6,76.8,77.0,75.9,75.9,44.8,43.5,43.3,39.8,6.5,6.2,6.2
0956030449,02124547,11/19/2013,0.6,0.6,0.6,0.6,0.6,0.6,0.5,0.8,0.6,0.6,0.6,0.5,0.6,0.8,0.8,0.6,0.1,0.0,0.1,0.0,0.0,0.0,0.0,0.0,0.0,0.7,4.4,4.4,5.2,5.2,5.7,6.3,6.0,11.0,11.3,11.3,40.0,76.7,77.1,75.9,77.0,45.1,43.8,44.2,40.0,6.5,6.4,6.3
0956030449,02124547,11/18/2013,0.4,0.4,0.4,0.7,0.4,0.6,0.4,0.4,0.4,0.4,0.4,0.7,0.4,0.8,0.3,0.2,0.0,0.0,0.0,0.0,0.0,0.0,0.0,0.0,0.0,0.0,0.0,0.0,0.0,0.0,0.0,0.0,0.6,5.1,5.3,5.6,34.1,70.8,70.6,70.2,70.6,38.4,38.0,37.7,34.2,1.0,0.9,0.6
0956030449,02124547,11/17/2013,0.7,0.4,0.4,0.4,0.4,0.4,0.4,0.4,0.4,0.7,0.4,0.4,0.4,0.4,0.3,0.2,0.1,0.0,0.1,0.0,0.0,0.0,0.0,0.0,0.0,0.0,0.0,0.1,0.0,0.0,0.0,0.1,0.8,33.4,70.1,69.7,70.0,69.8,69.6,69.9,69.7,69.3,69.7,69.5,2.5,0.4,0.4,0.4
0956030449,02124547,11/16/2013,0.4,0.4,0.4,0.5,0.4,0.7,0.4,0.4,0.4,0.5,0.4,0.4,0.6,0.5,0.3,0.1,0.2,0.0,0.1,0.0,0.1,0.1,0.0,0.0,0.0,0.1,0.1,0.1,0.2,0.3,0.5,0.4,1.0,5.0,5.2,5.1,5.2,5.1,5.2,5.4,5.2,5.2,5.1,5.2,1.7,0.4,0.4,0.4
0956030449,02124547,11/15/2013,0.5,0.5,0.7,0.5,0.5,0.5,0.5,0.5,0.5,0.7,0.5,0.5,0.5,0.4,0.5,0.1,0.0,0.2,0.0,0.0,0.0,0.0,0.0,0.0,0.0,0.0,0.0,0.0,0.0,0.0,0.0,0.0,0.7,5.3,5.1,5.2,5.2,35.8,37.7,38.2,37.8,22.3,5.2,5.1,1.8,0.7,0.4,0.5
0956030449,02124547,11/14/2013,0.5,0.5,0.5,0.5,0.5,0.8,0.5,0.5,0.6,0.5,0.5,0.5,0.5,1.1,0.4,0.0,0.0,0.0,0.0,0.0,0.0,0.0,0.0,0.0,0.0,0.0,0.0,0.0,0.0,0.0,0.1,0.0,0.7,19.1,37.8,37.8,68.1,69.6,69.5,69.6,69.5,69.4,22.3,5.2,1.8,0.5,0.5,0.5
0956030449,02124547,11/13/2013,0.5,0.5,0.5,0.5,0.8,0.5,0.5,0.5,0.5,0.5,0.5,0.5,0.8,0.9,0.4,0.1,0.0,0.0,0.0,0.0,0.0,0.0,0.0,0.0,0.1,0.0,0.0,0.0,0.0,0.0,0.0,0.0,0.9,19.2,37.9,38.4,52.0,70.3,70.4,69.8,70.2,70.3,37.7,37.1,18.1,0.5,0.5,0.8
0956030449,02124547,11/12/2013,0.4,0.4,0.4,0.7,0.4,0.4,0.4,0.4,0.4,0.4,0.4,0.7,0.5,0.9,0.6,0.4,0.4,0.7,0.4,0.2,0.2,0.1,0.2,0.2,0.1,0.3,0.2,0.2,0.3,0.3,0.3,0.3,1.2,19.5,38.1,52.3,70.3,70.5,70.4,70.3,70.0,70.0,37.6,37.3,18.1,0.7,0.5,0.5
0956030449,02124547,11/11/2013,0.5,0.4,0.5,0.5,0.4,0.7,0.4,0.5,0.4,0.5,0.5,0.4,0.5,0.7,0.6,0.0,0.0,0.0,0.0,0.0,0.0,0.0,0.0,0.0,0.0,0.0,0.0,0.0,0.0,0.0,0.0,0.0,0.9,19.2,37.9,37.8,37.8,68.1,69.6,70.0,69.8,69.5,69.4,69.4,34.7,0.4,0.4,0.4
0956030449,02124547,11/10/2013,0.4,0.5,0.5,0.4,0.4,0.4,0.6,0.5,0.5,0.5,0.4,0.4,0.5,0.4,0.4,0.0,0.0,0.0,0.0,0.0,0.0,0.0,0.0,0.0,0.0,0.0,0.0,0.0,0.0,0.0,0.1,0.1,1.5,33.3,69.7,69.6,69.6,69.5,69.4,69.5,69.7,69.5,69.2,69.3,2.6,0.4,0.7,0.4
0956030449,02124547,11/09/2013,0.5,0.5,0.4,0.4,0.6,0.5,0.4,0.5,0.5,0.4,0.5,0.5,0.7,0.4,0.2,0.0,0.2,0.1,0.0,0.0,0.0,0.0,0.0,0.0,0.0,0.0,0.0,0.0,0.0,0.0,0.1,0.3,1.2,33.6,70.1,70.3,69.3,69.1,69.1,69.2,69.4,69.8,69.4,69.3,2.4,0.4,0.5,0.7
0956030449,02124547,11/08/2013,0.7,0.4,0.4,0.4,0.5,0.4,0.4,0.4,0.7,0.5,0.4,0.5,0.4,0.6,0.3,0.2,0.0,0.0,0.0,0.0,0.0,0.0,0.2,0.0,0.0,0.0,0.0,0.0,0.1,0.1,0.3,0.0,0.8,33.2,69.9,70.3,70.0,69.7,70.0,70.0,69.4,53.9,5.6,5.2,1.8,0.6,0.5,0.4
0956030449,02124547,11/07/2013,0.5,0.4,0.5,0.5,0.5,0.7,0.5,0.5,0.4,0.5,0.5,0.5,0.6,0.9,0.3,0.1,0.1,0.0,0.2,0.1,0.1,0.0,0.0,0.1,0.3,0.6,0.2,0.1,0.0,0.1,0.1,0.1,1.0,33.3,69.8,70.4,70.2,69.7,69.5,69.6,69.1,38.2,37.7,37.8,2.1,0.6,0.6,0.4
0956030449,02124547,11/06/2013,0.5,0.6,0.4,0.4,0.4,0.4,0.4,0.4,0.4,0.6,0.4,0.4,0.4,0.8,0.2,0.1,0.1,0.0,0.0,0.0,0.0,0.0,0.0,0.0,0.0,0.0,0.0,0.0,0.1,0.1,0.0,0.1,0.8,33.5,69.7,70.0,69.7,69.7,69.4,69.2,69.4,53.8,37.4,37.3,18.1,0.5,0.7,0.4
0956030449,02124547,11/05/2013,0.5,0.7,0.5,0.5,0.5,0.5,0.5,0.5,0.7,0.5,0.5,0.5,0.5,0.8,0.3,0.2,0.1,0.0,0.0,0.0,0.0,0.0,0.0,0.0,0.0,0.0,0.0,0.0,0.0,0.0,0.4,0.4,1.0,33.0,69.5,69.7,69.8,69.4,69.4,69.1,69.0,38.0,37.5,37.3,2.0,0.4,0.4,0.4
0956030449,02124547,11/04/2013,0.5,0.8,0.5,0.5,0.6,0.4,0.5,0.5,0.7,0.4,0.5,0.5,0.5,0.9,0.2,0.0,0.1,0.0,0.0,0.0,0.0,0.0,0.0,0.0,0.0,0.0,0.0,0.0,0.0,0.0,0.1,0.0,0.2,28.6,69.5,69.8,69.7,70.0,70.1,69.6,69.9,69.8,69.6,66.6,32.8,0.5,0.5,0.5
0956030449,02124547,11/03/2013,0.5,0.4,0.5,0.5,0.7,0.5,0.5,0.5,0.5,0.5,0.5,0.6,0.6,0.5,0.4,0.4,0.2,0.3,0.0,0.1,0.2,0.0,0.1,0.1,0.0,0.0,0.0,0.0,0.0,0.0,0.1,0.0,0.0,0.2,0.6,29.2,70.0,69.6,69.4,69.3,69.4,69.3,69.1,69.1,69.3,66.4,1.0,0.5,0.5,0.5
0956030449,02124547,11/02/2013,0.5,0.4,0.5,0.5,0.4,0.5,0.6,0.6,0.5,0.5,0.5,0.5,0.5,0.4,0.5,0.8,0.6,0.6,0.1,0.0,0.0,0.0,0.0,0.3,0.1,0.2,0.4,0.0,0.6,0.6,1.0,0.7,1.0,0.7,0.9,29.5,70.2,70.1,69.8,69.9,69.3,69.0,69.0,69.1,5.9,2.7,0.5,0.5
0956030449,02124547,11/01/2013,0.5,0.4,0.5,0.5,0.4,0.5,0.5,0.5,0.7,0.5,0.5,0.4,0.5,0.6,1.0,0.4,0.4,0.8,0.5,0.5,0.4,0.2,0.1,0.1,0.0,0.0,0.0,0.0,0.0,0.0,0.0,0.0,0.0,0.0,0.0,29.1,69.4,69.3,69.2,69.1,68.9,69.0,52.5,68.8,37.9,2.4,0.7,0.5
0956030449,02124547,10/31/2013,0.5,0.5,0.5,0.5,0.5,0.4,0.7,0.5,0.4,0.5,0.5,0.5,0.5,0.6,1.1,0.3,0.3,0.0,0.0,0.1,0.0,0.0,0.0,0.2,0.0,0.0,0.1,0.0,0.0,0.1,0.0,0.2,0.1,0.2,0.4,1.2,16.0,19.5,19.4,19.4,19.3,5.2,5.2,5.3,5.2,2.4,0.7,0.5
0956030449,02124547,10/30/2013,0.6,0.5,0.5,0.6,0.5,0.8,0.5,0.6,0.5,0.6,0.5,0.6,0.5,1.2,0.7,0.5,0.5,0.4,0.3,0.4,0.0,0.0,0.0,0.0,0.0,0.0,0.0,0.0,0.0,0.0,0.0,0.0,0.0,27.4,63.8,65.5,69.0,69.2,69.1,52.8,44.9,68.6,68.8,68.7,21.6,2.8,0.5,0.5
0956030449,02124547,10/29/2013,0.7,0.6,0.8,0.6,0.5,0.6,0.6,0.5,0.6,0.6,0.6,0.8,0.6,0.6,1.9,1.1,0.3,0.0,0.0,0.0,0.0,0.0,0.0,0.0,0.0,0.0,0.0,0.0,0.0,0.0,0.0,0.0,0.0,33.9,78.6,79.6,83.3,83.4,83.5,83.4,83.6,67.2,38.4,5.3,5.3,2.8,0.5,0.6
