6256167476,02120769,7/2/2015,1.1,1.1,1.3,0.9,1.2,1.0,1.1,0.9,1.3,1.3,0.7,1.3,1.7,1.5,1.7,2.3,1.7,1.6,1.6,1.4,1.7,1.6,1.4,1.2
6256167476,02120769,7/1/2015,1.2,1.3,2.0,1.3,1.1,1.5,0.9,1.1,1.3,1.0,1.1,1.3,1.3,1.8,1.7,2.2,1.8,1.6,1.8,1.6,1.5,1.4,1.7,1.2,1.3,1.3,1.2,1.5,1.4,1.3,1.1,1.3,1.2,1.3,1.8,1.4,1.8,1.6,1.4,1.9,2.1,2.1,1.8,1.8,1.8,1.2,1.7,1.2
6256167476,02120769,6/30/2015,1.3,1.2,0.9,1.3,0.9,1.3,0.9,1.3,0.9,1.2,0.8,1.3,1.7,1.8,1.8,1.8,1.8,1.7,1.7,1.5,1.8,1.2,1.3,1.3,1.6,1.3,1.3,1.2,1.3,1.1,1.4,1.6,1.3,1.2,1.7,1.2,1.6,1.6,1.6,1.4,1.8,1.7,1.3,1.7,1.4,1.5,1.4,1.3
6256167476,02120769,6/29/2015,1.2,1.1,0.7,1.1,0.7,1.1,0.8,1.2,0.9,1.3,0.9,1.3,1.6,1.8,1.6,1.9,2.1,1.3,1.6,1.3,1.7,1.1,1.3,1.8,1.4,1.2,1.7,1.4,1.2,1.4,1.1,1.8,1.2,1.3,1.2,1.3,1.8,1.2,1.9,1.8,1.3,1.6,1.7,1.4,1.8,1.2,1.2,1.2
6256167476,02120769,6/28/2015,0.9,1.3,1.3,1.4,0.9,1.3,0.9,1.2,0.8,1.2,0.9,1.3,1.1,1.3,1.3,1.4,1.7,1.7,1.8,1.8,1.7,2.0,1.8,1.8,1.6,1.8,1.3,1.6,1.7,1.3,1.9,1.7,1.8,1.3,1.6,1.3,1.7,1.6,1.4,1.8,1.6,1.3,1.8,1.7,1.4,1.7,1.2,1.6
6256167476,02120769,6/27/2015,1.3,1.3,0.8,1.1,0.9,1.3,0.9,0.9,1.2,1.1,1.3,1.2,1.0,1.5,1.3,1.3,2.2,1.8,1.8,2.3,1.6,1.8,1.8,1.9,1.6,1.7,1.3,1.8,1.7,1.8,2.3,1.6,1.9,1.6,1.2,1.8,1.8,1.4,2.4,1.3,1.8,2.4,1.1,2.0,1.5,1.3,1.4,1.4
6256167476,02120769,6/26/2015,1.3,1.3,1.3,0.9,1.2,1.0,1.2,1.3,0.9,1.2,0.9,1.6,1.5,1.8,2.2,1.7,1.8,1.9,1.7,1.8,1.2,1.7,1.3,1.2,1.7,1.3,1.3,1.3,1.4,1.3,1.6,1.3,1.3,1.3,1.7,1.3,1.3,1.6,1.8,1.7,1.4,1.2,1.8,1.5,1.8,1.2,1.2,1.3
6256167476,02120769,6/25/2015,1.2,0.9,1.3,1.3,0.9,1.3,0.8,1.2,0.9,1.3,1.2,1.2,1.5,1.9,2.1,1.8,1.7,1.8,1.8,1.8,1.2,1.7,1.3,1.7,1.1,1.3,1.7,1.1,1.4,1.3,1.3,1.3,1.2,1.3,1.7,1.2,1.6,1.5,1.2,1.6,1.8,1.2,1.7,1.4,2.2,1.3,1.4,1.3
6256167476,02120769,6/24/2015,1.3,0.8,1.3,1.3,0.9,1.3,0.8,1.3,0.9,1.3,1.2,1.3,1.5,2.0,1.9,2.1,2.6,2.1,1.5,1.8,1.1,1.8,1.3,1.3,1.2,1.7,1.3,1.4,1.3,1.3,1.2,1.3,1.6,1.3,1.3,1.6,1.4,1.6,1.5,1.6,1.6,1.4,1.7,1.3,1.7,1.5,1.7,1.3
6256167476,02120769,6/23/2015,1.3,0.8,1.3,1.3,0.9,1.3,0.9,1.2,0.9,1.3,1.1,1.3,1.8,1.6,1.8,1.8,1.6,1.8,1.6,1.8,1.2,1.6,1.5,1.3,1.1,1.3,1.6,1.1,1.3,1.2,1.2,1.3,1.1,1.2,1.3,1.5,1.5,1.4,1.8,2.2,1.8,1.7,1.2,1.7,1.5,1.6,1.3,1.3
6256167476,02120769,6/22/2015,1.3,0.8,1.3,1.2,0.9,1.3,0.8,1.3,0.9,1.1,1.5,1.4,1.8,1.6,1.8,2.0,1.9,1.8,1.7,1.7,1.3,1.7,1.2,1.7,1.2,1.7,1.1,1.8,1.2,1.7,1.4,1.1,1.7,1.3,1.1,1.7,1.3,1.7,1.7,1.8,1.6,1.7,1.7,1.3,1.6,1.4,1.5,1.3
6256167476,02120769,6/21/2015,1.3,1.3,1.4,1.3,0.9,1.3,0.8,1.3,0.9,1.3,0.9,1.2,1.3,1.3,1.4,1.3,1.6,1.8,2.4,1.8,2.6,1.8,1.6,1.8,1.6,1.7,1.3,1.8,1.6,1.5,1.5,1.6,1.3,1.6,1.5,1.4,1.7,1.7,1.9,1.7,1.7,1.4,1.5,1.7,1.6,1.3,1.7,1.2
6256167476,02120769,6/20/2015,1.3,1.0,1.2,0.9,1.3,1.1,1.1,1.1,1.0,1.4,0.9,1.1,0.9,1.6,1.4,1.8,1.8,1.8,1.7,1.9,1.8,1.8,2.1,1.6,1.7,1.5,1.8,1.6,1.3,1.7,1.5,1.5,1.7,1.9,1.2,1.7,1.6,1.8,1.2,1.8,1.9,1.1,0.0,1.9,3.9,1.8,1.6,1.4
6256167476,02120769,6/19/2015,1.4,0.9,1.2,0.9,1.3,1.3,0.8,1.3,0.9,1.1,1.4,1.3,1.6,1.7,2.0,2.1,1.3,1.8,1.8,1.8,1.4,1.6,1.4,1.2,1.4,1.4,1.5,1.4,1.4,1.4,1.2,1.4,1.2,1.4,1.6,1.3,1.7,1.3,1.8,1.2,1.8,1.2,1.3,1.7,1.2,1.6,1.6,1.3
6256167476,02120769,6/18/2015,1.3,1.2,1.3,0.9,1.2,0.9,1.3,1.3,0.8,1.3,0.9,1.7,1.4,1.8,1.8,1.8,1.7,1.8,1.8,1.2,1.4,1.8,1.2,1.4,1.8,1.2,1.4,1.2,1.6,1.4,1.4,1.2,1.4,1.2,1.9,1.9,1.6,1.8,1.3,1.6,1.8,1.4,1.6,1.8,1.3,1.8,1.4,1.3
6256167476,02120769,6/17/2015,1.2,0.9,1.4,0.8,1.4,0.9,1.2,0.8,1.3,0.9,1.4,1.3,1.8,1.8,1.8,2.0,1.7,1.7,1.6,1.3,1.8,1.2,1.3,1.6,1.4,1.3,1.3,1.7,1.5,1.2,1.4,1.4,1.4,1.4,1.2,1.3,1.8,1.3,1.7,1.4,1.7,1.3,1.8,1.8,1.3,1.4,1.8,0.9
6256167476,02120769,6/16/2015,1.4,1.3,0.9,1.2,0.9,1.0,1.3,0.8,0.9,1.3,0.9,1.2,1.8,1.8,1.9,2.0,2.0,1.4,1.8,1.4,1.6,1.3,1.2,1.2,1.3,1.3,1.6,1.2,1.2,1.3,1.1,1.4,1.2,1.2,1.3,1.6,1.2,1.8,1.7,1.6,1.7,1.8,1.3,1.7,1.4,1.6,1.4,1.3
6256167476,02120769,6/15/2015,1.3,1.2,0.9,1.3,0.9,1.2,0.9,1.3,1.1,0.9,1.3,1.4,1.7,1.9,2.2,1.7,1.9,2.2,1.7,1.5,1.7,1.2,1.8,1.3,1.2,1.3,1.2,1.3,1.2,1.5,1.4,1.5,1.1,1.2,1.4,1.5,1.8,1.7,1.3,1.9,1.7,1.3,1.8,1.2,1.8,1.3,1.2,1.3
6256167476,02120769,6/14/2015,1.3,1.1,0.9,1.3,1.2,1.1,0.9,1.3,0.8,1.3,0.9,1.3,1.2,1.1,1.6,1.2,1.8,1.3,1.6,1.8,1.6,1.8,1.9,1.8,1.6,1.8,1.7,1.4,2.1,1.3,1.6,1.1,1.8,1.6,1.8,1.8,1.7,1.7,1.8,1.4,1.6,1.8,2.0,1.6,1.3,1.4,1.6,1.3
6256167476,02120769,6/13/2015,1.3,1.3,1.2,0.8,1.3,0.9,1.2,0.7,0.8,1.2,0.8,1.1,1.2,1.1,1.5,1.4,1.5,1.8,1.7,1.7,1.8,1.6,1.8,1.7,1.4,1.7,1.7,1.3,1.6,1.8,1.2,1.7,1.2,1.9,1.3,1.6,1.8,1.6,1.3,1.3,1.7,1.4,1.5,1.4,1.5,1.4,1.2,1.3
6256167476,02120769,6/12/2015,1.2,0.9,1.3,0.9,1.3,0.9,1.3,1.1,1.3,0.9,1.3,1.3,1.6,1.6,1.8,2.2,1.8,1.4,1.6,1.7,1.3,1.4,1.6,1.3,1.2,1.8,1.3,1.3,1.2,1.3,1.2,1.3,1.6,1.2,1.3,1.6,1.3,1.8,1.7,1.3,1.7,1.4,1.6,1.4,1.3,1.3,1.5,1.3
6256167476,02120769,6/11/2015,1.3,1.3,0.8,1.6,0.9,1.0,1.1,0.9,1.2,1.0,1.0,1.2,1.7,1.7,1.8,2.3,1.8,1.7,2.0,1.3,1.3,1.3,1.6,1.3,1.3,1.2,1.3,1.6,1.3,1.2,1.3,1.2,1.3,1.2,1.5,1.4,1.8,1.4,1.8,1.6,1.3,1.8,1.4,1.5,1.8,1.3,1.3,1.3
6256167476,02120769,6/10/2015,1.3,1.2,0.9,1.5,0.9,1.3,0.8,1.2,0.9,1.3,0.9,1.3,1.8,1.8,1.9,1.8,1.7,1.8,2.0,1.4,1.6,1.3,1.3,1.3,1.7,1.3,1.3,1.4,1.2,1.3,1.4,1.3,1.2,1.8,1.4,1.6,1.6,1.6,1.5,1.8,1.5,1.5,1.8,1.4,1.7,1.3,1.3,1.3
6256167476,02120769,6/9/2015,1.2,1.2,0.9,1.3,1.1,1.1,1.0,0.8,1.2,0.9,1.2,1.3,1.7,1.8,1.8,2.1,1.8,1.5,1.7,1.5,1.7,1.3,1.3,1.3,1.4,1.6,1.4,1.2,1.3,1.3,1.3,1.2,1.3,1.3,1.4,1.8,1.4,1.6,1.8,1.8,1.7,1.4,1.7,1.8,1.3,1.4,1.3,1.3
6256167476,02120769,6/8/2015,1.3,0.9,1.3,0.9,1.2,0.9,1.3,1.1,0.9,1.2,1.1,1.0,1.7,1.8,2.3,1.7,1.8,1.7,1.7,1.3,1.7,1.5,1.3,1.1,1.3,1.7,1.1,1.5,1.2,1.3,1.3,1.3,1.2,1.3,1.3,1.8,1.6,1.7,1.8,1.8,1.4,1.8,1.7,1.4,1.8,1.3,1.3,1.2
6256167476,02120769,6/7/2015,1.3,1.3,1.3,0.9,1.3,0.9,1.3,1.2,0.9,1.3,0.9,1.2,1.5,0.9,1.5,1.4,1.7,1.8,1.8,1.8,1.8,1.9,1.6,1.7,1.7,1.8,1.9,1.3,1.7,1.7,1.3,1.7,1.8,1.3,1.7,1.8,1.8,1.7,1.8,1.8,1.8,1.5,1.8,1.8,1.5,1.6,1.3,1.3
6256167476,02120769,6/6/2015,1.3,1.3,1.2,0.9,1.5,1.3,0.8,0.9,1.3,0.9,1.3,1.0,1.0,1.3,1.7,1.5,1.4,1.9,1.8,1.6,1.7,1.7,2.0,1.6,1.7,1.7,1.3,1.3,1.7,1.4,1.7,1.8,1.3,1.4,1.7,1.8,1.6,1.5,1.7,1.3,1.8,1.5,1.6,1.4,1.6,1.3,1.5,1.3
6256167476,02120769,6/5/2015,1.2,1.0,1.3,0.9,1.3,0.9,1.2,0.9,0.9,1.2,1.3,1.3,1.3,2.0,1.8,2.3,1.8,1.8,1.8,1.6,1.3,1.8,1.3,1.3,2.0,1.1,1.4,1.3,1.2,1.7,1.3,1.2,1.3,1.3,1.3,1.6,1.4,1.7,1.3,1.8,1.3,1.7,1.3,1.2,1.7,1.3,1.2,1.3
6256167476,02120769,6/4/2015,1.5,0.8,1.3,0.8,1.3,0.9,1.3,0.9,1.3,0.9,1.2,1.3,1.9,1.8,1.8,2.2,1.6,1.8,1.5,1.6,1.3,1.7,1.3,1.3,1.4,1.4,1.5,1.3,1.3,1.3,1.7,1.2,0.9,1.3,1.7,1.7,1.8,1.4,1.7,1.7,1.3,1.7,1.2,1.8,1.3,1.7,1.3,1.3
6256167476,02120769,6/3/2015,1.1,1.3,0.9,1.3,0.8,1.2,0.9,1.2,0.9,1.5,0.9,1.2,1.7,1.8,2.3,1.8,1.7,1.7,1.8,1.3,1.3,1.7,1.5,1.3,1.2,1.2,1.3,1.7,1.3,1.2,1.3,1.3,1.2,1.7,1.3,1.6,1.6,1.7,1.7,1.3,1.7,1.7,1.8,1.3,1.7,1.2,1.3,1.3
6256167476,02120769,6/2/2015,0.9,1.3,1.5,1.3,1.4,1.3,1.4,0.9,1.3,1.1,1.1,1.2,1.7,1.8,2.4,1.8,1.9,2.0,1.6,1.5,1.4,1.8,1.3,1.7,1.2,1.3,1.4,1.3,1.3,1.2,1.4,1.4,1.6,1.3,1.3,1.7,1.3,1.7,1.3,1.7,1.7,1.7,1.3,1.7,1.5,1.7,1.3,0.9
6256167476,02120769,6/1/2015,1.3,0.9,1.3,0.9,1.4,0.9,1.3,0.9,0.9,1.3,1.4,1.3,1.4,2.3,1.9,2.5,1.9,1.8,1.8,1.3,1.4,1.8,1.3,1.2,1.4,1.4,1.3,1.6,1.3,1.2,1.4,1.4,1.5,1.3,1.5,1.8,1.8,3.0,1.9,1.9,1.7,1.8,1.8,1.4,1.8,1.7,1.5,1.7
6256167476,02120769,5/31/2015,1.3,1.3,0.9,1.3,0.9,1.4,0.9,1.4,0.9,1.3,1.5,0.9,1.3,1.4,1.3,1.7,1.7,1.8,1.8,1.9,2.4,1.9,1.8,1.7,1.5,1.8,1.7,1.8,1.3,1.7,1.7,1.7,1.4,1.7,1.8,1.4,1.7,1.9,1.7,1.9,1.7,1.8,1.4,1.8,1.4,1.7,1.6,1.3
6256167476,02120769,5/30/2015,1.3,1.3,0.9,1.4,0.9,1.3,0.9,1.6,0.9,0.9,1.3,1.3,0.9,1.3,1.8,1.8,1.8,1.8,1.8,1.8,1.8,1.7,2.0,1.4,1.7,1.8,1.3,1.8,1.3,1.7,1.5,1.6,1.8,1.5,1.6,1.8,1.9,1.2,1.8,1.6,1.5,2.1,1.4,1.7,1.5,1.3,1.3,1.4
6256167476,02120769,5/29/2015,1.1,1.3,1.3,0.9,1.4,0.8,1.5,1.0,1.4,0.9,1.3,1.3,1.8,1.8,1.8,2.3,1.8,1.8,1.4,1.7,1.4,1.6,1.4,1.5,1.4,1.3,1.5,1.2,1.4,1.6,1.5,1.2,1.4,1.4,1.3,1.7,1.4,1.7,1.5,1.9,1.8,1.4,1.3,1.8,1.4,1.3,1.4,1.3
6256167476,02120769,5/28/2015,1.4,0.9,1.3,0.9,1.3,1.1,1.3,1.0,0.9,1.3,1.1,1.6,1.2,1.7,2.4,1.9,1.8,1.7,1.8,1.3,2.0,1.4,1.9,1.3,1.4,1.1,1.4,1.4,1.5,1.3,1.2,1.3,1.2,1.3,1.3,1.3,2.4,1.9,1.8,2.0,1.8,1.4,1.8,1.8,1.3,1.5,1.6,1.2
6256167476,02120769,5/27/2015,0.9,1.3,1.3,1.1,1.3,0.9,0.9,1.4,0.9,1.3,0.9,1.4,1.7,1.8,2.3,1.7,1.8,1.8,1.4,2.0,1.3,1.4,1.6,1.3,1.8,1.2,1.3,1.6,1.4,1.3,1.3,1.3,1.2,1.4,1.5,1.7,1.4,1.8,1.8,1.8,1.7,1.4,1.8,1.8,1.3,1.7,1.4,1.3
6256167476,02120769,5/26/2015,1.3,0.9,1.3,1.2,1.4,1.0,0.9,1.3,0.9,1.4,0.9,1.2,1.8,1.9,1.9,2.0,2.2,1.5,1.8,1.8,1.4,1.8,1.3,1.5,1.7,1.3,1.2,1.4,1.4,1.3,1.3,1.3,1.6,1.4,1.5,1.5,1.6,1.8,1.8,1.6,1.4,1.8,1.8,1.7,1.4,1.8,1.3,1.3
6256167476,02120769,5/25/2015,1.3,0.9,1.4,0.9,1.4,1.0,1.3,0.9,0.9,1.3,0.9,1.3,0.9,1.3,1.2,1.8,1.4,1.8,1.8,2.0,1.7,1.8,1.8,1.8,1.8,1.8,1.5,1.6,1.7,1.6,1.3,1.7,1.6,1.5,1.6,1.9,1.7,2.0,2.0,1.9,1.8,1.9,1.4,1.8,1.9,1.3,1.4,1.3
6256167476,02120769,5/24/2015,1.4,1.2,1.4,0.9,1.3,1.4,0.8,1.2,0.9,1.3,1.1,1.3,0.8,1.4,1.3,1.7,1.4,1.8,1.7,1.8,1.8,1.3,1.8,1.8,1.4,1.3,1.8,1.3,1.5,1.7,1.3,1.3,1.8,1.4,1.3,1.8,1.4,1.8,1.4,2.0,1.4,1.8,1.2,1.8,1.4,1.3,1.4,1.3
6256167476,02120769,5/23/2015,1.3,1.4,0.8,1.2,0.9,1.3,1.1,0.9,1.2,0.9,1.4,0.9,1.2,1.4,1.3,1.8,1.4,1.7,2.1,1.8,1.9,1.7,1.3,1.8,1.4,1.7,1.3,1.8,1.4,1.7,1.3,1.9,1.4,1.8,1.3,1.2,1.9,1.3,1.3,1.4,1.7,1.4,1.5,1.5,1.4,1.4,1.4,1.3
6256167476,02120769,5/22/2015,1.4,0.9,1.2,0.9,1.4,1.1,0.9,1.3,0.9,1.2,0.9,1.3,1.8,1.5,2.1,1.8,2.1,1.8,1.7,1.6,1.7,1.2,1.8,1.4,1.3,1.6,1.5,1.3,1.6,1.3,1.3,1.3,1.7,1.4,1.2,1.5,1.6,1.2,1.8,1.4,1.2,1.9,1.8,1.3,1.3,1.4,1.2,1.4
6256167476,02120769,5/21/2015,1.4,0.9,1.2,1.2,1.3,0.8,1.4,1.0,0.8,1.3,1.4,1.3,1.4,1.9,2.3,1.7,2.1,1.4,1.7,1.4,1.7,1.8,1.2,1.3,1.4,1.3,1.6,1.4,1.3,1.7,1.5,1.3,1.4,1.2,1.4,1.3,1.4,1.7,1.3,1.8,1.8,1.6,1.7,1.3,1.4,1.3,1.3,1.3
6256167476,02120769,5/20/2015,0.9,1.3,1.4,1.0,1.0,1.4,0.9,1.3,1.0,1.6,0.9,1.4,1.9,2.0,2.3,1.9,1.7,1.7,1.8,1.4,1.8,1.3,1.2,1.6,1.3,1.4,1.2,1.3,1.4,1.4,1.3,1.4,1.3,1.4,1.3,1.7,1.5,1.6,1.8,1.9,1.7,1.6,1.6,1.5,1.5,1.6,1.4,1.3
6256167476,02120769,5/19/2015,1.6,1.6,1.1,1.5,1.6,1.1,1.5,1.2,1.6,1.5,1.6,1.6,2.0,1.9,2.4,2.3,1.4,1.8,1.9,1.9,1.4,1.4,1.4,2.0,1.4,1.3,1.4,1.4,1.3,1.4,1.3,1.3,1.4,1.3,1.5,1.6,1.6,1.6,1.9,1.3,1.8,1.9,1.9,1.4,1.4,1.7,1.4,1.3
6256167476,02120769,5/18/2015,1.4,1.2,1.5,1.5,1.1,1.6,1.1,1.7,1.1,1.5,1.6,1.4,2.0,2.1,2.5,2.2,2.2,2.3,1.5,2.0,1.6,1.8,1.9,1.9,1.5,1.4,1.5,1.5,1.5,1.5,1.4,1.6,1.8,1.5,1.6,1.9,1.6,2.1,1.8,2.1,2.0,2.2,1.9,1.6,2.0,1.5,1.8,2.3
6256167476,02120769,5/17/2015,1.5,1.6,1.1,1.6,1.1,1.4,1.1,1.1,1.5,1.3,1.5,1.1,1.5,1.5,1.6,1.9,2.0,1.9,2.1,2.0,2.2,1.8,2.2,2.2,2.0,1.6,1.8,2.0,1.6,1.9,1.5,2.0,1.4,2.1,1.5,1.9,1.7,1.9,2.1,2.0,2.2,1.9,2.2,1.9,2.1,1.5,2.0,1.5
6256167476,02120769,5/16/2015,1.7,1.6,1.1,1.4,1.1,1.2,1.6,1.0,1.2,1.5,1.0,1.6,1.5,1.8,1.5,2.0,1.9,2.0,2.1,2.1,1.9,2.1,2.0,1.8,1.7,1.5,2.0,1.8,2.0,1.6,1.9,2.1,1.5,2.0,2.1,1.4,2.0,2.1,2.1,2.0,1.7,2.0,1.5,2.1,1.7,1.5,1.5,1.5
6256167476,02120769,5/15/2015,1.6,1.5,1.1,1.5,1.1,1.5,1.1,1.5,1.3,1.5,1.0,1.6,1.8,2.1,2.1,1.9,2.1,2.0,1.9,1.8,2.0,1.5,1.9,1.6,1.6,1.5,1.5,1.5,1.6,1.4,1.6,1.5,1.4,1.7,2.2,1.6,1.9,1.5,2.0,1.6,1.8,1.5,1.8,1.7,1.6,1.6,1.5,1.5
6256167476,02120769,5/14/2015,1.3,0.9,1.3,1.0,1.4,1.0,1.1,1.3,1.0,1.4,1.0,1.3,1.9,1.9,2.4,1.9,1.9,2.1,1.7,1.6,1.3,1.8,1.5,1.6,1.4,1.6,1.5,1.5,1.4,1.9,1.9,1.3,1.5,1.6,1.5,1.5,2.0,1.6,2.0,2.0,1.5,2.0,1.9,1.8,2.0,1.5,1.5,1.5
6256167476,02120769,5/13/2015,1.5,1.5,1.2,1.2,1.0,1.4,1.0,0.9,1.3,1.0,1.4,1.4,1.7,1.9,2.3,2.2,1.9,1.7,1.4,1.9,1.5,1.8,1.2,1.5,1.6,1.5,1.3,1.4,1.4,2.0,0.8,1.3,1.4,1.6,1.5,1.4,1.3,1.4,1.8,1.5,1.8,1.8,1.9,1.4,1.8,1.4,1.4,1.3
6256167476,02120769,5/12/2015,1.5,0.9,1.4,1.0,1.3,1.1,1.4,1.0,1.3,0.9,1.4,1.4,1.8,1.9,2.4,2.1,1.7,2.1,1.9,2.0,1.4,1.5,1.2,1.7,1.6,1.2,1.4,1.3,1.4,1.4,1.2,1.8,1.4,1.4,1.4,1.6,1.7,1.5,1.8,1.9,1.9,1.7,1.5,1.8,1.5,1.4,1.7,1.0
6256167476,02120769,5/11/2015,1.5,0.8,1.5,1.0,1.4,0.9,1.3,1.1,1.0,1.5,1.2,1.5,1.5,2.0,2.4,1.9,2.0,1.8,1.5,1.8,1.4,1.8,1.2,1.5,1.3,1.6,1.5,1.5,1.4,1.3,1.4,1.4,1.3,1.5,1.4,1.7,1.5,1.8,2.2,1.8,2.0,1.4,1.7,1.9,1.4,1.8,1.4,1.4
6256167476,02120769,5/10/2015,1.4,1.6,0.9,1.4,1.0,1.4,0.9,1.4,0.9,1.0,1.4,0.9,1.5,1.5,1.4,1.3,2.0,1.8,2.0,2.0,1.8,2.1,1.8,1.8,1.9,1.9,1.7,1.9,1.5,1.7,1.4,1.9,1.4,1.6,1.6,1.9,1.4,1.8,2.1,1.7,2.1,1.7,1.7,2.0,1.9,1.5,1.2,1.4
6256167476,02120769,5/9/2015,1.3,1.1,1.4,0.9,1.6,1.0,1.4,0.9,1.0,1.5,0.8,1.4,1.0,1.3,1.8,1.6,1.6,2.1,1.9,1.8,1.8,2.0,1.9,1.4,1.8,1.9,1.3,1.4,2.0,1.2,1.5,1.6,1.8,1.5,1.6,1.5,2.0,1.3,2.0,1.8,1.5,1.8,1.3,2.0,1.4,1.4,1.5,1.4
6256167476,02120769,5/8/2015,1.5,1.2,1.0,1.4,1.0,1.2,1.1,0.8,1.4,1.0,1.4,1.4,1.9,1.9,2.0,2.4,1.8,1.9,1.4,2.0,1.4,1.3,1.8,1.6,1.2,1.5,1.5,1.4,1.2,1.4,1.5,1.2,1.2,1.4,1.5,1.7,1.4,1.7,1.8,1.4,2.1,1.4,1.7,1.5,1.5,1.7,1.5,1.4
6256167476,02120769,5/7/2015,1.5,1.0,1.3,1.0,1.2,1.3,1.0,1.5,1.0,1.5,1.0,1.4,1.7,2.1,2.6,1.8,1.9,2.2,1.7,1.5,1.8,1.5,1.8,1.3,1.5,1.4,1.4,1.4,1.3,1.4,1.7,1.2,1.7,1.6,1.4,1.5,1.3,1.9,1.6,1.7,2.1,1.8,1.5,1.7,1.4,1.7,1.6,1.2
6256167476,02120769,5/6/2015,1.4,1.0,1.4,0.9,1.3,1.1,1.3,1.0,1.4,1.2,1.3,1.4,2.0,2.1,2.4,2.0,1.7,2.1,1.9,1.6,1.5,1.8,1.4,1.4,1.5,1.5,1.5,1.4,1.8,1.5,1.5,1.2,1.5,1.5,1.4,1.4,1.9,1.8,2.1,2.1,2.0,1.3,1.9,1.6,1.8,1.3,1.5,1.3
6256167476,02120769,5/5/2015,1.0,1.4,1.0,1.4,0.9,1.3,0.9,1.1,1.6,0.9,1.3,1.4,1.9,2.1,1.8,2.1,2.9,1.4,1.9,1.5,2.2,3.6,1.1,1.0,1.1,1.9,1.4,1.7,1.3,1.4,1.4,1.6,1.7,1.4,1.8,1.8,2.1,1.8,1.6,1.9,2.1,1.7,1.9,1.8,1.5,1.8,1.5,1.7
6256167476,02120769,5/4/2015,1.5,0.8,1.4,1.0,1.4,0.9,1.0,1.2,1.0,1.4,0.8,1.5,1.8,1.8,2.5,2.2,1.8,1.9,1.6,1.5,1.5,1.4,1.4,1.4,1.7,1.1,1.3,1.3,1.6,1.3,1.4,1.4,1.5,1.6,1.7,1.5,1.5,1.8,2.0,1.6,1.8,1.8,1.5,2.0,1.9,1.5,1.2,1.4
6256167476,02120769,5/3/2015,1.3,1.3,1.2,1.5,1.2,0.9,1.4,1.0,1.3,1.0,1.4,1.0,1.2,1.4,1.6,1.4,1.9,1.9,1.8,1.9,2.4,1.9,2.0,1.3,1.9,1.8,1.5,1.8,1.4,1.4,1.7,1.4,1.9,1.7,1.4,1.9,1.4,1.8,1.7,1.9,1.8,1.8,1.9,1.4,1.9,1.4,1.2,1.5
6256167476,02120769,5/2/2015,0.9,1.4,1.3,1.0,1.2,1.3,0.9,1.4,0.8,1.0,1.3,1.0,1.4,1.4,1.5,2.2,1.9,1.9,2.0,2.0,1.9,1.9,1.4,1.9,1.8,1.4,1.6,1.8,1.5,1.3,1.8,1.5,1.4,1.7,1.4,1.8,1.3,1.4,2.0,1.5,1.4,1.8,1.3,1.8,1.4,1.3,1.4,1.4
6256167476,02120769,5/1/2015,1.0,1.4,0.8,1.3,1.0,1.5,1.0,1.0,1.4,1.0,1.4,1.2,1.5,2.0,1.9,1.9,1.9,1.9,1.9,2.1,1.2,1.8,1.5,1.4,1.4,1.4,1.4,1.2,1.4,1.3,1.6,1.4,1.5,1.2,1.8,1.5,1.3,1.9,1.5,1.8,1.3,2.0,1.5,1.4,1.7,1.5,1.4,1.4
6256167476,02120769,4/30/2015,1.2,1.4,0.9,1.2,0.9,1.0,1.4,0.8,1.4,1.0,1.5,1.4,1.4,2.0,2.2,2.0,2.2,2.8,1.9,1.9,2.5,2.1,1.9,2.1,1.5,1.3,1.6,2.0,1.3,1.3,1.2,1.2,1.7,1.4,1.2,1.5,1.7,1.4,1.7,1.5,1.9,1.7,1.4,1.5,2.0,1.2,1.4,1.3
6256167476,02120769,4/29/2015,1.0,1.7,0.8,1.4,1.0,1.5,0.8,1.0,1.4,0.9,1.3,1.4,2.1,1.6,2.4,1.8,2.0,1.9,1.5,1.8,1.4,1.5,1.6,1.3,1.4,1.5,1.4,1.2,1.4,1.4,1.4,1.3,1.7,1.2,1.8,1.4,1.8,1.4,1.9,1.4,1.8,1.8,1.8,1.5,1.3,1.8,1.6,1.0
6256167476,02120769,4/28/2015,1.2,1.4,1.3,1.4,0.9,1.6,1.0,1.7,1.2,1.7,1.0,1.5,2.0,2.0,2.3,2.0,2.4,2.2,2.1,1.9,1.7,1.4,1.8,1.8,1.4,1.2,1.5,1.5,1.3,1.1,1.4,1.5,1.4,1.3,1.4,1.5,1.8,1.5,1.9,1.8,1.9,1.4,1.9,1.5,1.8,1.3,1.4,1.4
6256167476,02120769,4/27/2015,1.0,1.4,1.0,1.4,0.9,1.5,1.1,1.1,1.6,0.9,1.4,1.7,1.8,2.0,2.0,2.7,2.1,1.8,1.9,1.8,1.6,1.9,1.5,1.2,2.2,1.5,1.5,1.4,1.4,1.5,1.3,1.8,1.4,1.4,1.3,1.5,2.1,1.4,1.8,2.0,1.7,1.8,1.9,1.4,1.8,1.8,1.6,1.5
6256167476,02120769,4/26/2015,1.7,1.4,1.2,1.4,1.3,1.5,1.3,1.4,1.3,1.7,1.3,1.3,1.5,1.9,1.8,1.3,2.2,2.0,2.3,2.4,2.2,2.3,1.7,2.6,2.2,1.6,1.9,1.9,1.5,1.8,1.4,1.9,1.3,2.1,1.4,1.9,1.8,1.9,1.5,1.9,1.9,1.8,1.4,1.9,1.7,1.8,1.4,1.3
6256167476,02120769,4/25/2015,1.2,1.4,1.5,1.5,1.2,1.0,1.6,1.0,1.4,1.3,1.5,1.0,1.7,1.6,1.7,1.6,1.8,2.2,1.9,2.2,1.9,1.9,2.3,2.2,2.0,1.9,1.9,1.7,1.8,1.5,2.0,1.4,1.5,2.4,1.4,1.8,1.8,1.9,1.9,1.6,1.9,2.0,1.8,1.4,1.9,1.6,1.7,1.5
6256167476,02120769,4/24/2015,1.0,1.8,1.5,0.9,1.6,1.2,1.3,1.3,1.2,1.5,1.7,1.6,1.7,2.3,2.1,2.8,2.3,1.5,2.2,1.7,2.2,1.8,1.8,1.8,1.7,1.5,1.7,1.7,1.4,2.0,1.8,1.4,1.8,1.4,1.5,1.8,1.3,1.9,1.5,1.3,1.9,1.7,1.9,1.7,1.4,1.4,1.7,1.6
6256167476,02120769,4/23/2015,1.0,1.5,1.0,1.4,0.8,1.5,1.0,1.4,1.0,1.3,1.2,1.4,2.0,1.9,2.2,2.4,2.0,2.2,1.3,1.9,1.7,1.7,1.4,1.3,1.8,1.4,1.9,1.7,1.3,1.4,1.6,1.0,1.7,1.5,1.4,1.5,1.4,1.9,1.4,1.9,2.1,1.7,1.5,1.7,1.4,2.2,1.5,1.3
6256167476,02120769,4/22/2015,1.5,1.0,1.2,1.2,1.5,1.0,1.2,1.0,1.4,0.9,1.4,1.5,1.2,2.0,2.8,1.8,2.0,2.0,1.2,1.9,1.5,1.2,1.9,1.5,1.2,1.6,1.5,1.4,1.4,1.5,1.3,1.5,1.4,1.3,1.9,1.4,1.9,1.5,1.9,1.3,1.9,1.9,1.8,1.5,1.5,1.7,1.4,1.6
6256167476,02120769,4/21/2015,1.0,1.2,1.1,1.3,1.4,1.0,1.4,1.0,1.3,1.0,1.4,1.4,1.8,2.0,2.0,1.8,2.2,1.9,1.5,1.8,1.3,1.9,1.4,1.5,1.3,1.4,1.5,1.6,1.3,1.4,1.5,1.2,1.4,1.5,1.4,1.4,2.1,1.4,1.8,2.1,1.9,1.3,1.8,1.7,1.6,1.3,1.5,1.2
6256167476,02120769,4/20/2015,1.1,1.3,1.4,1.3,1.4,1.5,1.4,1.1,1.2,1.4,1.2,1.4,1.4,2.3,2.0,1.8,2.0,2.0,1.7,1.8,1.4,1.4,1.8,1.4,1.3,1.4,1.4,1.3,1.7,1.3,1.4,1.4,1.2,1.5,1.5,1.7,1.3,1.9,1.9,1.5,1.9,2.0,1.9,1.5,1.7,1.5,1.3,1.5
6256167476,02120769,4/19/2015,0.9,1.4,1.0,1.2,1.0,1.3,1.2,0.9,1.4,0.8,1.0,1.3,1.1,1.2,1.3,1.5,1.8,1.9,2.0,1.8,2.0,1.8,1.9,1.8,1.9,1.2,1.9,1.4,1.7,1.4,1.7,1.8,1.3,1.9,1.4,1.8,1.4,1.9,1.9,1.7,1.9,1.8,1.6,1.9,1.9,1.2,1.8,1.2
6256167476,02120769,4/18/2015,1.4,1.2,1.0,1.2,1.5,1.2,1.3,1.0,1.3,0.8,1.1,1.2,1.3,1.5,1.2,1.9,1.9,2.0,2.0,2.0,1.8,1.9,1.8,1.4,2.0,1.6,1.6,1.7,1.3,1.8,1.7,1.4,1.9,1.4,1.4,1.8,1.5,1.8,1.4,1.9,1.4,1.8,1.5,1.5,1.9,1.4,1.4,1.3
6256167476,02120769,4/17/2015,1.4,1.4,0.8,1.4,1.0,1.2,1.0,1.3,1.1,1.2,1.4,1.4,1.4,2.1,2.2,1.9,2.0,1.7,2.1,1.7,1.5,1.9,1.2,1.5,1.9,1.2,1.5,1.7,1.5,1.3,1.6,1.3,1.4,1.5,1.6,1.5,1.8,1.4,1.8,1.4,1.5,1.9,1.4,1.9,1.3,1.4,1.2,1.5
6256167476,02120769,4/16/2015,1.4,1.4,0.9,1.4,1.4,1.1,1.4,1.1,1.3,0.9,1.4,1.4,1.5,2.0,2.8,2.0,2.0,1.7,2.0,2.0,1.3,1.7,1.8,1.3,1.6,1.5,1.2,1.4,1.3,1.5,1.3,1.8,1.1,1.4,1.8,1.5,1.8,1.4,1.9,1.2,2.0,1.8,1.8,1.3,1.8,1.6,1.3,1.3
6256167476,02120769,4/15/2015,1.0,1.6,1.3,1.0,1.4,0.9,1.3,1.0,1.4,1.0,1.2,1.6,1.9,2.0,2.3,2.1,1.8,1.9,1.9,1.3,1.4,1.8,1.5,1.5,1.3,1.4,1.4,1.3,1.4,1.9,1.3,1.6,1.4,1.4,1.4,1.3,1.6,1.7,1.9,1.3,1.9,2.0,1.5,1.9,1.5,1.2,1.4,1.4
6256167476,02120769,4/14/2015,1.2,1.0,1.4,0.8,1.4,1.0,1.4,1.0,1.4,0.8,1.4,1.3,2.0,1.8,2.5,1.8,2.0,2.0,1.8,1.4,1.7,1.5,1.4,1.7,1.4,1.4,1.6,1.5,1.6,1.3,1.9,1.3,1.4,1.9,1.2,1.5,1.7,1.4,1.9,1.9,1.9,1.8,1.5,1.8,1.3,1.9,1.4,1.3
6256167476,02120769,4/13/2015,1.0,1.6,1.3,1.0,1.4,1.0,1.2,1.0,1.4,1.0,1.3,1.6,1.8,1.8,2.0,2.2,2.1,1.9,1.4,1.8,1.4,2.0,1.4,1.4,1.7,1.4,1.4,1.3,1.5,1.4,1.3,1.6,1.4,1.3,1.4,1.5,1.7,1.4,1.8,1.8,2.0,1.6,1.5,2.0,1.5,1.6,1.4,1.4
6256167476,02120769,4/12/2015,1.6,1.4,0.9,1.4,1.1,1.5,1.0,1.5,1.0,1.6,1.6,1.0,1.5,1.5,1.5,2.2,1.8,2.2,2.1,2.3,2.0,1.9,2.1,1.6,1.6,1.7,1.8,1.5,2.1,1.3,1.8,1.5,1.6,1.5,1.9,1.2,2.0,1.9,1.7,2.1,1.9,1.7,1.9,1.3,1.6,1.7,1.4,1.3
6256167476,02120769,4/11/2015,0.8,1.8,1.4,1.2,1.4,1.4,1.2,1.4,1.2,1.6,1.0,1.6,1.4,1.7,1.8,1.4,2.2,2.7,2.1,2.2,1.9,2.3,1.9,1.9,2.1,1.3,2.2,1.6,1.9,1.3,1.4,1.9,1.3,1.5,1.7,1.4,1.9,1.4,2.1,1.9,1.2,1.9,1.5,1.7,1.4,1.5,1.2,1.5
6256167476,02120769,4/10/2015,2.0,1.6,1.3,1.5,1.2,1.9,1.5,2.0,1.6,1.6,1.4,1.9,1.6,2.0,2.8,2.1,2.4,1.7,2.4,2.0,2.0,1.9,1.5,2.2,1.7,1.5,1.8,2.0,1.4,1.6,1.4,1.7,1.4,1.7,1.9,1.2,2.2,1.7,1.5,1.9,1.9,1.9,1.5,2.1,1.3,1.5,2.0,1.8
6256167476,02120769,4/9/2015,1.3,1.4,1.8,1.0,1.7,1.2,1.2,1.4,1.7,1.3,1.5,1.7,1.4,2.2,2.6,2.3,2.1,2.3,1.5,2.2,1.9,1.7,1.8,2.1,1.8,1.8,1.6,0.4,0.0,2.6,1.6,1.4,1.3,1.6,1.3,1.8,1.7,2.1,1.6,2.2,2.0,2.3,1.6,2.2,1.6,1.7,1.8,1.5
6256167476,02120769,4/8/2015,1.4,1.4,1.0,1.3,0.9,1.2,1.4,1.0,1.3,0.9,1.4,1.4,1.5,1.9,1.8,2.2,1.9,1.9,1.9,1.3,1.7,1.6,1.4,1.5,1.4,1.4,1.4,1.7,1.1,1.7,1.3,1.5,1.3,1.7,1.6,1.5,1.8,1.7,1.8,2.1,1.4,1.8,2.2,1.4,2.4,1.5,1.7,1.3
6256167476,02120769,4/7/2015,1.4,0.8,1.4,1.0,1.0,1.3,1.0,1.3,1.0,1.5,0.9,1.4,1.4,1.9,2.1,2.1,1.9,1.8,1.4,1.9,1.6,1.3,1.8,1.4,1.4,1.3,1.3,1.4,1.5,1.3,1.4,1.6,1.4,1.2,1.4,1.6,1.5,1.5,1.8,1.9,1.5,1.7,1.7,1.7,1.3,1.5,1.4,1.3
6256167476,02120769,4/6/2015,1.3,1.4,1.0,1.3,1.2,1.4,1.0,1.5,1.2,1.0,1.7,1.4,1.4,2.1,2.3,2.5,2.2,2.1,1.9,1.6,2.2,1.7,1.5,1.5,1.7,1.9,1.6,1.3,1.5,1.4,1.4,1.3,1.4,1.4,1.4,1.4,1.9,1.4,1.9,1.9,1.8,1.4,1.8,1.4,1.9,1.2,1.4,1.6
6256167476,02120769,4/5/2015,1.7,1.4,1.3,1.4,1.2,1.4,1.3,1.7,1.1,1.0,1.6,1.0,1.7,1.7,1.4,2.1,2.0,1.8,2.3,2.2,1.9,2.1,2.2,1.8,2.2,1.7,2.1,1.4,2.0,1.4,1.4,1.8,1.5,1.3,1.4,2.1,1.4,1.9,1.4,1.8,2.2,1.6,1.8,1.8,1.4,2.1,1.4,1.3
6256167476,02120769,4/4/2015,1.4,0.9,1.2,1.0,1.4,1.0,1.3,1.1,1.4,1.0,1.4,1.0,1.4,1.2,1.7,1.4,1.9,2.4,1.9,2.3,2.4,2.2,1.9,1.7,1.9,2.2,2.0,2.3,1.5,1.7,1.8,1.4,2.1,1.3,1.4,1.9,1.6,1.7,1.9,1.3,1.9,1.7,1.4,1.5,1.7,1.7,1.7,1.3
6256167476,02120769,4/3/2015,1.4,1.2,1.0,1.4,1.0,1.5,0.8,1.4,1.0,1.4,0.9,1.3,1.4,1.9,1.9,2.0,1.9,1.9,1.7,1.6,1.8,1.4,1.9,1.6,1.6,1.5,1.4,1.7,1.4,1.3,1.3,1.4,1.3,1.8,1.3,1.6,1.8,1.5,1.8,1.2,1.4,1.8,1.4,1.4,1.6,1.7,1.4,1.4
6256167476,02120769,4/2/2015,1.7,1.0,1.6,1.2,1.4,1.3,1.2,1.7,2.0,1.5,1.2,1.6,2.1,1.7,2.5,2.5,2.3,2.2,1.9,2.0,1.9,3.1,1.8,1.4,1.3,1.3,1.5,1.3,1.4,1.7,1.3,1.4,1.3,1.5,1.3,1.8,1.4,1.8,1.4,1.8,1.4,1.9,1.4,1.9,1.5,1.4,1.4,1.4
6256167476,02120769,4/1/2015,1.3,1.6,1.3,1.7,1.1,1.5,1.3,1.7,1.0,2.3,1.5,1.8,2.2,1.8,2.1,2.3,2.4,1.8,2.4,1.9,2.0,1.7,1.7,1.7,2.0,1.6,1.7,1.9,1.7,1.4,1.3,1.7,1.4,1.7,1.4,1.7,1.7,1.5,2.0,1.9,1.7,1.8,1.7,1.9,1.8,1.6,1.7,1.4
6256167476,02120769,3/31/2015,1.7,1.7,1.6,1.2,1.8,1.0,1.7,1.3,1.5,1.2,1.7,1.6,1.8,2.1,3.0,2.4,2.5,2.4,1.8,1.9,1.6,2.4,1.5,1.7,1.7,1.4,1.7,1.7,1.8,1.4,1.3,2.0,1.3,1.7,1.6,1.6,1.7,1.8,1.8,1.9,2.1,1.8,1.9,1.7,1.9,1.8,1.4,1.8
6256167476,02120769,3/30/2015,2.1,2.7,2.2,1.8,1.9,2.1,1.7,2.2,2.4,2.3,1.8,2.4,2.7,2.2,3.7,3.0,2.7,2.9,2.7,2.6,2.6,2.2,3.3,1.8,1.9,1.9,2.2,1.8,1.7,1.7,1.7,1.3,1.7,1.7,1.5,1.8,1.5,2.1,2.1,1.6,2.0,1.9,1.7,2.3,1.9,1.7,1.7,0.9
6256167476,02120769,3/29/2015,2.7,2.2,3.5,1.8,2.4,1.9,2.8,2.4,2.0,3.2,2.0,2.7,2.7,2.2,3.3,2.6,2.7,3.8,2.9,2.8,4.1,3.2,2.8,3.1,3.0,3.3,2.7,2.6,2.7,3.3,2.7,2.2,2.8,2.8,2.5,2.6,2.6,3.4,2.7,2.8,2.8,2.9,2.2,3.2,2.5,2.7,2.1,2.2
6256167476,02120769,3/28/2015,1.7,2.2,2.1,1.8,2.4,1.8,2.5,2.2,1.8,2.5,1.7,2.2,2.0,3.2,2.2,2.7,3.0,2.5,2.6,3.8,2.9,3.1,2.9,3.0,2.7,3.2,2.7,2.7,2.8,2.6,2.6,2.6,3.3,2.2,3.0,2.5,2.6,3.3,2.6,2.7,2.6,2.7,3.4,2.4,2.6,2.2,3.2,2.2
6256167476,02120769,3/27/2015,1.6,1.8,2.0,2.0,1.8,1.8,1.8,1.7,1.8,2.3,1.4,2.5,1.9,2.6,2.7,2.4,2.7,2.6,2.1,2.6,2.1,2.3,2.1,2.2,2.1,2.0,2.0,2.6,2.4,1.8,1.8,2.1,2.1,2.2,1.8,2.4,2.6,2.2,2.3,2.2,2.6,2.1,2.3,2.6,2.6,2.5,2.2,2.2
6256167476,02120769,3/26/2015,2.1,1.7,2.1,1.6,2.1,1.7,2.1,1.7,1.7,1.8,2.8,2.1,2.4,2.6,2.6,2.4,2.6,2.6,2.3,2.2,2.1,2.7,2.1,2.0,2.3,2.0,1.8,2.1,1.8,2.1,2.0,1.8,1.8,1.8,1.8,1.8,1.8,2.3,1.7,2.4,1.9,2.2,1.9,2.3,2.2,2.3,1.8,2.1
6256167476,02120769,3/25/2015,2.9,1.9,2.3,2.1,1.7,2.1,2.4,2.5,1.8,2.2,2.4,2.4,3.6,2.7,2.8,2.8,2.7,3.4,3.2,2.1,2.6,2.3,2.2,2.5,2.9,2.3,2.6,2.3,2.1,2.1,2.2,2.0,2.0,2.1,3.4,2.2,1.9,2.2,2.6,2.3,2.4,2.6,2.1,2.8,1.8,2.2,2.8,2.1
6256167476,02120769,3/24/2015,2.0,2.3,1.7,2.1,1.7,2.1,1.9,2.6,2.1,2.0,2.1,2.1,2.7,2.6,3.3,2.7,2.7,2.7,2.3,2.6,2.1,2.9,2.1,2.6,2.2,2.1,2.4,2.2,2.2,2.1,2.2,2.8,2.2,2.1,2.1,2.6,2.1,2.3,2.4,2.6,3.3,2.2,2.8,2.2,2.7,2.2,2.2,2.2
6256167476,02120769,3/23/2015,2.3,1.7,2.1,1.6,2.0,1.8,2.2,1.9,2.9,1.7,2.1,2.2,2.6,2.7,2.7,3.6,3.0,2.6,2.1,2.6,2.7,2.2,2.3,3.1,2.4,2.2,2.2,2.6,2.1,2.2,2.1,2.2,2.3,2.2,1.9,2.2,2.8,2.6,2.3,2.4,2.3,2.8,2.2,2.6,1.9,2.1,2.9,2.1
6256167476,02120769,3/22/2015,1.8,2.2,1.7,2.1,2.1,2.4,1.7,2.1,1.7,2.1,1.5,2.0,1.7,2.3,2.8,2.2,2.2,2.6,2.6,2.7,2.9,3.0,2.9,2.7,2.6,2.6,2.2,2.6,2.2,2.5,2.3,2.3,2.3,2.3,2.0,2.6,2.0,2.5,2.6,2.7,2.1,2.3,2.6,2.3,2.2,2.8,2.1,1.8
6256167476,02120769,3/21/2015,2.1,2.2,2.4,2.5,2.0,2.2,2.1,2.1,2.4,2.2,2.1,2.1,2.3,2.9,2.2,2.6,2.5,3.7,2.7,2.9,2.6,2.6,3.0,3.0,2.8,2.4,2.6,2.3,2.7,2.1,2.5,2.2,2.4,2.0,2.5,2.2,2.6,2.1,3.2,2.0,2.3,2.1,2.6,2.1,1.9,2.3,2.1,2.2
6256167476,02120769,3/20/2015,1.8,2.2,2.0,1.9,2.4,1.7,2.7,1.6,2.0,1.7,2.1,2.2,2.8,2.8,3.2,3.1,2.7,2.6,2.6,2.2,2.7,2.3,3.3,2.2,2.2,2.2,2.2,2.2,3.7,2.3,2.1,2.2,2.2,2.2,3.4,2.4,2.4,2.7,2.5,2.7,2.8,2.6,2.5,2.3,2.4,2.9,2.7,2.0
6256167476,02120769,3/19/2015,2.1,1.7,2.1,1.9,2.1,1.7,2.8,1.7,2.1,1.7,2.4,2.5,2.2,3.4,3.1,2.7,2.7,2.3,2.5,2.7,3.3,2.1,2.2,2.1,2.1,2.1,2.1,2.3,2.2,2.1,2.1,1.9,2.9,2.2,2.2,2.6,2.1,2.3,2.4,2.6,2.2,2.5,2.2,2.6,2.7,2.2,2.6,2.1
6256167476,02120769,3/18/2015,2.2,2.1,2.7,1.8,2.1,1.7,2.1,1.8,2.1,1.7,3.0,2.5,2.2,2.7,3.1,2.7,3.1,2.6,3.1,2.3,2.9,2.2,2.6,2.2,2.2,2.5,3.1,2.2,2.1,2.1,2.6,2.1,2.2,2.1,2.3,2.2,2.6,2.2,3.3,2.6,2.6,2.1,2.6,2.4,2.1,2.6,2.1,2.8
6256167476,02120769,3/17/2015,1.7,1.8,2.1,1.7,1.8,1.8,2.0,1.7,2.1,1.5,2.0,2.2,2.6,2.3,3.3,3.1,2.1,2.5,2.1,2.4,2.0,2.1,1.9,2.5,2.3,1.8,2.1,1.8,2.1,2.1,2.3,1.8,1.7,1.8,2.2,2.4,2.1,1.8,2.6,2.3,2.6,2.2,2.5,2.1,2.3,2.1,2.1,2.2
6256167476,02120769,3/16/2015,2.0,1.7,2.8,1.7,2.1,1.5,2.0,1.7,2.1,1.8,2.9,2.3,2.5,2.6,2.6,2.7,2.6,2.6,3.3,2.2,2.8,2.1,2.2,2.6,2.2,2.1,2.1,2.1,2.2,2.0,2.6,2.1,2.1,1.8,2.4,1.9,2.2,2.5,2.6,2.4,2.0,2.6,2.2,2.2,2.2,2.1,2.3,1.8
6256167476,02120769,3/15/2015,2.1,1.7,2.3,1.7,2.5,1.9,1.6,2.0,1.6,2.0,1.5,2.1,2.0,1.7,2.1,2.3,3.0,2.5,2.6,2.5,2.6,2.9,2.8,2.9,2.5,2.5,2.1,2.9,2.5,2.1,2.5,2.1,2.4,2.3,2.1,2.7,2.1,2.5,2.5,2.8,2.5,2.4,1.8,2.5,2.7,2.2,2.0,2.0
6256167476,02120769,3/14/2015,1.8,2.1,1.8,1.6,2.0,2.0,1.7,2.1,3.0,2.0,1.8,2.1,2.1,2.1,2.1,2.1,2.7,2.5,3.2,2.4,2.4,2.6,3.0,2.5,2.8,2.4,2.1,2.5,2.4,1.9,2.5,2.5,2.1,2.4,2.1,2.5,2.2,2.1,2.5,2.4,1.7,2.3,2.5,1.7,2.0,2.1,1.7,2.1
6256167476,02120769,3/13/2015,1.9,1.3,1.6,1.3,1.7,1.3,2.4,1.3,1.8,1.4,1.6,1.7,2.2,2.9,2.3,2.3,2.4,2.2,1.8,2.3,2.6,2.2,1.7,1.7,2.0,1.7,2.1,2.7,2.7,2.0,2.1,3.1,2.3,2.1,2.1,2.5,2.1,2.1,2.2,2.1,2.7,2.1,2.5,2.0,2.7,2.1,2.5,2.0
6256167476,02120769,3/12/2015,2.4,1.7,1.0,1.7,1.3,1.7,1.3,1.5,1.7,1.4,1.7,2.4,1.7,2.2,2.3,3.0,2.3,2.2,1.8,2.2,2.4,1.7,2.1,1.9,1.7,1.7,1.7,2.1,1.7,1.3,1.7,1.8,1.7,1.5,1.7,1.6,2.1,1.5,2.1,1.7,2.4,1.8,1.7,2.1,2.4,1.4,1.7,1.7
6256167476,02120769,3/11/2015,2.3,1.7,1.3,1.7,1.3,1.9,1.3,1.7,1.3,2.4,1.6,1.8,1.7,2.4,2.2,2.2,2.2,2.2,2.2,2.4,2.1,1.7,1.6,2.0,1.8,1.7,1.7,1.7,1.8,1.7,1.8,1.6,2.0,1.4,1.7,1.7,1.8,1.7,2.2,1.6,2.0,2.1,1.4,2.1,1.7,1.4,1.8,1.9
6256167476,02120769,3/10/2015,1.8,1.7,1.3,1.7,2.0,1.9,1.3,1.7,1.3,1.7,1.3,2.2,2.7,2.5,2.2,2.2,2.2,2.2,1.8,2.4,1.8,2.4,1.9,1.8,1.7,1.7,1.7,1.7,2.4,2.3,1.7,1.6,1.5,2.0,1.7,1.7,2.0,2.0,2.9,2.2,2.2,2.2,2.0,1.9,1.8,2.2,1.4,1.8
6256167476,02120769,3/9/2015,1.7,1.7,1.2,2.0,2.0,1.7,1.6,1.7,1.9,2.0,1.9,1.7,2.1,2.3,2.8,2.9,2.5,2.0,2.2,2.5,2.7,2.1,2.1,1.8,2.1,2.2,1.7,1.6,2.5,2.2,1.7,1.8,1.4,1.7,1.6,1.7,2.2,1.9,1.9,2.2,2.1,1.7,2.2,2.5,2.2,1.6,1.7,1.6
6256167476,02120769,3/8/2015,2.1,2.0,2.1,1.7,-,-,1.6,2.4,1.7,2.0,2.2,1.8,1.7,2.4,2.1,1.8,3.0,2.2,2.1,2.3,3.2,2.3,2.7,2.4,2.8,2.5,2.2,2.3,2.0,2.2,2.5,2.2,2.4,1.9,2.2,1.7,2.2,2.1,2.3,3.2,2.0,1.8,2.2,2.2,1.8,2.4,2.6,1.8
6256167476,02120769,3/7/2015,2.5,2.4,2.0,2.2,2.2,2.6,2.6,2.1,2.6,2.5,2.6,1.9,2.2,2.8,2.7,3.2,2.6,3.5,3.2,2.9,3.2,2.7,3.2,2.4,2.6,2.8,2.7,2.0,3.1,1.8,2.1,3.2,1.8,2.7,2.0,2.6,2.2,2.1,2.9,2.2,2.0,2.5,2.4,1.9,2.0,2.8,2.1,2.0
6256167476,02120769,3/6/2015,2.6,2.3,2.3,2.5,1.7,2.8,2.3,2.2,2.5,2.8,2.3,2.7,2.2,3.2,3.2,3.7,3.3,2.8,3.3,3.2,2.7,3.2,3.0,2.7,2.8,2.7,2.6,2.7,2.7,2.3,2.7,2.2,2.6,2.4,2.9,2.3,3.2,2.2,2.9,2.2,3.2,2.4,2.8,2.6,2.4,2.7,2.2,2.8
6256167476,02120769,3/5/2015,1.9,1.6,1.8,1.7,1.8,2.0,2.1,1.8,1.5,2.2,2.3,1.4,2.1,2.2,1.8,3.5,2.3,2.4,2.2,3.5,1.9,2.5,2.6,3.1,2.0,2.6,2.3,3.3,1.8,2.8,2.4,2.3,2.3,2.1,3.3,1.9,2.8,2.8,2.4,2.7,2.8,2.3,2.2,3.1,2.6,2.5,2.1,2.4
6256167476,02120769,3/4/2015,1.9,1.7,2.8,1.6,2.2,1.7,2.5,1.4,2.2,2.1,2.3,1.8,2.6,3.0,2.7,2.5,2.5,2.9,2.8,1.8,1.9,2.5,2.5,2.2,1.8,2.0,2.1,2.3,1.9,1.7,2.0,1.8,1.7,2.0,2.7,2.2,1.8,2.2,1.8,2.6,2.7,2.1,2.2,1.8,2.5,1.8,2.2,2.4
6256167476,02120769,3/3/2015,1.8,2.4,2.3,1.9,2.6,1.5,2.8,1.8,1.8,2.4,2.4,1.8,3.2,2.7,3.3,3.0,2.6,2.9,2.6,2.3,2.8,2.2,2.3,2.9,2.2,2.1,2.8,1.9,3.3,4.5,2.6,1.8,2.8,2.1,2.0,3.3,2.7,2.3,3.1,2.7,2.9,2.2,2.6,2.4,2.9,2.3,1.9,2.7
6256167476,02120769,3/2/2015,2.1,2.6,2.1,2.5,2.3,1.8,2.5,2.2,2.0,2.4,2.2,2.8,1.9,2.3,3.6,2.8,2.8,3.2,2.9,2.7,2.7,2.7,2.4,2.0,3.3,2.3,2.0,2.7,2.1,2.7,2.4,1.9,2.6,2.0,2.7,1.8,2.7,2.5,3.0,2.3,2.7,2.5,2.9,2.5,2.1,3.3,1.8,2.2
6256167476,02120769,3/1/2015,2.8,2.4,3.0,2.1,2.8,2.4,2.4,2.8,2.4,3.0,2.7,2.4,2.9,2.4,2.9,3.5,2.8,3.3,2.9,3.5,2.9,3.6,3.4,3.2,2.9,3.9,3.0,3.4,2.5,3.4,3.0,2.9,3.1,2.4,3.5,2.8,3.6,2.4,2.7,3.3,2.6,3.0,2.4,2.8,2.5,2.7,2.8,2.0
6256167476,02120769,2/28/2015,2.6,2.8,2.6,2.9,2.4,2.9,2.3,2.3,2.8,2.9,2.9,2.9,2.8,2.5,2.9,3.6,3.4,3.8,3.2,3.7,3.4,2.9,3.4,3.0,3.2,2.8,3.4,2.8,2.9,2.9,3.2,2.5,2.6,3.4,2.7,3.0,2.6,3.4,2.6,2.7,2.7,3.3,2.4,3.4,2.4,2.7,2.8,2.8
6256167476,02120769,2/27/2015,2.8,2.2,2.5,2.0,2.9,1.5,2.3,2.9,1.9,2.5,2.7,2.2,2.8,3.2,3.4,3.0,3.4,2.9,2.8,3.5,2.0,2.8,3.0,3.1,2.0,3.3,2.4,2.3,2.4,3.1,2.4,2.4,2.7,2.7,2.8,2.0,3.5,2.5,2.8,3.2,2.4,3.3,2.6,2.6,3.4,2.4,3.0,2.4
6256167476,02120769,2/26/2015,2.6,2.1,2.3,2.5,2.3,1.9,2.5,2.3,2.1,3.0,2.3,2.0,3.0,2.7,2.6,3.8,3.0,2.7,3.4,2.8,2.2,3.4,3.1,2.1,3.3,2.8,2.0,3.4,2.0,3.0,2.8,2.6,2.4,1.9,3.4,2.4,3.0,2.0,3.5,2.5,2.7,2.7,2.8,2.9,2.4,3.0,1.9,2.3
6256167476,02120769,2/25/2015,2.8,2.9,2.6,2.9,2.5,2.9,2.4,2.9,3.1,2.7,2.6,2.9,3.5,3.4,3.5,4.0,3.1,3.3,3.0,2.9,3.1,2.7,2.8,2.7,2.4,3.1,2.4,2.7,2.9,2.3,2.4,3.1,2.3,2.4,2.2,3.3,2.4,2.5,3.6,2.8,2.0,3.4,3.0,2.1,2.9,2.5,2.4,2.6
6256167476,02120769,2/24/2015,2.6,2.9,2.9,2.9,2.4,2.8,2.7,2.9,2.8,2.6,2.9,3.6,3.0,3.9,3.8,3.4,3.7,3.8,3.4,3.2,3.3,3.4,2.4,2.9,3.5,2.4,3.3,2.5,3.1,2.7,3.2,2.4,3.4,2.5,2.9,2.8,3.0,2.8,3.4,2.9,3.3,3.3,3.0,3.6,2.3,3.4,2.8,2.2
6256167476,02120769,2/23/2015,2.0,2.2,2.0,2.8,2.1,2.3,2.1,2.6,2.1,2.3,2.0,3.0,2.5,3.0,3.1,3.6,2.9,2.9,2.5,3.5,2.6,3.0,2.7,2.8,2.4,3.5,2.4,2.9,2.9,2.4,2.6,3.0,2.7,2.7,3.3,2.9,2.6,3.4,2.7,3.5,3.1,3.2,2.6,3.4,2.9,3.0,3.0,3.0
6256167476,02120769,2/22/2015,3.3,2.2,2.8,2.3,2.3,2.5,2.5,2.5,2.2,2.9,2.4,2.3,3.2,1.8,3.1,2.4,2.9,3.5,2.5,3.7,3.5,2.8,3.1,3.9,2.8,2.7,3.8,2.9,2.8,2.5,3.0,3.0,2.8,2.7,2.6,3.0,2.7,3.0,2.5,3.5,2.7,2.8,2.2,3.4,2.2,2.6,2.0,3.2
6256167476,02120769,2/21/2015,2.9,3.0,2.6,3.0,3.1,3.1,2.8,2.3,2.9,2.9,3.2,2.8,3.0,3.1,2.8,2.9,3.8,3.7,3.3,3.3,3.5,3.6,3.5,3.0,3.1,3.3,3.2,3.3,3.5,2.3,3.3,2.9,2.9,3.1,3.4,3.0,2.9,2.8,3.5,3.4,2.4,3.2,2.3,2.9,2.6,2.8,2.7,2.1
6256167476,02120769,2/20/2015,3.1,3.4,2.4,3.6,3.0,2.9,3.4,3.0,2.8,3.4,2.9,3.7,3.5,3.5,4.3,3.8,3.9,4.0,3.4,3.8,3.2,3.6,3.5,3.5,3.2,3.2,3.0,3.0,3.6,3.0,2.8,3.1,3.0,3.1,3.2,3.1,3.5,2.9,3.4,3.0,3.5,2.9,2.9,3.5,3.3,2.9,2.8,2.8
6256167476,02120769,2/19/2015,2.7,2.3,2.7,2.4,2.4,3.0,2.5,2.8,2.3,2.8,2.4,3.2,3.7,3.7,3.1,3.6,3.3,3.8,3.2,3.1,3.2,3.2,3.3,3.2,3.1,2.7,3.0,3.3,2.9,3.2,3.4,3.0,3.2,3.1,2.8,3.2,3.7,3.1,3.4,3.8,2.9,3.5,3.3,3.2,3.3,3.0,3.4,3.3
6256167476,02120769,2/18/2015,2.1,2.6,2.4,2.5,2.9,1.6,2.7,2.0,2.7,2.3,2.7,2.3,2.8,3.4,3.4,3.5,3.4,2.9,2.9,3.3,2.4,2.8,2.2,2.7,2.1,2.8,2.8,2.8,2.2,2.2,2.9,2.0,2.5,2.4,2.2,2.8,2.4,3.1,2.0,3.0,3.3,2.6,3.1,2.5,2.9,3.4,2.7,2.8
6256167476,02120769,2/17/2015,2.8,3.0,2.5,2.8,2.1,2.7,2.4,3.1,2.8,2.3,2.7,2.6,3.1,3.0,2.8,2.7,2.9,3.3,3.2,3.6,3.0,3.7,3.3,3.1,3.6,2.5,3.4,3.0,3.0,3.1,2.9,3.3,2.5,2.4,3.1,2.5,3.4,3.4,2.7,2.6,3.1,3.0,2.8,2.7,2.9,2.6,2.8,2.8
6256167476,02120769,2/16/2015,3.3,2.8,3.5,2.8,3.1,3.5,2.8,3.5,2.4,3.6,2.9,3.0,3.3,2.8,3.8,3.4,3.2,4.2,3.4,3.5,3.9,3.6,3.5,3.4,3.2,3.4,3.1,3.3,2.8,3.7,2.8,2.9,3.2,2.8,3.1,3.4,2.9,3.3,3.3,3.3,3.3,3.0,3.1,3.2,3.2,2.8,2.8,3.0
6256167476,02120769,2/15/2015,3.0,3.0,2.5,3.4,3.0,2.4,3.5,2.5,3.3,3.1,3.2,3.1,3.0,3.0,3.5,3.3,3.1,3.8,4.3,3.3,4.0,4.0,3.7,4.2,3.8,3.8,3.0,4.0,3.0,3.9,3.2,3.6,3.0,3.3,3.3,3.2,3.9,2.9,3.3,3.5,3.2,3.0,3.9,2.9,3.1,3.5,3.0,3.6
6256167476,02120769,2/14/2015,2.8,2.6,2.3,2.4,2.5,2.0,2.8,2.0,2.7,2.2,2.3,2.3,2.3,2.7,3.0,2.8,2.9,2.8,3.3,2.6,3.2,3.0,2.7,3.3,2.3,3.3,2.6,2.3,3.3,2.2,2.7,1.9,3.3,2.1,2.5,2.7,2.7,2.4,2.3,3.4,2.3,3.0,2.9,2.4,3.6,2.6,3.0,3.0
6256167476,02120769,2/13/2015,2.6,2.4,2.9,1.9,3.1,2.3,2.7,2.5,3.0,2.0,3.2,3.0,3.4,3.0,3.6,3.8,3.8,3.5,3.0,3.0,3.3,3.5,2.4,3.2,3.0,2.8,3.0,2.6,2.7,2.8,2.5,2.7,2.8,2.9,2.3,2.8,2.3,3.2,2.2,3.3,2.3,2.9,3.0,2.9,2.8,2.2,2.8,2.3
6256167476,02120769,2/12/2015,2.9,1.8,1.8,1.4,2.6,1.6,1.9,2.1,2.4,1.9,1.7,2.2,1.9,3.6,2.4,3.1,2.0,3.3,2.3,2.1,2.7,1.9,2.9,2.3,2.2,2.0,2.1,3.1,1.8,2.2,1.8,2.3,2.9,1.9,2.5,2.4,3.3,1.9,2.8,3.1,2.8,2.8,2.3,3.2,2.1,2.8,3.2,2.3
6256167476,02120769,2/11/2015,2.4,1.9,2.2,1.5,2.8,1.8,1.7,2.7,1.7,1.9,2.5,2.3,2.4,3.4,2.8,2.5,3.3,2.8,2.1,3.2,2.5,2.1,2.7,2.3,2.1,2.2,1.9,3.0,1.9,2.2,1.8,1.9,2.1,2.5,2.2,2.0,1.9,2.6,3.0,2.2,2.3,2.9,2.0,2.5,2.2,2.2,2.1,1.6
6256167476,02120769,2/10/2015,2.4,1.9,1.9,1.7,1.9,2.6,1.4,2.2,1.4,2.9,1.6,2.1,2.9,3.0,2.7,2.4,3.2,2.4,2.3,2.5,3.3,2.0,2.2,2.2,2.6,2.3,2.1,2.3,2.6,2.1,1.8,1.9,2.3,2.7,2.3,2.0,2.6,2.9,2.4,2.5,2.6,2.8,2.6,1.9,2.3,2.9,1.8,2.3
6256167476,02120769,2/9/2015,1.4,2.7,1.4,1.8,1.4,1.8,1.4,1.8,2.0,2.5,1.3,1.8,2.1,2.5,2.5,2.7,2.5,2.5,2.2,2.3,1.8,2.2,1.8,2.2,2.2,2.5,2.2,1.8,1.9,1.8,2.1,2.1,2.5,1.7,2.6,1.9,2.0,2.3,3.4,1.8,2.3,2.6,1.8,2.8,2.4,2.1,2.2,1.7
6256167476,02120769,2/8/2015,2.2,2.1,2.0,2.2,1.4,2.2,1.6,2.5,1.6,2.2,1.4,2.8,1.4,2.2,1.8,2.9,2.5,2.0,3.0,3.1,2.7,2.2,2.6,2.1,2.3,2.3,3.2,2.3,1.8,2.3,2.0,2.2,1.8,2.2,1.8,2.2,1.8,2.5,2.4,3.0,2.3,2.1,2.3,1.8,2.2,1.8,1.8,2.1
6256167476,02120769,2/7/2015,2.3,2.2,2.8,2.1,2.2,2.2,2.4,2.3,2.6,1.9,2.8,1.8,2.8,2.2,2.5,2.4,2.8,3.2,2.7,3.0,2.7,2.7,3.2,2.7,2.7,2.3,2.8,2.5,2.0,2.7,1.9,3.0,2.6,1.8,2.6,2.0,3.3,2.2,2.3,2.1,1.9,3.0,2.3,1.9,2.2,1.8,2.8,1.9
6256167476,02120769,2/6/2015,2.9,1.8,2.8,2.3,2.5,2.3,2.2,2.7,2.4,2.8,2.0,2.7,3.3,3.4,3.0,3.3,3.6,3.4,2.4,3.5,2.4,3.3,2.4,3.4,2.2,2.7,2.1,2.8,2.2,2.4,2.8,2.3,2.3,2.4,2.2,3.3,2.5,2.4,2.8,2.7,2.3,3.2,2.0,2.9,2.5,3.0,2.0,2.2
6256167476,02120769,2/5/2015,2.2,1.4,2.1,1.4,2.0,2.1,2.0,1.8,1.5,2.0,1.8,3.0,1.9,2.7,2.7,3.1,3.4,2.0,2.9,2.7,3.0,2.0,3.0,2.2,2.9,2.6,2.3,2.3,2.9,2.2,2.2,2.4,3.2,2.3,2.4,3.1,2.8,2.3,3.4,2.7,2.8,2.9,2.6,2.4,2.9,2.5,2.9,2.4
6256167476,02120769,2/4/2015,2.4,2.3,1.9,2.6,2.0,2.2,2.0,2.2,2.8,2.0,1.9,2.8,2.4,2.9,3.3,2.8,3.3,2.2,2.7,2.7,2.5,2.3,2.0,3.2,1.9,1.9,3.6,2.1,2.1,1.6,2.2,1.7,1.8,2.1,2.5,1.7,2.2,2.5,2.1,2.3,2.6,2.5,2.3,2.0,2.3,2.0,1.8,2.4
6256167476,02120769,2/3/2015,2.3,2.3,2.3,2.0,2.6,2.3,2.8,1.9,2.6,1.7,3.0,2.3,3.3,2.9,3.4,2.6,3.8,2.8,3.0,2.4,3.2,2.3,2.1,3.3,2.3,2.9,2.3,2.2,2.7,2.3,2.5,2.1,2.6,2.3,2.1,3.1,2.3,2.9,3.0,2.3,3.2,2.0,2.7,3.0,2.4,2.2,2.8,1.9
6256167476,02120769,2/2/2015,2.5,2.2,1.8,1.9,1.9,2.2,1.9,1.7,1.8,2.4,2.0,2.0,2.5,2.9,2.4,2.7,2.4,2.6,3.2,1.9,2.6,1.9,2.3,2.3,2.6,2.5,2.0,2.0,2.1,2.3,2.5,2.3,2.2,2.2,3.4,2.1,2.6,2.9,3.2,2.8,2.5,3.1,2.5,2.4,3.3,2.3,2.1,2.9
6256167476,02120769,2/1/2015,2.8,1.7,2.5,2.0,2.8,2.0,2.6,1.8,2.5,1.9,2.9,2.3,2.3,2.0,2.8,2.2,3.1,2.6,2.5,3.3,2.8,2.7,3.4,3.0,2.8,2.9,2.7,2.3,3.0,2.6,2.5,2.2,2.9,2.4,2.2,2.7,2.6,2.8,2.4,2.0,2.6,2.5,1.9,2.1,3.1,2.2,1.8,2.2
6256167476,02120769,1/31/2015,2.6,2.7,2.5,2.8,2.4,2.4,2.8,2.7,2.5,2.4,2.6,2.3,2.8,2.8,2.9,2.7,3.0,3.4,3.6,3.2,3.5,3.0,3.4,2.9,3.0,3.0,3.4,2.3,3.4,2.3,2.8,2.9,2.8,2.7,2.7,2.2,3.3,2.3,3.3,2.1,3.3,2.3,2.8,2.4,2.6,2.8,2.5,2.5
6256167476,02120769,1/30/2015,2.2,2.6,1.6,2.0,2.2,2.1,2.4,1.4,2.2,2.0,2.2,1.9,2.7,2.8,3.3,2.4,3.4,2.4,2.2,2.4,3.2,2.4,2.2,2.4,2.7,2.6,2.2,2.5,1.9,2.9,2.3,2.3,2.3,2.7,2.9,2.3,2.8,2.9,2.3,3.2,3.1,2.4,3.0,2.9,2.5,2.9,2.3,3.0
6256167476,02120769,1/29/2015,2.2,2.7,1.6,2.8,2.3,2.2,2.2,2.3,2.7,2.4,2.2,2.5,2.5,3.5,3.4,3.2,2.9,2.8,2.7,2.8,2.4,3.2,2.0,2.3,2.8,2.4,2.3,2.9,2.1,2.1,3.1,1.9,2.2,2.9,2.0,2.6,2.9,2.3,2.5,2.7,2.7,2.9,2.2,3.0,1.8,2.2,2.6,2.1
6256167476,02120769,1/28/2015,3.1,1.5,2.3,2.5,2.2,2.4,2.1,1.9,2.7,1.8,2.9,2.3,3.4,2.9,3.2,2.8,3.4,2.9,3.0,2.9,3.0,2.3,3.1,2.7,2.4,2.7,2.3,2.3,2.9,2.4,2.3,2.9,2.1,2.3,2.9,2.3,2.6,3.0,2.3,3.2,3.0,1.9,3.3,2.3,2.6,2.7,2.4,2.8
6256167476,02120769,1/27/2015,3.1,1.9,1.8,2.9,1.8,1.8,2.9,2.0,1.8,2.3,2.5,1.9,2.7,2.9,2.6,2.7,3.5,2.7,2.7,3.2,2.5,2.3,2.9,2.7,1.9,2.3,2.8,2.0,2.5,2.9,1.9,2.3,2.2,3.2,2.2,2.4,2.8,2.6,2.7,2.4,3.3,2.8,2.3,3.0,2.5,2.2,2.6,2.3
6256167476,02120769,1/26/2015,2.4,1.9,2.1,1.5,1.8,1.7,1.7,1.8,1.8,2.1,1.8,2.4,2.0,2.6,2.9,3.1,2.3,2.7,2.3,1.8,2.5,3.0,2.6,1.9,2.3,2.1,1.9,2.4,2.4,2.3,2.3,2.2,2.2,2.2,2.0,2.7,2.7,2.5,2.4,2.7,2.9,2.6,2.1,2.5,2.5,2.7,2.3,1.9
6256167476,02120769,1/25/2015,1.9,2.2,2.1,1.9,2.2,1.4,1.8,2.4,1.8,2.0,1.7,1.9,2.4,1.8,1.8,2.2,2.9,2.7,2.7,2.4,2.6,2.3,3.0,2.4,2.7,2.3,2.3,2.3,2.1,2.4,1.9,3.0,2.4,1.8,1.8,2.3,2.4,2.5,2.3,2.7,2.8,2.3,2.1,1.8,1.9,2.2,1.8,2.0
6256167476,02120769,1/24/2015,2.9,1.9,1.9,2.2,1.8,2.6,2.3,1.9,2.0,1.7,2.2,2.2,1.4,2.1,2.7,2.3,2.2,2.3,2.7,3.0,2.4,3.2,2.1,2.7,2.8,2.6,2.7,2.3,2.4,2.3,2.6,2.6,2.0,2.6,2.4,2.6,2.7,2.3,2.7,1.9,1.8,3.3,1.8,2.0,2.6,2.2,2.3,2.0
6256167476,02120769,1/23/2015,2.0,1.6,1.8,1.8,2.7,1.5,2.1,1.4,2.1,2.1,1.9,2.5,2.7,2.6,2.9,2.8,3.0,2.1,2.6,2.4,2.7,2.0,2.7,1.8,1.9,2.8,2.6,2.1,1.8,1.8,2.0,2.0,2.5,2.1,2.5,2.0,2.0,2.5,3.0,2.0,2.8,1.8,2.5,2.8,2.2,2.5,1.9,2.4
6256167476,02120769,1/22/2015,1.8,2.6,1.9,2.1,1.5,1.9,2.4,1.9,1.5,2.3,1.8,2.7,2.0,2.5,2.9,2.6,3.2,2.2,2.6,2.4,2.0,3.2,1.8,2.3,2.0,2.3,2.2,1.9,2.9,1.8,2.4,1.9,1.8,2.2,2.0,2.9,2.4,2.2,2.5,2.7,1.9,3.1,2.1,2.4,1.9,2.2,2.0,2.5
6256167476,02120769,1/21/2015,2.2,1.4,1.8,1.7,2.2,1.8,2.4,1.4,1.8,2.1,2.1,2.1,2.6,2.6,2.8,2.3,3.1,2.7,2.4,2.2,2.4,2.0,2.9,1.9,2.3,2.2,1.9,1.9,3.0,1.8,2.2,1.8,1.8,2.9,1.9,2.5,2.2,2.3,2.6,3.2,2.2,2.4,2.5,1.9,3.2,1.9,2.2,1.9
6256167476,02120769,1/20/2015,1.9,1.2,1.6,2.1,1.3,2.0,1.5,1.6,1.5,1.6,2.3,2.0,1.6,2.6,2.6,3.1,2.7,2.9,2.0,2.3,2.2,2.4,2.1,1.9,2.0,1.9,2.0,2.5,2.3,1.9,2.2,1.8,2.0,1.9,1.9,2.3,2.2,2.4,2.6,2.5,2.7,2.3,1.9,1.9,2.7,1.8,2.5,2.1
6256167476,02120769,1/19/2015,1.7,1.6,2.0,1.2,1.6,1.7,1.4,1.7,1.5,1.7,1.3,1.9,1.6,1.8,2.1,1.9,2.5,2.2,2.4,3.0,2.1,2.3,2.8,2.0,2.1,2.2,1.9,1.7,2.4,2.3,1.6,2.0,1.8,1.9,2.1,1.7,2.1,2.1,2.2,2.2,2.1,2.2,2.0,2.1,1.9,2.4,1.6,1.6
6256167476,02120769,1/18/2015,1.9,1.4,1.7,1.7,2.4,1.5,2.0,1.7,1.6,2.1,1.7,1.8,1.8,1.9,1.7,2.1,2.1,2.6,3.0,2.8,2.5,2.8,2.3,2.3,2.3,2.1,2.7,2.1,2.1,2.0,2.1,2.5,1.6,2.0,2.3,1.6,1.7,2.1,2.6,2.0,1.7,2.7,1.6,2.1,2.0,1.6,1.7,2.1
6256167476,02120769,1/17/2015,1.8,1.4,2.3,1.6,1.7,1.7,1.9,1.9,1.6,2.0,1.5,2.3,1.8,2.1,2.2,1.6,2.9,2.7,2.3,2.9,2.6,2.4,3.0,2.4,2.7,2.2,1.9,2.5,1.7,2.5,2.0,2.3,2.2,2.1,2.0,2.2,2.6,1.9,2.9,2.2,1.9,1.9,2.5,2.1,1.7,2.1,2.4,2.4
6256167476,02120769,1/16/2015,2.0,1.2,2.3,1.9,1.5,1.7,1.9,2.0,1.2,2.6,1.8,1.8,2.4,2.2,2.4,3.5,2.3,2.5,2.6,2.0,2.3,2.2,2.0,3.1,1.7,2.0,2.5,1.7,2.4,1.8,2.3,1.6,2.3,1.5,2.1,2.1,2.0,2.5,2.3,1.8,2.6,1.8,2.4,1.7,1.8,2.4,1.8,1.8
6256167476,02120769,1/15/2015,2.0,2.0,1.8,2.0,1.9,1.3,2.4,1.3,1.8,1.9,2.1,1.8,2.5,2.4,2.8,2.6,2.4,2.5,2.7,2.0,2.5,1.8,2.1,2.2,1.6,2.0,1.7,1.9,2.6,1.6,1.9,1.6,2.0,1.9,1.8,1.9,2.1,2.2,2.2,2.0,2.2,2.8,2.0,2.2,2.0,2.2,1.8,2.2
6256167476,02120769,1/14/2015,1.9,2.1,1.5,2.3,2.1,1.6,2.3,1.9,1.6,2.3,2.3,2.0,2.5,2.8,2.7,2.5,3.0,2.8,2.5,2.6,3.0,3.1,1.8,2.4,2.3,2.0,2.5,2.0,2.0,2.1,2.0,1.9,2.9,2.0,1.6,2.6,2.1,3.0,2.3,2.5,2.1,2.2,2.3,2.5,1.9,2.0,2.6,1.5
6256167476,02120769,1/13/2015,1.3,1.8,1.7,1.9,1.6,1.5,2.0,1.2,1.7,1.7,1.7,2.0,2.1,2.8,2.8,3.3,2.7,2.7,2.3,2.4,2.2,2.0,2.1,2.0,2.3,2.2,2.4,1.9,2.1,1.7,1.9,2.1,1.8,2.1,2.0,2.4,2.3,2.5,2.7,2.5,2.6,2.1,2.5,2.3,2.5,2.5,2.0,2.2
6256167476,02120769,1/12/2015,1.6,2.0,1.9,1.5,1.8,1.6,1.6,1.6,1.9,1.7,1.9,1.9,1.7,2.5,2.3,3.1,2.4,2.7,2.4,2.5,2.3,2.3,2.0,2.0,1.9,1.6,2.1,2.1,1.8,2.1,2.0,1.9,1.7,1.8,2.0,1.7,2.4,2.5,2.1,2.4,1.8,2.0,2.3,2.0,2.2,1.6,2.2,1.8
6256167476,02120769,1/11/2015,2.2,2.6,2.3,2.0,2.5,2.4,1.8,2.6,2.4,2.0,2.6,2.4,1.7,2.5,2.5,2.6,2.6,3.0,2.6,3.2,3.3,2.8,3.1,2.7,2.6,2.5,2.6,2.3,2.7,2.3,1.9,2.8,1.8,2.4,2.6,1.8,2.6,2.8,2.2,2.5,2.2,2.6,2.9,1.8,2.0,2.0,2.0,1.9
6256167476,02120769,1/10/2015,2.4,1.8,2.2,2.4,1.7,2.3,1.8,2.6,1.9,2.3,2.2,2.2,2.7,2.6,2.1,2.6,3.2,2.9,3.1,3.3,2.8,3.2,3.2,2.5,2.9,2.8,2.9,2.6,2.5,2.6,2.8,2.4,2.8,2.7,2.3,2.9,2.6,2.2,3.1,2.3,2.8,2.5,2.6,2.5,2.7,2.5,2.4,2.3
6256167476,02120769,1/9/2015,2.6,2.0,2.4,2.4,1.9,2.3,2.1,2.6,2.2,2.1,2.3,2.3,3.0,2.8,3.2,2.9,2.4,3.0,2.5,2.4,2.8,2.3,2.4,2.2,2.0,2.6,2.3,2.0,2.1,2.4,2.1,1.7,2.3,2.3,2.7,1.7,3.0,2.2,2.1,2.7,2.0,3.2,1.7,2.0,2.5,2.2,2.4,2.2
6256167476,02120769,1/8/2015,2.2,2.6,2.5,2.0,2.6,2.8,2.2,2.8,2.6,2.2,2.5,2.7,3.1,3.2,3.4,3.4,3.2,3.3,3.1,2.7,2.9,2.7,3.0,2.8,3.0,2.6,2.6,2.7,2.7,3.0,2.6,2.3,3.0,2.5,2.2,2.8,2.8,3.1,3.0,2.7,3.1,3.0,2.6,2.8,2.6,3.1,2.1,2.6
6256167476,02120769,1/7/2015,1.3,2.4,1.7,1.9,2.1,1.4,2.1,1.6,2.2,2.3,1.2,2.4,2.6,2.4,3.0,2.9,2.9,2.7,2.6,2.3,2.8,2.6,2.4,3.5,2.1,2.4,2.7,2.3,2.8,2.2,2.9,2.6,2.3,2.4,2.7,2.9,2.3,3.0,3.2,2.9,3.1,3.1,2.6,2.7,2.8,2.6,3.2,3.1
6256167476,02120769,1/6/2015,2.5,2.9,1.7,2.6,2.0,2.5,2.1,2.7,1.9,2.7,2.1,2.9,2.4,2.6,3.1,2.4,2.5,2.2,2.6,2.1,2.1,2.9,2.0,2.0,2.2,2.3,1.8,2.4,1.9,2.0,1.7,2.4,1.8,2.5,1.8,2.3,2.1,2.7,2.5,2.8,1.9,2.3,2.4,2.2,2.2,1.8,2.8,2.0
6256167476,02120769,1/5/2015,1.8,1.3,2.2,1.5,2.3,1.3,2.0,1.6,2.0,1.8,1.8,2.1,2.7,2.2,2.9,2.8,2.6,2.9,2.9,1.9,3.0,2.4,2.2,2.9,2.3,2.1,2.3,2.6,2.4,2.6,2.2,2.2,2.5,2.1,2.9,2.5,2.1,2.9,3.1,2.4,3.0,2.9,3.0,2.6,2.4,2.5,2.4,2.5
6256167476,02120769,1/4/2015,1.8,2.3,2.1,1.9,2.3,1.8,1.7,1.8,2.1,1.3,2.4,2.4,1.2,2.2,2.2,1.7,2.6,2.1,2.8,2.4,3.2,2.2,2.8,2.1,2.8,2.1,2.3,2.9,1.4,2.2,2.7,1.7,2.0,2.5,2.2,1.9,1.9,2.9,2.2,1.9,2.2,2.7,1.8,1.9,2.8,1.7,1.3,2.4
6256167476,02120769,1/3/2015,2.8,2.1,2.1,2.3,2.0,2.2,2.1,2.3,2.2,1.7,2.2,2.5,1.5,2.1,2.6,2.2,2.2,2.7,3.1,2.6,2.9,2.7,3.3,2.3,2.8,2.6,3.1,2.2,2.7,2.5,2.1,3.1,2.2,2.6,1.7,2.5,2.6,2.9,2.1,2.7,1.7,2.7,2.5,2.7,2.3,1.9,2.3,2.6
6256167476,02120769,1/2/2015,2.2,2.4,2.1,2.2,2.2,2.1,2.4,1.7,2.2,2.7,1.8,2.3,2.5,2.1,2.9,2.3,2.8,3.2,2.8,2.5,3.1,2.7,2.2,3.1,2.6,2.1,2.6,2.8,2.0,2.5,2.3,1.9,2.6,2.4,2.6,2.6,2.1,2.5,2.2,3.0,2.3,2.7,2.1,2.1,3.1,2.1,2.1,2.2
6256167476,02120769,1/1/2015,2.6,2.6,2.6,2.3,2.4,2.5,2.6,2.2,2.4,2.7,2.1,2.9,2.0,2.6,2.6,2.5,2.7,3.5,2.2,3.2,3.0,3.0,3.1,3.0,3.0,2.3,3.1,2.1,3.1,2.6,2.9,2.6,2.8,2.4,2.1,3.0,2.2,2.8,3.1,2.1,2.8,2.4,2.6,2.6,2.3,2.7,2.6,2.2
6256167476,02120769,12/31/2014,2.8,1.9,2.5,2.4,2.5,1.7,2.7,2.2,2.4,2.5,2.4,2.0,2.7,2.6,2.8,2.8,2.8,3.4,2.7,3.1,2.9,2.7,3.3,2.7,2.8,2.2,2.9,2.7,2.7,2.9,2.1,2.6,2.5,2.5,2.8,2.8,3.0,2.8,2.3,2.6,2.9,2.6,2.1,3.1,2.2,3.1,2.4,2.5
6256167476,02120769,12/30/2014,2.1,1.8,1.9,1.2,1.8,2.2,1.5,2.2,1.9,1.6,1.8,1.8,2.2,2.1,2.7,2.2,2.4,2.5,3.7,2.1,2.9,3.0,2.6,2.6,2.9,2.3,1.9,2.5,2.9,2.1,2.2,2.3,3.0,2.1,2.8,2.6,1.8,3.1,2.1,3.0,2.2,2.7,2.6,2.9,2.5,2.6,2.5,2.2
6256167476,02120769,12/29/2014,1.9,1.6,1.6,2.0,0.9,2.0,1.4,1.9,0.9,1.8,1.7,1.6,2.3,1.9,2.1,1.6,2.5,2.5,2.0,2.3,1.9,2.2,2.5,1.5,2.6,2.1,1.8,2.1,1.8,2.0,1.7,1.9,1.7,2.1,1.8,2.2,1.8,2.4,1.7,2.6,2.1,1.9,1.9,2.2,1.8,1.9,2.0,1.9
6256167476,02120769,12/28/2014,1.4,1.5,2.1,1.4,1.4,1.7,1.7,1.5,1.8,1.3,1.5,1.7,1.5,1.6,2.2,1.3,1.8,1.9,2.3,1.9,2.3,2.1,2.5,1.9,1.9,2.0,2.2,1.5,2.0,2.0,1.4,1.7,2.0,1.8,1.4,2.4,1.6,1.8,2.0,1.9,1.9,1.7,1.4,2.5,1.5,1.4,1.9,1.3
6256167476,02120769,12/27/2014,1.8,1.7,1.7,2.4,1.3,2.1,1.4,2.0,2.3,1.1,2.3,1.4,2.1,1.8,2.1,2.1,2.1,2.7,2.3,2.8,2.3,2.3,2.7,1.9,2.4,2.4,1.7,2.4,1.5,2.6,1.5,1.4,2.5,1.8,2.0,1.4,2.7,1.4,2.4,1.9,1.9,1.4,2.2,1.8,2.1,2.0,1.5,2.4
6256167476,02120769,12/26/2014,1.4,2.1,1.9,1.1,2.1,1.5,1.4,1.7,2.0,1.7,1.6,1.3,1.9,1.4,2.2,2.5,2.1,2.3,2.2,2.3,2.7,2.2,2.6,1.9,2.3,2.2,1.5,2.3,1.9,2.0,1.9,1.9,2.2,2.0,1.3,2.7,1.4,2.0,2.2,1.9,2.1,2.4,1.9,1.7,2.0,2.3,2.2,2.2
6256167476,02120769,12/25/2014,2.0,0.9,1.4,1.3,1.7,1.3,1.4,1.4,1.5,1.5,1.3,1.4,1.8,1.2,1.4,2.2,1.7,1.7,2.4,2.1,1.9,2.2,2.4,1.4,1.9,2.4,1.6,2.1,1.8,1.8,2.0,1.8,1.4,2.0,2.4,1.5,1.7,2.1,1.7,1.4,2.7,1.5,1.9,1.6,2.0,1.7,1.7,2.3
6256167476,02120769,12/24/2014,1.8,1.9,2.1,1.6,1.8,1.3,2.2,1.6,1.8,1.3,1.9,1.8,1.9,2.3,1.9,2.3,1.9,2.4,2.2,2.4,1.9,2.9,1.9,2.2,1.6,1.9,2.7,1.9,1.3,2.6,1.4,2.4,1.8,1.5,2.2,1.4,1.5,2.3,1.5,1.9,1.4,1.8,2.0,1.4,1.6,2.2,1.5,1.3
6256167476,02120769,12/23/2014,2.2,1.7,2.0,1.8,1.7,2.3,1.4,2.1,1.7,1.9,1.7,2.2,2.2,2.5,2.7,2.3,2.7,2.3,1.8,2.8,2.7,2.0,2.1,2.3,2.2,1.5,2.5,1.8,2.2,1.9,1.7,2.0,2.1,2.1,2.0,1.9,2.3,1.4,2.6,1.9,2.2,2.6,1.5,2.1,1.8,2.0,1.7,2.0
6256167476,02120769,12/22/2014,1.7,2.5,1.9,1.7,2.2,2.3,2.2,1.3,2.3,1.9,2.2,1.7,2.6,2.4,2.7,2.7,2.8,2.8,2.5,2.7,2.4,2.6,1.9,2.6,2.1,2.6,2.4,2.1,2.2,2.2,2.2,1.8,2.9,2.2,2.1,2.4,2.1,2.7,2.7,2.2,2.6,2.2,2.7,2.0,2.4,2.2,2.6,1.7
6256167476,02120769,12/21/2014,2.1,2.1,2.2,1.7,2.2,2.0,2.2,1.3,2.1,1.7,2.5,1.8,1.9,2.1,2.2,2.3,2.2,2.8,2.9,2.7,2.7,2.7,2.8,2.4,2.4,2.6,2.1,2.7,1.9,2.3,2.2,2.4,2.2,2.4,2.3,2.2,2.8,1.9,2.7,2.1,2.7,2.2,2.7,1.8,2.4,2.8,1.9,2.3
6256167476,02120769,12/20/2014,1.7,2.3,2.3,1.8,2.1,1.8,2.2,1.9,2.4,2.2,2.1,1.8,2.5,1.8,2.5,2.7,2.6,3.1,2.7,2.9,3.0,2.7,2.6,2.8,2.6,2.4,2.3,2.6,2.2,2.9,2.4,2.1,2.1,2.9,1.9,2.7,2.4,2.4,2.4,2.5,2.9,2.2,1.8,2.6,2.2,2.1,2.7,2.3
6256167476,02120769,12/19/2014,1.8,2.1,2.1,1.7,2.0,2.1,2.1,2.1,1.4,2.2,2.2,2.0,2.5,2.8,2.7,2.5,2.6,2.8,2.7,3.0,2.0,2.4,2.6,2.2,2.1,2.1,2.7,2.2,2.2,1.8,2.1,2.2,2.2,2.1,2.7,2.2,2.2,2.3,2.6,2.1,2.5,2.4,2.2,2.7,1.9,2.1,2.6,2.4
6256167476,02120769,12/18/2014,1.9,2.2,1.7,1.8,1.7,1.9,1.7,2.2,1.5,2.0,1.8,2.1,2.3,2.4,3.2,2.9,2.4,2.8,2.6,2.4,2.4,2.4,2.4,2.1,2.2,2.1,2.4,2.2,1.8,2.3,2.1,1.8,2.2,2.4,2.3,2.2,2.2,2.6,2.5,2.2,2.8,2.3,2.1,2.7,1.9,2.2,2.3,2.2
6256167476,02120769,12/17/2014,1.4,1.7,2.0,1.1,2.2,0.9,1.8,1.7,1.3,1.5,2.3,1.6,2.4,2.5,2.7,2.3,2.4,3.0,2.1,2.5,1.9,1.9,2.2,1.3,2.4,1.6,2.4,1.7,1.6,1.8,1.4,2.7,1.7,1.9,2.0,2.2,1.5,2.7,2.1,2.2,2.5,2.0,2.1,2.2,1.8,2.6,1.9,2.0
6256167476,02120769,12/16/2014,1.2,2.2,1.9,1.2,2.1,1.0,2.2,1.6,1.9,1.3,1.9,2.2,2.2,2.4,2.8,2.8,2.4,2.3,1.9,2.3,1.8,2.1,1.7,2.4,1.8,2.4,1.9,1.7,2.3,1.7,2.2,1.6,1.7,2.2,1.4,2.0,2.3,2.0,1.8,2.6,1.9,1.9,2.0,2.4,1.4,2.3,1.7,1.9
6256167476,02120769,12/15/2014,1.5,1.8,1.6,1.5,1.8,1.7,1.5,1.7,1.5,1.7,2.0,1.5,2.7,2.1,2.8,2.4,1.9,3.0,2.1,3.0,1.7,2.4,1.6,1.4,2.5,1.7,1.4,1.9,1.4,1.5,1.9,1.4,1.9,2.2,1.7,2.0,1.9,1.9,2.1,2.1,2.7,1.4,2.4,1.8,2.3,2.0,2.1,1.9
6256167476,02120769,12/14/2014,2.7,1.8,1.6,2.3,2.2,1.6,2.2,1.4,1.8,2.2,1.7,2.3,2.2,2.2,2.0,2.3,2.7,2.7,2.6,2.7,2.4,3.1,2.8,2.2,2.9,1.8,2.8,2.0,2.8,2.1,2.2,2.8,1.8,2.2,2.4,1.6,2.9,1.6,2.0,3.0,2.0,1.5,2.7,1.6,2.4,1.8,1.7,2.4
6256167476,02120769,12/13/2014,1.8,2.0,1.8,2.3,2.0,1.8,1.8,2.2,2.2,1.7,2.3,1.8,2.4,2.3,1.9,2.9,2.5,2.8,2.8,2.6,3.3,2.7,2.7,2.5,2.2,2.9,2.3,2.1,2.4,2.9,2.1,2.6,2.0,2.5,2.2,2.3,2.1,2.7,1.9,2.8,2.0,2.3,1.9,2.4,2.1,1.9,2.1,1.7
6256167476,02120769,12/12/2014,2.5,1.8,2.0,1.8,1.8,2.5,1.4,2.5,1.5,2.5,2.0,2.3,2.6,2.4,3.3,2.3,3.4,2.7,2.8,2.1,2.6,2.4,1.9,2.6,2.4,2.0,1.9,2.3,1.9,2.7,1.6,2.8,1.8,2.3,1.9,2.3,2.7,1.8,2.9,2.3,2.3,2.3,2.5,2.0,2.3,2.2,2.0,2.4
6256167476,02120769,12/11/2014,1.8,1.2,1.8,0.9,1.2,1.5,1.0,2.0,1.1,1.3,1.4,1.6,1.7,2.8,2.0,3.8,4.7,4.1,8.3,6.0,2.1,2.3,3.3,3.0,2.6,2.0,4.7,3.4,5.4,5.5,4.7,2.2,2.2,3.0,3.8,1.9,3.2,3.6,4.1,2.2,3.9,3.2,2.2,3.2,3.2,2.2,1.9,2.6
6256167476,02120769,12/10/2014,1.2,1.2,1.7,1.1,0.7,1.7,1.5,1.4,1.2,1.1,1.7,1.5,1.9,2.2,2.2,2.5,1.5,1.5,2.5,1.5,2.2,1.4,1.4,1.7,1.7,1.5,1.7,1.3,1.2,2.1,1.1,1.1,1.6,1.6,1.3,2.1,1.7,1.5,2.0,1.5,1.8,2.4,1.4,1.8,1.5,1.5,1.8,1.8
6256167476,02120769,12/9/2014,2.0,0.9,1.8,1.4,1.7,0.7,1.7,1.5,1.2,1.3,1.9,1.2,2.1,2.5,2.3,2.1,2.4,1.5,2.1,1.9,2.1,1.1,2.2,1.5,1.7,1.5,1.1,1.6,2.1,1.8,1.2,1.1,1.7,1.4,2.3,1.3,1.6,2.1,1.6,2.0,1.6,1.5,2.2,1.6,1.6,1.6,1.5,1.7
6256167476,02120769,12/8/2014,1.2,1.6,1.1,1.6,0.8,1.8,1.2,1.3,1.2,1.6,0.8,2.2,1.6,2.5,1.9,3.6,1.4,2.2,1.4,2.3,1.8,1.7,1.7,2.0,1.9,1.5,1.9,1.2,2.4,1.1,1.7,1.9,1.5,1.6,1.6,2.0,1.5,2.3,1.9,2.1,1.6,2.3,1.9,1.4,2.3,1.4,2.0,1.2
6256167476,02120769,12/7/2014,1.6,0.9,1.8,1.2,1.3,0.9,1.9,1.1,0.9,1.7,1.1,1.2,1.9,1.2,1.3,1.9,1.8,1.2,2.7,1.9,2.6,1.7,1.8,2.3,1.6,1.6,2.4,1.7,1.7,1.2,2.2,1.2,1.8,2.2,1.2,1.5,2.1,1.7,1.6,2.6,1.5,1.7,1.5,1.6,2.0,1.5,1.3,1.8
6256167476,02120769,12/6/2014,1.1,1.8,0.7,1.2,1.2,1.4,1.1,1.2,1.2,1.3,1.2,0.9,1.7,1.1,1.1,1.5,2.2,1.6,2.2,1.6,2.5,1.7,1.5,1.6,1.6,2.4,1.4,1.6,1.6,1.6,2.1,1.5,1.4,1.5,1.5,1.5,2.1,1.5,1.5,1.7,1.6,1.7,1.6,1.7,1.5,1.1,2.1,1.3
6256167476,02120769,12/5/2014,1.1,1.2,1.9,0.8,1.2,0.8,1.7,0.8,1.1,1.9,1.1,1.2,2.0,1.8,1.7,2.1,2.4,1.6,1.5,2.2,1.2,1.8,1.7,2.0,1.2,1.1,1.9,1.4,1.2,1.1,2.0,1.1,1.2,1.4,1.9,1.4,1.6,1.6,1.9,1.5,1.6,1.7,1.5,1.1,1.7,1.8,1.4,1.1
6256167476,02120769,12/4/2014,1.1,1.1,1.5,1.2,1.2,0.7,1.7,0.7,1.1,1.3,1.4,1.2,2.2,1.6,2.3,2.3,1.6,2.1,1.9,1.6,1.2,2.1,1.5,1.5,1.7,1.3,1.4,1.8,1.2,1.3,1.1,1.7,1.2,1.6,1.1,2.0,1.5,1.6,1.6,2.0,1.6,1.2,1.6,2.3,1.2,1.6,1.6,1.2
6256167476,02120769,12/3/2014,0.9,1.1,1.5,1.3,0.8,1.2,1.8,0.8,1.3,1.3,1.2,1.1,1.8,2.3,2.2,1.9,2.3,1.6,1.7,2.0,1.4,1.4,1.3,2.1,1.2,1.1,1.1,1.6,1.4,1.2,1.3,1.2,1.2,2.0,1.1,1.6,1.1,2.5,1.6,1.3,1.6,1.6,2.2,1.2,1.4,1.6,1.8,1.1
6256167476,02120769,12/2/2014,1.1,0.9,1.0,1.1,1.1,0.7,1.6,1.1,1.1,1.1,1.1,1.0,2.4,1.5,2.3,2.0,1.7,2.2,1.9,1.5,1.5,1.9,1.2,1.4,1.1,1.7,1.5,1.2,1.6,1.6,1.4,1.1,1.1,1.7,1.5,1.4,1.6,2.2,1.7,1.6,2.3,1.5,1.6,1.4,2.0,1.5,1.1,2.1
6256167476,02120769,12/1/2014,1.1,1.1,1.1,1.1,0.7,1.7,0.9,1.2,1.1,0.7,1.1,1.1,2.2,1.6,2.3,1.6,1.9,1.6,1.5,1.7,1.7,1.3,1.3,1.2,1.5,1.2,1.4,1.2,1.1,1.1,1.3,1.5,1.1,1.1,1.6,1.5,1.5,1.9,2.4,1.6,1.9,1.6,1.1,1.6,1.2,1.5,1.3,1.8
6256167476,02120769,11/30/2014,1.1,1.5,1.3,1.2,0.8,1.7,0.8,1.1,1.7,0.7,1.4,1.4,1.2,1.1,1.7,1.2,1.4,2.4,2.1,1.8,1.7,2.5,1.6,1.6,1.7,2.3,1.5,1.5,1.5,1.5,1.1,2.3,1.7,1.2,1.6,1.6,1.5,1.7,2.5,2.0,1.6,1.5,1.4,1.4,1.5,1.7,1.2,1.3
6256167476,02120769,11/29/2014,1.1,1.6,1.5,1.4,1.6,0.8,1.7,0.8,2.0,1.0,1.6,0.7,1.6,1.2,2.0,1.7,1.8,1.7,1.8,2.4,2.0,2.1,2.0,1.3,2.2,1.6,1.1,2.1,1.1,1.9,1.9,1.3,1.4,1.8,1.5,1.4,2.1,1.6,1.6,1.5,1.7,1.2,1.5,1.9,1.4,1.2,1.7,1.1
6256167476,02120769,11/28/2014,1.2,1.1,1.7,0.9,1.7,1.1,0.8,1.7,1.2,1.3,1.3,1.2,1.1,1.6,1.5,1.7,1.7,1.8,1.4,2.2,1.6,2.2,1.8,1.4,1.8,1.7,1.3,1.7,1.6,1.3,1.9,1.7,1.7,1.2,1.8,1.5,1.3,2.2,1.2,1.9,1.1,2.2,1.2,1.7,1.3,1.9,1.1,1.7
6256167476,02120769,11/27/2014,1.1,1.3,0.7,1.7,1.1,1.1,1.3,1.1,1.3,1.7,0.7,1.2,1.4,1.4,1.5,1.7,1.8,1.6,2.0,2.1,1.6,1.6,2.4,2.0,1.6,1.5,2.1,1.6,1.6,1.7,1.7,1.6,1.2,1.5,1.7,1.5,1.1,2.1,1.5,1.6,1.2,1.7,1.6,1.2,2.1,1.3,1.2,1.7
6256167476,02120769,11/26/2014,1.1,1.0,1.8,0.9,1.1,0.7,1.1,0.7,1.0,1.0,0.9,1.8,1.4,2.0,1.9,1.7,1.7,1.8,1.7,1.8,2.3,1.6,1.8,1.3,1.6,2.2,1.3,1.6,1.2,1.4,2.0,1.7,1.4,1.3,1.6,2.1,1.5,1.5,1.2,2.2,1.5,1.3,1.2,2.1,1.1,1.1,1.6,1.7
6256167476,02120769,11/25/2014,1.2,1.1,0.7,1.1,1.1,0.6,1.0,0.7,1.3,0.8,1.0,1.1,1.4,1.6,1.7,2.1,1.6,1.7,1.4,1.4,1.1,1.5,1.1,1.1,1.5,1.3,1.1,1.1,1.1,1.1,1.1,1.1,1.1,1.0,1.3,1.5,1.1,1.8,1.9,1.1,1.5,1.5,1.3,1.5,1.1,1.4,1.1,1.1
6256167476,02120769,11/24/2014,1.3,1.1,1.1,1.4,1.1,1.1,0.9,1.2,0.7,1.1,0.9,1.3,1.3,1.8,2.8,1.7,1.7,1.7,1.5,1.2,1.5,1.2,1.7,1.2,1.1,1.0,1.3,1.1,1.1,1.2,1.4,1.2,1.1,1.1,1.2,1.5,1.1,1.6,1.6,1.8,1.4,1.2,1.4,1.5,1.2,1.6,1.1,1.1
6256167476,02120769,11/23/2014,1.6,1.1,1.1,1.6,0.9,1.8,0.9,1.0,1.6,0.7,1.5,1.4,0.7,1.7,1.5,1.6,1.5,2.0,2.3,1.6,2.0,2.2,1.6,1.5,2.2,1.8,1.5,1.5,2.1,1.3,1.4,1.6,1.4,2.0,1.5,1.5,1.5,1.5,2.4,1.9,1.6,1.1,1.4,1.4,2.0,1.2,1.2,1.3
6256167476,02120769,11/22/2014,1.8,1.4,1.6,1.6,1.7,1.2,1.7,1.5,1.5,1.6,1.4,1.4,2.0,1.6,2.3,1.7,2.6,2.1,2.4,2.3,2.0,2.5,1.7,2.6,1.9,2.4,1.2,2.5,1.6,1.2,2.1,1.6,1.4,2.2,1.6,1.7,1.5,1.6,2.1,1.4,2.1,1.1,1.6,1.7,1.1,2.1,1.4,1.2
6256167476,02120769,11/21/2014,2.0,1.0,2.1,1.1,1.7,0.8,2.1,1.1,1.4,1.5,1.6,1.8,1.8,2.1,2.1,2.7,2.6,1.2,2.3,2.0,2.0,1.9,1.3,1.9,1.7,2.1,1.4,1.8,1.8,1.7,1.6,2.1,1.2,1.6,2.0,1.7,2.1,1.3,2.3,1.7,1.9,2.6,1.3,1.9,1.9,1.3,1.8,1.7
6256167476,02120769,11/20/2014,1.5,1.6,2.1,1.2,1.3,1.5,1.5,1.6,1.0,1.8,1.6,1.3,2.2,2.5,1.6,2.9,1.7,2.3,2.3,1.4,2.0,1.1,2.2,1.2,1.1,2.0,1.1,1.1,1.8,1.4,1.1,2.0,1.1,1.1,1.3,2.1,1.5,1.3,2.3,1.4,1.7,2.1,1.3,2.2,1.2,1.7,1.7,1.1
6256167476,02120769,11/19/2014,1.5,1.9,1.5,1.4,1.7,1.7,1.5,1.6,2.0,1.3,1.7,1.9,2.1,2.8,2.6,2.2,2.5,2.5,2.1,2.1,2.1,1.9,1.9,2.0,1.7,1.9,1.9,1.4,1.6,1.3,2.3,1.8,1.5,1.6,2.0,1.5,2.0,2.1,2.0,2.2,1.7,2.0,2.1,1.4,2.2,2.2,1.3,1.6
6256167476,02120769,11/18/2014,0.8,2.1,1.4,1.2,2.1,1.3,1.1,2.2,1.2,2.4,1.2,2.0,2.2,2.8,1.9,2.9,2.5,2.1,2.6,2.8,1.7,1.3,2.0,1.4,1.8,2.1,1.5,1.7,1.7,1.6,1.5,1.8,2.0,1.2,2.6,1.7,1.3,2.4,2.2,2.1,2.0,2.6,1.9,1.6,1.9,2.3,1.6,2.0
6256167476,02120769,11/17/2014,1.1,1.3,1.7,0.8,1.2,0.8,1.6,1.1,0.9,1.1,1.1,1.7,1.6,1.6,2.0,2.7,1.6,1.9,1.7,2.0,1.5,1.5,1.7,1.6,2.3,1.2,1.5,1.1,1.1,2.0,1.5,1.2,1.2,1.2,1.5,2.1,1.4,1.6,1.7,1.6,2.3,1.4,1.5,1.8,1.7,1.9,1.5,1.3
6256167476,02120769,11/16/2014,1.2,1.8,1.1,1.7,1.1,0.9,1.7,1.3,1.6,0.8,1.1,1.6,1.1,1.1,1.9,1.6,2.1,1.7,2.2,2.2,1.6,1.9,2.9,1.7,1.6,1.6,2.1,1.5,1.7,1.5,2.1,1.6,1.4,1.6,1.8,1.5,1.6,2.2,1.6,1.9,1.6,1.8,2.1,1.3,1.5,1.2,1.8,1.0
6256167476,02120769,11/15/2014,1.6,1.5,1.9,0.9,1.8,0.9,1.5,1.4,1.5,1.9,1.2,1.5,1.4,1.6,1.9,2.0,2.6,2.1,2.1,2.1,2.0,2.4,1.8,2.7,1.6,1.2,2.6,1.2,1.2,2.4,1.3,1.9,1.2,2.2,1.5,1.8,1.8,1.6,1.9,1.8,1.4,1.6,2.1,1.2,1.7,1.1,2.4,0.8
6256167476,02120769,11/14/2014,1.0,1.1,1.3,0.9,1.4,1.3,0.8,1.1,0.9,1.7,1.4,1.7,1.1,2.3,2.2,2.0,2.0,2.1,1.6,1.6,2.0,2.1,1.5,1.6,1.9,2.1,1.2,1.3,1.6,1.8,1.5,1.6,1.3,1.7,1.4,2.0,1.8,1.7,1.5,2.2,1.7,1.1,1.8,1.8,1.3,2.1,1.3,1.2
6256167476,02120769,11/13/2014,1.2,1.3,0.7,1.2,1.4,1.1,0.8,1.2,1.3,0.8,1.1,1.3,1.7,1.6,2.8,1.8,2.0,1.7,1.2,1.6,1.3,1.7,1.2,1.9,1.2,1.3,1.2,1.2,1.1,1.2,1.4,1.2,1.8,1.3,1.2,1.6,1.3,1.8,1.3,1.7,2.3,1.2,1.2,1.8,1.3,1.7,1.7,1.2
6256167476,02120769,11/12/2014,0.8,1.1,0.7,1.1,0.7,1.1,0.9,1.1,0.7,1.1,1.1,1.2,1.5,1.7,1.8,2.1,1.6,1.6,1.5,1.2,1.2,1.5,1.2,1.2,1.3,1.1,1.2,1.2,1.2,1.2,1.2,0.8,1.4,1.2,1.2,1.6,1.2,1.6,1.6,1.6,1.7,1.4,1.6,1.1,1.6,1.3,1.2,1.2
6256167476,02120769,11/11/2014,1.1,0.7,1.3,1.6,0.9,1.1,0.8,1.1,0.8,1.1,0.7,1.6,1.9,1.2,1.7,1.5,1.7,1.7,1.8,1.4,2.0,1.8,1.5,1.5,1.2,1.5,1.1,1.5,1.5,1.1,1.6,1.1,1.1,1.2,1.5,1.1,1.7,1.7,1.6,1.1,1.5,1.2,1.5,1.2,1.2,1.2,1.5,1.2
6256167476,02120769,11/10/2014,1.2,1.1,0.8,1.1,1.1,0.9,1.8,0.8,1.1,1.1,1.0,1.5,1.2,2.4,2.1,1.7,2.1,1.6,1.6,1.6,2.2,1.9,1.2,1.6,1.1,1.2,1.5,1.2,1.3,1.2,1.2,1.1,1.1,1.2,1.1,1.5,1.3,1.6,1.6,2.2,1.3,1.4,1.5,1.2,1.3,1.6,1.2,1.1
6256167476,02120769,11/9/2014,1.1,1.1,1.1,0.7,1.1,0.8,1.8,1.0,1.2,0.8,1.1,1.1,0.7,1.8,1.8,1.2,1.7,1.7,1.8,1.9,1.6,2.2,2.1,1.7,1.7,1.6,1.5,1.6,1.6,1.6,1.7,1.6,1.1,1.6,1.5,1.6,2.2,1.6,1.8,1.5,1.5,1.6,1.4,1.3,1.6,1.3,1.9,1.2
6256167476,02120769,11/8/2014,1.8,1.2,1.4,1.1,0.8,1.1,1.2,1.2,1.4,1.3,1.1,0.8,1.2,1.5,1.7,1.7,1.8,2.2,1.6,1.7,2.7,1.6,1.8,1.5,1.8,1.2,1.6,1.6,1.5,1.9,1.4,1.4,1.3,1.5,1.4,1.4,1.6,1.4,2.0,1.8,1.5,1.2,1.2,1.5,1.2,1.2,1.8,1.3
6256167476,02120769,11/7/2014,1.1,1.0,1.1,1.1,0.8,1.1,0.8,1.1,0.7,1.2,1.4,1.2,1.1,1.7,2.2,1.8,1.7,1.7,1.9,1.6,1.1,1.4,1.6,1.1,1.2,1.3,1.4,1.5,1.2,1.3,1.2,1.2,1.2,1.6,1.4,1.2,1.6,1.7,2.0,1.7,1.3,1.5,1.4,1.6,1.2,1.2,1.2,1.2
6256167476,02120769,11/6/2014,1.0,1.0,0.8,1.1,0.8,1.2,0.7,1.2,1.1,0.8,1.2,1.1,1.6,1.9,2.2,1.7,1.7,1.7,1.7,1.2,1.5,1.2,1.4,1.5,1.5,1.1,1.5,1.1,1.2,1.5,1.2,1.3,1.5,1.2,1.2,1.1,1.6,1.6,1.2,1.6,1.8,1.2,1.5,1.2,1.5,1.5,1.2,1.1
6256167476,02120769,11/5/2014,1.3,0.8,1.2,1.1,0.8,1.0,0.7,1.2,0.8,1.4,1.2,1.1,1.6,1.6,1.7,2.1,1.6,1.8,1.6,1.5,1.1,1.1,1.1,1.1,1.1,1.5,1.3,1.2,1.5,1.1,1.2,1.1,1.1,1.1,1.1,1.7,1.5,1.2,1.7,1.8,1.5,1.2,1.5,1.6,1.3,1.1,1.3,1.0
6256167476,02120769,11/4/2014,1.1,0.8,1.2,0.8,1.1,1.4,1.1,0.9,1.2,1.1,0.9,1.3,1.4,2.1,1.9,2.0,2.2,1.7,1.7,1.3,1.4,1.2,1.2,1.7,1.2,1.2,1.2,1.3,1.4,1.1,1.1,1.4,1.2,1.1,1.2,1.2,1.6,1.2,1.7,1.7,1.3,1.6,1.6,1.1,1.1,1.6,1.2,1.1
6256167476,02120769,11/3/2014,1.1,1.1,1.9,0.9,1.1,1.2,0.8,1.0,1.7,1.1,1.4,1.2,1.5,2.4,1.9,2.1,1.6,1.8,2.2,1.8,1.2,1.5,1.2,1.6,1.4,1.2,1.2,1.5,1.9,1.2,1.1,1.2,1.3,1.2,1.2,1.6,1.2,1.6,1.7,1.7,1.8,1.2,2.3,1.3,1.5,1.2,1.2,1.4
6256167476,02120769,11/2/2014,1.2,1.1,2.5,2.0,1.9,1.0,0.8,1.3,0.9,1.2,1.2,1.1,1.8,1.2,1.4,1.9,1.7,2.3,1.6,2.0,2.4,2.2,1.9,1.6,2.2,1.5,1.6,1.5,2.2,1.7,1.7,1.6,1.2,1.7,1.1,1.4,2.6,1.6,1.9,1.5,1.5,1.6,1.3,2.2,1.5,1.2,1.3,1.2
6256167476,02120769,11/1/2014,1.1,0.9,1.1,1.1,1.2,0.8,1.3,0.8,1.1,1.1,1.5,1.0,1.0,1.3,1.2,1.4,1.6,1.5,2.0,1.7,2.1,2.3,1.9,1.6,1.5,1.5,1.5,1.7,1.4,1.8,1.4,1.5,1.5,1.4,2.1,1.6,1.5,1.6,1.6,1.9,1.5,1.5,1.2,1.4,2.0,1.5,1.3,1.1
6256167476,02120769,10/31/2014,1.2,1.2,1.1,1.0,0.8,1.3,0.8,1.0,1.8,1.1,1.3,1.1,1.2,1.6,2.1,2.0,1.8,2.3,1.5,1.2,1.7,1.2,1.7,1.1,1.6,1.2,1.2,1.2,1.2,1.2,1.6,1.1,1.8,1.6,1.4,1.4,1.1,1.4,1.3,1.4,1.2,1.6,1.4,1.1,1.4,1.1,2.0,1.3
6256167476,02120769,10/30/2014,1.1,1.4,1.2,0.8,1.1,0.8,1.1,0.8,1.3,0.9,1.2,1.2,1.6,1.5,2.3,2.0,2.2,1.8,1.2,1.7,1.6,1.3,1.5,1.2,1.4,1.2,1.3,1.1,1.1,1.7,1.1,1.2,1.3,1.3,1.2,1.2,1.5,1.7,1.5,1.5,1.7,1.5,1.7,1.5,1.4,1.9,1.2,1.2
6256167476,02120769,10/29/2014,1.1,1.1,1.1,0.7,1.1,1.1,0.8,1.1,1.3,0.8,1.1,1.1,1.5,1.8,1.9,1.8,2.0,1.4,1.4,1.4,1.5,1.5,1.3,1.2,1.1,1.5,1.4,1.2,1.1,1.1,1.1,1.1,1.4,1.3,1.5,1.2,1.3,1.5,1.5,1.5,1.8,1.7,1.4,1.3,1.5,1.1,1.2,1.2
6256167476,02120769,10/28/2014,1.2,1.2,1.1,0.8,1.1,0.7,1.1,0.8,1.1,0.9,1.2,1.1,1.6,1.5,1.8,1.9,2.4,1.8,1.3,1.4,1.5,1.1,1.2,1.4,1.1,1.4,1.2,1.4,1.2,1.1,1.1,1.5,1.2,1.2,1.5,1.1,1.6,1.7,1.7,1.6,1.5,1.5,1.5,1.4,1.5,1.5,1.3,1.3
6256167476,02120769,10/27/2014,1.2,0.8,1.1,1.1,1.0,0.9,1.6,0.8,1.1,0.7,1.1,1.1,1.7,1.7,1.7,1.6,2.1,1.7,1.6,1.6,1.2,1.7,1.1,1.1,1.4,1.2,1.4,1.1,1.4,1.2,1.3,1.3,1.2,1.5,1.2,1.6,1.1,1.6,1.4,1.8,1.6,1.3,1.4,1.5,1.2,1.1,1.0,1.3
6256167476,02120769,10/26/2014,1.2,1.1,0.8,1.2,0.8,1.2,0.9,1.1,0.7,1.1,0.8,1.1,1.1,0.9,1.1,1.7,1.2,1.6,1.7,1.7,2.2,1.7,1.7,1.3,1.9,1.5,1.6,1.1,1.7,1.2,1.6,1.4,1.1,1.5,1.7,1.4,1.6,1.6,1.7,1.5,1.6,1.6,1.3,1.5,1.6,1.3,1.0,1.3
6256167476,02120769,10/25/2014,1.2,0.7,1.1,1.1,0.8,1.8,0.7,1.1,0.9,1.0,0.8,1.1,0.7,1.1,1.2,1.4,1.3,2.5,2.1,1.7,1.8,1.6,1.7,1.2,1.5,1.6,1.8,1.2,1.6,1.2,1.2,1.6,1.1,1.5,1.2,1.7,1.3,1.6,1.6,1.2,1.6,1.2,1.2,1.6,1.1,1.4,1.2,1.2
6256167476,02120769,10/24/2014,1.2,0.8,1.3,1.1,1.4,1.2,0.8,1.1,0.8,1.1,1.1,1.4,1.2,1.6,1.9,1.9,1.6,1.6,2.2,1.5,1.5,1.6,1.2,1.6,1.2,1.2,1.1,1.3,1.4,1.3,1.1,1.2,1.2,1.2,1.1,1.2,1.6,1.2,1.9,1.1,1.3,1.4,1.2,1.1,1.6,1.2,1.2,1.4
6256167476,02120769,10/23/2014,1.1,0.8,1.2,1.1,0.8,1.2,0.9,1.4,0.8,1.7,1.1,1.3,1.2,1.6,1.9,1.9,1.7,1.7,1.5,2.2,1.7,1.2,1.2,1.9,1.4,1.2,1.2,1.2,1.2,1.2,1.3,1.2,1.4,1.2,1.2,1.2,1.7,1.2,1.8,1.2,1.7,1.4,1.7,1.2,1.4,1.4,1.2,1.2
6256167476,02120769,10/22/2014,1.1,0.8,1.2,1.0,1.2,1.2,0.8,1.3,0.8,1.2,1.1,1.5,1.8,1.7,2.1,2.1,2.1,2.4,1.6,1.7,1.7,1.5,1.4,1.5,1.1,1.2,1.6,1.2,1.2,1.4,1.2,1.2,1.2,1.2,1.8,1.6,1.1,1.8,1.5,1.5,1.6,1.4,1.6,1.5,1.1,1.7,1.4,1.8
6256167476,02120769,10/21/2014,0.8,1.1,0.8,1.1,1.0,0.9,1.1,1.0,0.8,1.1,0.9,1.2,1.7,2.0,1.8,2.0,1.7,1.6,1.7,1.1,1.1,1.4,1.0,1.5,1.2,1.0,1.2,1.1,1.1,1.4,1.2,1.1,1.1,1.8,1.3,1.2,1.6,1.3,1.5,1.7,1.7,1.5,1.5,1.7,1.2,1.6,1.4,1.4
6256167476,02120769,10/20/2014,1.3,1.8,0.7,1.2,0.8,1.1,0.7,1.1,0.9,1.5,1.2,1.2,1.1,1.6,1.9,1.8,1.6,2.5,1.6,1.6,1.1,1.4,1.4,1.0,1.5,1.2,1.3,1.1,1.3,1.3,1.1,1.1,1.1,1.1,1.1,1.6,1.4,1.5,1.4,1.6,1.6,1.5,1.1,1.4,1.4,1.5,1.1,1.4
6256167476,02120769,10/19/2014,1.1,0.8,1.1,1.8,0.9,1.1,0.8,1.1,0.7,1.2,0.8,1.1,1.1,0.9,1.1,2.0,1.5,1.7,1.7,1.7,1.8,2.0,1.7,1.6,1.6,2.1,1.5,1.6,1.6,1.2,1.7,1.2,1.7,1.2,1.1,1.7,1.5,1.6,1.6,2.4,1.5,1.6,1.2,1.6,1.2,1.5,1.1,1.1
6256167476,02120769,10/18/2014,0.9,1.0,1.1,1.1,0.8,1.4,0.8,0.8,1.1,0.8,1.1,0.7,1.1,1.1,1.3,1.3,1.5,1.6,1.6,1.6,1.7,1.6,1.5,1.5,1.7,1.6,1.3,1.4,1.6,1.4,1.4,1.2,1.5,1.4,1.6,1.4,1.4,1.5,1.2,1.6,1.6,1.2,1.2,1.3,1.5,1.1,1.1,1.2
6256167476,02120769,10/17/2014,1.4,1.1,0.8,1.1,1.3,1.1,0.8,1.1,1.0,0.8,1.2,1.2,1.5,1.7,1.8,2.0,1.6,1.7,1.2,1.5,1.5,1.5,1.4,1.3,1.5,1.2,1.4,1.1,1.3,1.2,1.3,1.1,1.2,1.4,1.2,1.6,1.1,1.4,1.5,1.5,1.6,1.2,1.4,1.6,1.2,1.1,1.5,1.1
6256167476,02120769,10/16/2014,1.2,1.1,0.8,1.1,1.3,0.8,1.1,0.8,1.1,1.1,1.1,1.1,1.2,1.6,2.4,2.0,1.7,1.7,1.8,1.4,1.4,1.2,1.4,1.5,1.3,1.2,1.5,1.1,1.2,1.1,1.2,1.1,1.5,1.4,1.1,1.5,1.1,1.5,1.6,1.6,1.7,1.4,1.6,1.6,1.4,1.4,1.1,1.1
6256167476,02120769,10/15/2014,0.8,1.2,1.2,0.8,1.1,0.8,1.2,1.1,0.8,1.1,1.3,1.1,1.5,1.6,1.9,1.9,1.7,2.0,1.3,1.7,1.2,1.8,1.2,1.2,1.5,2.0,1.4,1.6,1.2,1.2,1.5,1.6,1.7,1.2,1.3,1.6,1.7,1.2,2.0,1.6,1.6,1.6,1.8,1.2,1.6,1.2,1.2,1.2
6256167476,02120769,10/14/2014,1.2,1.1,0.8,1.2,1.3,0.9,1.1,0.8,1.1,0.7,1.1,1.1,1.5,1.6,2.3,1.8,1.6,1.6,1.7,1.2,1.2,1.6,1.2,1.4,1.4,1.2,1.1,1.1,1.2,1.1,1.1,1.1,1.5,1.2,1.2,1.7,1.3,1.5,1.5,1.5,1.6,1.6,1.6,1.2,1.6,1.2,1.2,1.7
6256167476,02120769,10/13/2014,1.2,0.9,1.0,1.1,1.2,0.8,1.2,0.8,0.8,1.1,0.7,1.0,1.1,1.5,1.4,1.7,1.8,1.4,1.4,2.0,1.3,1.6,1.6,1.9,1.5,1.6,1.2,1.6,1.2,1.4,1.2,1.5,1.6,1.2,1.5,1.6,1.6,1.2,1.7,1.6,1.6,1.6,1.6,1.3,1.6,1.2,1.2,1.2
6256167476,02120769,10/12/2014,1.1,1.1,1.1,1.1,0.8,1.0,1.3,0.8,1.1,0.7,1.0,1.0,1.7,1.1,1.1,1.3,1.5,1.4,1.7,1.8,1.8,1.5,1.6,1.5,1.8,1.5,1.7,1.3,1.2,1.5,1.5,1.3,1.2,1.7,1.6,1.3,1.4,1.5,1.6,1.5,1.5,1.4,1.5,1.5,1.4,1.2,1.3,1.2
6256167476,02120769,10/11/2014,1.2,0.8,1.1,0.8,1.1,1.1,0.8,1.1,1.2,0.9,1.1,0.8,1.2,1.5,1.1,1.6,1.8,1.8,2.0,1.5,1.6,1.5,2.0,1.2,1.5,1.6,1.5,1.8,1.5,1.4,1.4,1.5,1.1,1.5,1.1,1.5,1.8,1.1,1.6,1.5,1.6,1.1,1.5,1.2,1.1,1.6,1.1,1.7
6256167476,02120769,10/10/2014,1.2,1.1,0.8,1.1,0.8,1.1,1.1,0.8,1.3,0.8,1.1,1.1,1.5,1.5,1.9,1.7,1.5,1.6,1.8,1.6,1.5,1.2,1.5,1.1,1.2,1.5,1.1,1.1,1.7,1.1,1.3,1.3,1.5,1.2,1.5,1.2,1.6,1.1,1.8,1.5,1.5,1.5,1.4,1.1,1.5,1.2,1.1,1.7
6256167476,02120769,10/9/2014,1.2,0.8,1.1,1.1,1.1,1.0,1.1,1.1,1.1,1.0,0.9,1.4,1.5,1.5,1.9,2.2,1.6,1.5,1.4,1.7,1.2,1.2,1.6,1.2,1.1,1.7,1.2,1.1,1.2,1.1,1.2,1.6,1.1,1.2,1.2,1.5,1.3,1.6,1.5,1.5,1.8,1.4,1.5,1.4,1.2,1.5,1.3,1.1
6256167476,02120769,10/8/2014,1.1,1.2,1.0,1.1,1.1,0.8,1.1,1.1,0.8,1.1,1.1,1.1,1.6,1.8,1.8,1.8,1.9,1.4,1.4,1.4,1.5,1.5,1.2,1.4,1.1,1.4,1.1,1.4,1.5,1.1,1.5,1.2,1.3,1.1,1.4,1.1,1.4,1.7,1.6,1.6,1.5,1.5,1.2,1.7,1.1,1.4,1.1,1.4
6256167476,02120769,10/7/2014,1.3,1.1,1.2,0.7,1.1,0.8,1.1,1.1,0.8,1.1,1.3,1.1,1.5,1.5,1.8,1.9,1.5,1.5,1.5,1.6,1.3,1.4,1.1,1.2,1.4,1.1,1.1,1.4,1.2,1.4,1.3,1.1,1.1,1.3,1.3,1.2,1.5,1.5,1.5,1.7,1.7,1.5,1.4,1.4,1.4,1.4,1.4,1.1
6256167476,02120769,10/6/2014,1.3,1.5,1.5,1.3,1.5,2.1,1.2,1.4,1.2,1.7,1.6,1.6,1.7,2.3,2.3,2.2,1.9,1.9,2.5,1.7,1.3,1.2,1.4,1.2,1.1,1.4,1.1,1.6,1.1,1.5,1.2,1.2,1.1,1.5,1.2,1.4,1.5,1.5,1.5,1.7,1.6,1.6,1.4,1.5,1.3,1.4,1.1,1.1
6256167476,02120769,10/5/2014,1.6,1.6,1.3,1.8,1.3,1.7,1.1,1.5,1.3,1.5,1.5,1.4,1.8,1.6,2.3,1.6,1.9,2.0,2.1,2.0,2.0,2.2,2.0,2.1,2.0,1.9,1.9,2.0,1.9,1.7,2.0,1.9,1.8,1.5,1.9,1.9,1.9,2.2,1.9,2.5,2.0,2.0,2.0,1.9,1.6,1.8,1.6,1.8
6256167476,02120769,10/4/2014,1.6,1.7,1.6,1.5,1.5,1.5,1.6,1.6,1.3,1.5,1.6,1.9,1.5,1.7,1.5,1.9,2.0,2.0,2.5,2.1,2.1,2.3,2.1,1.9,2.0,2.0,1.9,2.0,1.9,1.8,2.0,2.2,2.0,2.0,2.0,1.9,1.9,2.0,1.9,1.7,2.0,1.9,1.6,2.0,1.6,1.7,1.6,1.5
6256167476,02120769,10/3/2014,1.2,1.3,0.8,1.2,0.8,1.2,1.0,1.2,0.7,1.3,1.2,1.3,1.2,1.7,1.6,2.2,1.8,1.6,1.5,1.5,1.4,1.2,1.3,1.4,1.7,1.6,1.9,1.8,1.6,1.9,1.7,1.6,1.9,1.6,1.9,1.6,1.9,1.9,2.0,2.1,1.7,1.9,1.9,1.9,1.9,1.6,2.0,1.6
6256167476,02120769,10/2/2014,1.2,1.5,1.5,1.3,1.4,1.4,1.4,1.4,1.4,1.4,1.4,1.8,1.6,1.9,2.3,2.1,2.3,1.9,1.4,1.5,1.9,1.1,1.0,1.0,1.2,1.1,1.2,1.2,1.2,1.2,1.2,1.1,1.4,1.3,1.5,1.2,1.3,1.3,1.6,1.7,1.7,1.6,1.3,1.7,1.4,1.2,1.2,1.2
6256167476,02120769,10/1/2014,1.6,1.1,1.6,1.2,1.6,1.4,1.3,1.7,1.2,1.5,1.5,1.6,1.6,2.0,2.3,2.2,2.0,2.1,2.0,2.0,1.8,1.6,1.8,1.5,1.6,1.7,1.7,1.6,1.5,1.5,1.7,1.6,1.8,1.5,1.6,1.7,1.9,1.6,1.9,2.1,2.1,1.8,1.8,2.1,1.8,1.9,1.7,1.6
6256167476,02120769,9/30/2014,1.6,1.6,1.6,1.1,1.8,1.2,1.6,1.1,1.5,1.5,1.4,1.5,2.2,2.2,2.3,2.1,2.0,2.0,1.9,1.6,2.0,1.6,1.4,1.6,1.6,1.5,1.9,1.6,1.5,1.6,1.6,1.5,1.4,1.9,1.6,1.9,1.9,1.6,1.9,2.0,2.0,2.0,1.9,1.9,1.9,1.9,1.6,1.6
6256167476,02120769,9/29/2014,1.2,1.6,1.5,1.3,1.6,1.2,1.5,1.5,1.2,1.3,1.6,1.5,1.8,2.0,2.3,2.7,2.0,2.0,1.9,2.0,1.8,1.7,1.6,1.5,1.6,1.6,1.6,1.7,1.6,1.6,1.6,1.6,1.5,1.6,1.6,1.9,1.8,2.0,2.1,2.0,2.1,1.8,2.0,2.0,1.7,1.6,1.5,1.6
6256167476,02120769,9/28/2014,1.5,1.7,1.5,1.2,1.4,1.5,1.2,1.5,1.1,1.3,1.4,1.5,1.2,1.6,1.6,1.5,2.0,2.3,1.8,2.0,1.9,2.1,2.3,2.2,2.0,1.9,1.9,1.8,1.9,1.4,1.9,2.0,1.5,2.0,2.1,1.6,2.0,2.2,2.5,2.2,2.1,1.9,2.0,1.8,1.8,1.5,1.9,1.6
6256167476,02120769,9/27/2014,1.8,1.6,1.3,1.2,1.5,1.3,1.2,1.6,1.2,1.4,1.5,1.6,1.4,1.4,1.6,2.1,1.9,1.7,2.1,2.1,2.0,2.4,1.5,2.3,1.9,1.6,2.2,1.6,1.7,1.6,2.0,1.7,1.8,1.5,2.1,1.5,2.3,1.6,1.8,1.9,1.5,1.9,1.7,2.0,1.6,1.6,1.6,1.6
6256167476,02120769,9/26/2014,1.5,1.4,1.6,1.2,1.6,1.3,1.4,1.6,1.2,1.6,1.1,1.6,2.2,2.0,1.9,2.1,2.3,2.1,1.5,2.0,1.6,1.6,2.0,1.8,1.5,1.5,1.6,2.0,1.6,1.5,1.7,1.5,1.7,1.5,1.6,1.9,1.9,1.5,2.1,1.7,1.9,1.6,1.6,1.5,2.0,1.3,1.7,1.5
6256167476,02120769,9/25/2014,1.5,1.2,1.5,1.4,1.6,1.6,1.2,1.5,1.6,1.6,1.6,1.6,1.9,2.0,2.3,2.5,1.8,2.1,1.9,1.9,1.7,2.0,1.6,2.0,1.6,1.6,1.8,1.7,1.7,1.6,1.6,1.6,1.6,1.6,1.6,1.7,1.9,2.2,1.6,2.1,2.0,2.0,1.6,1.6,2.0,1.6,1.6,1.6
6256167476,02120769,9/24/2014,1.6,1.4,1.2,1.6,1.3,1.5,1.2,1.6,1.2,1.5,1.1,1.5,1.9,2.0,2.1,2.5,2.1,2.0,2.0,1.7,1.6,1.6,1.5,1.5,1.6,1.5,1.5,1.9,1.4,1.8,1.5,1.5,1.5,1.6,1.6,1.4,1.9,1.6,1.9,2.3,2.1,1.7,2.0,1.5,1.6,1.9,1.6,1.4
6256167476,02120769,9/23/2014,1.5,1.2,1.5,1.4,1.2,1.3,1.6,1.2,1.6,1.1,1.5,1.6,1.7,2.3,1.9,2.3,2.1,2.2,2.0,1.6,1.8,1.4,1.9,1.6,1.6,1.5,1.8,1.4,1.5,1.6,1.7,1.4,1.6,1.6,1.8,1.5,1.9,2.0,2.0,1.9,1.7,2.0,1.5,1.8,2.0,1.5,1.5,1.4
6256167476,02120769,9/22/2014,1.6,1.2,1.6,1.4,1.2,1.5,1.2,1.6,1.2,1.1,1.5,1.5,1.9,1.9,2.2,2.3,2.1,2.0,2.0,1.9,1.7,1.7,1.5,1.7,1.6,1.6,1.5,1.4,1.9,1.6,1.5,1.6,1.5,1.7,1.8,1.6,1.9,1.6,2.0,1.9,2.3,1.7,1.9,1.9,1.6,1.7,1.5,1.5
6256167476,02120769,9/21/2014,1.6,1.2,1.4,1.6,1.2,1.2,1.5,1.2,1.6,1.4,1.6,1.1,1.5,1.2,1.6,1.6,2.0,2.0,2.0,2.0,2.3,2.2,2.0,1.9,2.1,2.0,1.8,1.9,1.9,1.6,1.9,2.1,2.0,1.5,1.9,2.0,2.1,2.0,2.1,2.3,2.2,1.8,1.9,2.0,1.9,1.8,1.6,1.5
6256167476,02120769,9/20/2014,1.2,1.6,1.4,1.2,1.6,1.4,1.1,1.6,1.2,1.6,1.1,1.5,1.5,1.5,1.5,1.9,1.9,2.2,2.1,1.8,2.1,1.7,2.0,1.9,2.1,2.1,1.5,2.1,1.6,1.8,1.9,2.0,1.7,2.0,1.5,2.0,1.7,2.0,2.0,1.6,1.7,1.7,1.6,1.6,2.2,1.5,1.6,1.6
6256167476,02120769,9/19/2014,1.5,1.6,1.4,1.6,1.2,1.4,1.3,1.1,1.5,1.2,1.6,1.5,1.6,2.2,2.2,2.1,2.3,2.0,1.5,1.8,1.9,1.6,1.9,1.5,1.5,1.6,1.6,2.1,1.5,1.6,1.6,1.5,1.6,1.6,1.6,1.5,1.8,1.8,2.1,1.4,1.8,2.0,1.6,1.5,1.9,1.6,1.6,1.6
6256167476,02120769,9/18/2014,1.7,1.1,1.5,1.2,1.6,1.2,1.5,1.2,1.2,1.6,1.4,1.3,2.2,1.8,2.5,2.0,2.3,2.0,1.4,2.0,1.7,1.4,1.9,1.9,1.3,1.6,1.6,1.9,1.3,1.5,1.6,1.6,1.5,1.6,1.6,2.0,1.6,1.9,1.8,2.0,2.1,2.0,1.5,2.0,1.6,1.6,1.6,1.5
6256167476,02120769,9/17/2014,1.6,1.2,1.6,1.2,1.1,1.5,1.2,1.2,1.5,1.4,1.6,1.6,1.6,1.9,2.5,2.1,2.0,2.0,1.6,1.9,1.6,1.8,1.6,1.5,1.6,1.6,1.6,1.5,1.6,1.6,1.6,1.5,1.6,1.6,1.6,1.7,2.0,1.6,2.0,1.9,1.6,2.0,1.6,1.9,1.6,1.6,1.6,1.6
6256167476,02120769,9/16/2014,1.1,0.7,1.1,0.7,0.7,1.2,1.0,0.8,1.1,0.8,1.1,1.1,1.1,1.6,2.1,1.6,1.6,1.4,1.5,1.5,1.2,1.1,1.2,1.2,1.2,1.0,1.2,1.3,1.6,1.6,1.2,1.6,1.8,1.6,1.6,2.0,1.6,2.1,2.0,1.7,2.1,2.0,1.6,1.9,1.7,1.8,1.6,1.6
6256167476,02120769,9/15/2014,1.1,0.6,1.1,0.7,1.3,0.7,0.7,1.1,0.7,0.7,1.0,1.1,1.2,1.5,1.7,1.9,1.6,1.6,1.2,1.4,1.1,1.5,1.0,1.1,1.2,1.2,1.0,1.2,1.4,1.0,1.2,1.2,1.1,0.7,1.3,1.4,1.1,1.5,1.6,1.3,1.6,1.8,1.0,1.6,1.2,1.2,1.1,1.1
6256167476,02120769,9/14/2014,1.2,0.7,1.1,1.2,0.8,0.8,1.1,0.6,1.1,0.8,0.8,1.0,0.8,1.1,1.1,1.6,1.4,1.3,1.6,1.8,1.8,1.6,1.6,1.6,1.2,1.6,1.0,1.8,1.2,1.1,1.5,1.2,1.2,1.6,1.5,1.6,1.2,1.6,1.5,1.5,1.8,1.2,1.5,1.6,1.2,1.1,1.1,1.1
6256167476,02120769,9/13/2014,1.3,0.7,1.1,0.6,1.1,0.8,0.8,1.1,0.8,1.1,0.7,1.1,0.6,1.3,1.5,1.1,1.5,1.6,1.6,1.5,1.5,1.6,1.6,1.5,1.6,1.1,1.7,1.6,1.6,1.5,1.3,1.4,1.1,1.6,1.2,1.6,1.6,1.2,1.5,1.4,1.4,1.5,1.1,1.5,1.1,1.0,1.1,1.2
6256167476,02120769,9/12/2014,1.2,0.8,1.2,1.2,0.8,1.1,1.0,1.0,0.8,1.1,1.1,1.2,1.2,1.7,2.2,1.7,1.7,1.7,1.6,1.2,1.7,1.2,1.0,1.6,1.2,1.2,1.6,1.1,1.1,1.2,1.2,1.2,1.6,1.2,1.4,1.4,1.3,1.3,1.6,1.2,1.6,1.1,1.5,1.2,1.2,1.5,1.2,1.2
6256167476,02120769,9/11/2014,1.2,1.1,0.9,0.9,1.1,0.7,1.1,0.8,0.9,1.1,1.1,0.9,1.4,1.6,1.8,2.0,1.6,1.4,1.4,1.5,1.7,1.1,1.2,1.2,1.2,1.1,1.2,1.2,1.1,1.2,1.1,0.9,0.9,1.1,1.5,1.2,1.1,1.6,1.3,1.7,1.5,1.5,1.4,1.2,1.5,1.0,1.1,1.2
6256167476,02120769,9/10/2014,1.0,1.1,0.8,1.1,0.8,1.1,0.6,1.1,0.8,1.1,0.8,1.1,1.7,1.5,2.1,1.6,1.6,1.6,1.5,1.0,1.6,1.2,1.1,1.0,1.3,1.3,1.4,1.1,1.0,1.1,1.2,1.2,1.1,0.9,1.4,1.2,1.4,1.3,1.6,1.6,1.6,1.4,1.6,1.6,1.1,1.2,1.3,1.1
6256167476,02120769,9/9/2014,1.1,1.1,0.7,1.1,0.8,1.1,1.0,1.1,0.8,1.1,0.7,1.1,1.5,1.6,1.6,1.7,1.5,1.6,1.5,1.4,1.1,1.5,1.1,1.2,1.1,1.1,1.2,1.4,1.3,0.9,0.9,1.1,1.2,1.4,1.0,1.6,1.2,1.6,1.6,1.2,1.5,1.6,1.5,1.0,1.6,1.2,1.2,1.4
6256167476,02120769,9/8/2014,0.8,1.1,0.8,1.0,0.8,1.2,0.8,1.2,0.8,0.8,1.1,1.0,1.8,1.5,1.9,1.6,1.5,1.6,1.2,1.6,1.2,1.6,1.2,1.2,1.2,1.2,1.3,1.1,1.2,1.2,1.1,1.2,1.2,1.2,1.2,1.5,1.2,1.6,1.6,1.5,1.8,1.5,1.3,1.2,1.4,1.2,1.2,1.1
6256167476,02120769,9/7/2014,1.1,1.1,1.1,0.8,1.1,0.8,1.2,0.8,1.2,0.8,1.2,0.8,1.2,1.1,1.4,1.2,1.6,1.2,1.7,1.6,1.7,1.6,1.4,1.5,1.4,1.7,1.2,1.6,1.2,1.6,1.2,1.2,1.6,1.1,1.6,1.7,1.2,1.8,1.7,1.7,1.5,1.7,1.3,1.6,1.2,1.6,1.2,1.2
6256167476,02120769,9/6/2014,1.2,0.8,1.2,0.7,1.2,0.8,0.8,1.1,1.0,0.8,1.1,0.8,1.0,1.1,1.2,1.6,1.2,1.5,1.6,1.6,1.5,1.5,1.7,1.2,1.5,1.5,1.6,1.5,1.5,1.1,1.4,1.1,1.5,1.1,1.5,1.1,1.7,1.1,1.6,1.4,1.5,1.5,1.2,1.1,1.3,1.2,1.4,1.2
6256167476,02120769,9/5/2014,0.9,1.1,1.1,0.8,1.0,0.7,1.1,0.8,1.1,0.8,1.1,1.2,1.2,1.5,1.7,1.8,1.5,1.5,1.2,1.6,1.5,1.0,1.2,1.4,1.2,1.1,1.2,1.1,1.2,1.1,1.1,1.2,1.5,1.2,1.1,1.6,1.1,1.4,1.5,1.2,1.1,1.5,1.1,1.1,1.1,1.6,0.8,1.0
6256167476,02120769,9/4/2014,1.2,0.8,1.0,0.8,1.2,0.8,0.8,1.2,0.6,0.8,1.1,1.2,1.1,1.8,2.1,1.5,1.3,1.4,1.2,1.5,1.6,1.1,1.2,1.1,1.0,0.8,1.1,1.1,1.0,1.2,1.2,1.2,0.7,1.2,1.4,1.2,1.2,1.5,1.3,1.6,1.5,1.2,1.6,1.2,1.5,1.3,1.3,1.2
6256167476,02120769,9/3/2014,1.1,0.7,1.2,0.8,1.0,0.8,0.8,1.2,0.7,1.1,0.8,1.4,1.1,1.6,1.7,1.7,1.7,1.1,1.7,1.2,1.2,1.0,1.2,1.2,1.1,1.1,1.2,1.1,1.4,1.2,1.0,1.2,1.2,1.0,1.2,1.1,1.1,1.6,1.7,1.1,1.6,1.6,1.2,1.5,1.0,1.6,1.4,0.8
6256167476,02120769,9/2/2014,1.1,1.1,0.7,1.4,0.8,1.1,0.7,1.2,0.8,0.8,1.1,1.0,1.2,1.7,1.8,2.0,1.5,1.2,1.6,1.1,1.7,1.2,1.2,1.1,1.2,1.0,1.2,1.1,1.0,1.2,1.0,1.1,1.2,1.0,1.2,1.4,1.1,1.6,1.2,1.5,1.6,1.3,1.6,1.2,1.2,1.1,1.2,1.2
6256167476,02120769,9/1/2014,1.4,0.8,1.1,1.1,0.7,0.9,1.1,0.8,1.2,0.8,0.7,1.0,0.8,1.1,1.1,1.3,1.5,1.3,1.4,1.6,1.6,1.5,1.6,1.4,1.6,1.0,1.6,1.2,1.5,1.2,1.5,1.2,1.5,1.9,1.4,1.6,1.2,1.6,1.6,1.4,1.6,1.6,1.4,1.6,1.2,1.5,1.0,0.9
6256167476,02120769,8/31/2014,1.4,1.2,0.8,1.1,0.8,0.8,1.1,0.8,0.8,1.2,0.8,0.8,1.2,0.7,1.4,1.1,1.6,1.2,1.6,1.6,1.3,1.6,1.2,1.6,1.4,1.2,1.3,1.4,1.0,1.2,1.4,1.3,1.1,1.0,1.6,1.0,1.5,1.2,1.4,1.6,1.2,1.3,1.2,1.2,1.7,1.2,1.1,1.1
6256167476,02120769,8/30/2014,1.1,1.1,0.8,1.2,0.8,1.1,0.8,1.0,0.7,0.8,1.1,0.7,1.1,1.1,1.0,1.3,1.3,1.5,1.5,1.5,1.5,1.1,1.6,1.5,1.5,1.3,1.3,1.6,1.2,1.0,1.2,1.7,1.1,1.2,1.3,1.3,1.5,1.1,1.5,1.2,1.5,1.2,1.1,1.2,1.5,0.8,1.4,0.8
6256167476,02120769,8/29/2014,1.2,1.1,0.7,0.7,1.0,0.8,1.1,0.8,1.3,0.8,1.0,1.0,1.1,1.4,1.5,1.5,1.5,1.5,1.4,1.5,1.1,1.7,1.1,1.4,1.2,1.4,1.2,1.1,1.1,1.1,1.2,1.2,1.4,1.1,1.2,1.6,1.2,1.3,1.6,1.2,1.2,1.5,1.1,1.1,1.5,1.0,1.2,0.8
6256167476,02120769,8/28/2014,1.1,0.7,1.2,0.8,1.1,0.7,0.8,1.0,1.0,1.1,0.8,1.0,1.6,1.4,1.9,1.6,1.6,1.4,1.2,1.4,1.3,1.5,1.0,1.1,1.3,1.1,1.0,1.2,1.2,1.0,1.1,1.1,1.1,1.2,1.1,1.1,1.2,1.5,1.1,1.6,1.2,1.6,1.2,1.2,1.5,1.0,1.1,1.1
6256167476,02120769,8/27/2014,1.2,0.8,1.1,0.8,0.8,1.1,0.6,1.2,1.0,1.1,0.6,1.2,1.4,1.5,1.8,1.4,1.9,1.2,1.4,1.4,1.5,1.1,1.5,1.2,1.1,1.1,1.1,1.1,1.0,1.4,1.0,1.2,1.1,1.1,1.5,1.1,1.2,1.1,1.6,1.4,1.4,1.5,1.2,1.2,1.2,1.3,1.0,1.1
6256167476,02120769,8/26/2014,1.0,0.7,1.1,1.1,0.8,0.8,0.9,0.8,1.1,0.8,1.0,1.0,1.5,1.4,1.8,1.5,1.4,1.4,1.5,1.3,1.3,1.2,1.0,1.2,1.1,1.1,1.4,1.0,1.1,1.2,1.0,1.1,1.0,1.1,1.1,1.4,1.2,1.2,1.5,1.3,1.5,1.5,1.6,1.2,1.2,1.4,1.1,1.1
6256167476,02120769,8/25/2014,0.8,1.1,0.7,1.1,0.8,1.3,0.8,0.7,1.0,0.8,1.1,1.1,1.2,1.7,1.5,1.5,1.5,1.4,1.6,1.5,1.1,1.4,1.0,1.5,1.0,1.1,1.4,1.2,1.1,1.2,1.4,1.1,1.4,1.1,1.1,1.2,1.5,1.0,1.5,1.4,1.5,1.5,1.5,1.0,1.4,1.2,1.2,1.1
6256167476,02120769,8/24/2014,1.1,1.1,0.7,1.0,0.8,1.1,0.8,0.7,1.0,0.8,0.8,1.1,0.9,1.1,1.1,1.1,1.5,1.5,1.5,1.5,1.6,1.5,1.4,1.6,1.5,1.3,1.6,1.2,1.6,1.4,1.1,1.5,1.2,1.1,1.5,1.2,1.6,1.2,1.4,1.7,1.6,1.6,1.1,1.5,1.0,1.6,1.1,1.1
6256167476,02120769,8/23/2014,1.1,1.1,1.1,0.8,1.0,1.0,0.9,1.1,0.8,1.0,0.8,1.1,1.1,1.1,1.0,1.2,1.6,1.1,1.6,1.5,1.8,1.3,1.6,1.6,1.5,1.4,1.5,1.2,1.5,1.1,1.5,1.2,1.5,1.2,1.3,1.6,1.1,1.5,1.1,1.1,1.2,1.5,1.1,1.2,1.1,1.4,1.1,1.0
6256167476,02120769,8/22/2014,1.2,0.8,1.2,0.8,0.8,1.0,0.7,1.1,0.8,1.1,0.9,1.1,1.0,1.4,1.8,1.5,1.5,1.6,1.4,1.4,1.4,1.4,1.4,1.1,1.2,1.4,1.5,1.2,1.1,1.1,1.2,1.1,1.1,1.1,1.1,1.5,1.2,1.1,1.5,1.4,1.6,1.3,1.1,1.5,1.2,1.1,1.1,1.1
6256167476,02120769,8/21/2014,1.2,0.8,1.1,0.8,1.1,0.8,0.7,1.1,0.8,0.8,1.1,1.1,1.2,1.7,1.6,1.5,1.8,1.6,1.2,1.5,1.2,1.3,1.2,1.0,1.4,1.2,1.1,1.2,1.2,1.2,1.1,1.0,1.2,1.2,1.0,1.6,1.2,1.5,1.1,1.5,1.4,1.3,1.5,1.2,1.4,1.1,1.1,1.1
6256167476,02120769,8/20/2014,0.8,1.2,1.0,1.2,0.7,1.2,0.8,0.8,1.2,0.8,0.9,0.9,1.2,1.6,1.6,1.7,1.8,1.6,1.6,1.1,1.6,1.2,1.2,1.1,1.1,1.1,1.2,1.0,1.2,1.0,1.2,1.2,1.0,1.4,1.2,1.4,1.5,1.2,1.5,1.2,1.5,1.3,1.2,1.5,1.1,1.4,1.1,1.2
6256167476,02120769,8/19/2014,0.8,1.2,0.7,1.2,1.0,1.2,0.7,0.8,1.2,0.8,1.0,0.8,1.6,1.2,1.9,1.6,1.6,1.2,1.6,1.6,1.2,1.2,1.2,1.1,1.2,1.2,1.2,1.2,1.1,0.8,1.2,1.0,1.5,0.8,1.7,1.2,1.1,1.6,1.2,1.7,1.1,1.6,1.5,1.2,1.2,1.5,1.1,1.2
6256167476,02120769,8/18/2014,1.2,1.1,0.8,1.1,0.8,1.1,1.0,0.8,1.2,0.7,0.7,1.2,1.4,1.3,1.7,1.7,1.4,1.6,1.5,1.2,1.8,1.2,1.4,1.1,1.2,1.1,1.1,1.2,1.1,1.1,1.2,1.2,1.4,1.2,1.2,1.2,1.3,1.7,1.3,1.5,1.2,1.3,1.7,1.2,1.2,1.1,1.2,1.2
6256167476,02120769,8/17/2014,1.2,1.0,1.0,1.0,0.8,1.2,0.8,1.4,0.8,1.0,0.8,1.1,0.8,1.1,1.1,1.1,1.5,1.6,1.3,1.5,1.6,1.8,1.5,1.7,1.5,1.1,1.6,1.6,1.2,1.4,1.2,1.2,1.4,1.5,1.0,1.6,1.6,1.5,1.7,1.6,1.3,1.5,1.5,1.0,1.6,1.2,1.2,1.0
6256167476,02120769,8/16/2014,1.2,1.1,0.7,0.8,1.0,1.1,0.8,0.7,1.0,0.8,0.8,1.3,0.6,1.2,1.1,1.4,1.4,1.4,1.6,1.2,1.7,1.5,1.5,1.2,1.6,1.6,1.2,1.1,1.4,1.1,1.4,1.3,1.2,1.6,1.0,1.4,1.4,1.1,1.6,1.2,1.5,1.3,1.4,1.4,1.2,1.2,1.2,1.0
6256167476,02120769,8/15/2014,1.0,1.0,0.8,1.1,1.0,1.0,0.8,1.1,0.8,1.0,0.8,1.2,1.0,1.7,1.6,1.5,1.3,1.8,1.5,1.4,1.0,1.4,1.1,1.5,1.1,1.1,1.2,1.2,1.0,1.2,1.2,1.2,1.2,1.2,1.4,1.2,1.3,1.2,1.0,1.5,1.2,1.5,1.2,1.4,1.2,1.1,1.3,0.8
6256167476,02120769,8/14/2014,1.1,0.8,1.1,0.8,1.1,0.8,0.8,1.0,0.8,1.1,0.9,1.1,1.2,1.6,1.6,1.5,1.5,1.5,1.6,1.2,1.4,1.1,1.2,1.7,1.0,1.2,1.2,1.1,1.1,1.2,1.2,1.0,1.2,1.2,1.1,1.2,1.4,1.1,1.6,1.6,1.3,1.2,1.4,1.1,1.4,1.1,1.4,0.7
6256167476,02120769,8/13/2014,1.2,0.8,1.4,0.7,1.0,0.8,1.1,0.8,1.1,0.8,1.1,1.0,1.2,1.9,1.7,1.7,1.5,1.5,1.6,1.1,1.4,1.1,1.1,1.5,1.0,1.1,1.2,1.2,1.0,1.2,1.4,1.1,1.2,1.2,1.0,1.2,1.2,1.5,1.1,1.6,1.6,1.2,1.4,1.2,1.4,1.5,1.1,1.1
6256167476,02120769,8/12/2014,1.0,1.0,0.8,0.9,1.0,0.8,1.0,0.9,0.8,0.8,1.1,1.1,1.2,1.5,1.6,1.5,1.6,1.5,1.1,1.5,1.5,1.6,1.2,1.5,1.2,1.0,1.5,1.3,1.8,1.6,1.4,1.1,1.1,1.1,1.5,1.3,1.2,1.5,1.2,1.6,1.3,1.4,1.6,1.2,1.2,1.5,1.0,1.2
6256167476,02120769,8/11/2014,0.8,1.1,0.8,1.1,0.8,0.7,1.1,0.8,0.8,1.0,1.1,1.4,1.1,1.4,1.6,1.5,1.7,1.5,1.5,1.1,1.5,1.2,1.1,1.1,1.6,1.4,1.1,1.1,1.2,1.1,1.1,0.9,1.5,1.0,1.2,1.5,1.2,1.4,1.3,1.5,1.6,1.7,1.1,1.5,1.2,1.5,1.1,0.9
6256167476,02120769,8/10/2014,1.2,1.1,0.7,1.1,0.8,1.2,0.8,1.0,0.8,0.8,1.1,0.8,1.1,0.9,1.1,1.6,1.3,1.5,1.5,1.9,1.4,1.4,1.7,1.5,1.4,1.6,1.0,1.6,1.8,1.1,1.5,1.5,1.2,1.6,1.5,1.2,1.6,1.4,1.7,1.6,1.5,1.2,1.5,1.6,1.2,1.3,1.1,1.5
6256167476,02120769,8/9/2014,1.2,1.0,0.9,1.1,0.8,1.1,0.8,0.8,1.1,0.7,1.1,0.8,1.1,1.0,1.2,1.5,1.4,1.4,1.6,1.6,1.6,1.4,1.2,1.6,1.6,1.1,1.6,1.2,1.5,1.6,1.2,1.7,1.1,1.6,1.6,1.2,1.5,1.2,1.6,1.3,1.5,1.1,1.5,1.2,1.2,1.2,1.2,1.4
6256167476,02120769,8/8/2014,0.7,1.1,0.8,1.2,0.8,1.3,0.8,0.8,1.2,0.8,0.9,1.0,1.0,1.6,1.6,1.7,2.0,1.2,1.6,1.7,1.6,1.2,1.5,1.2,1.0,1.5,1.2,1.2,1.0,1.2,1.2,1.2,1.0,1.2,1.2,1.7,1.1,1.1,1.6,1.2,1.4,1.2,1.5,1.2,1.1,1.1,1.2,1.2
6256167476,02120769,8/7/2014,1.2,0.8,1.2,0.8,1.2,0.7,0.8,1.2,1.0,1.1,0.7,1.2,1.2,1.7,1.8,1.8,1.7,1.5,1.2,1.4,1.5,1.2,1.4,1.5,1.2,1.2,1.5,1.7,1.2,1.2,1.0,1.2,1.1,1.2,1.2,1.1,1.2,1.7,1.6,1.6,1.3,1.6,1.5,1.1,1.6,1.2,1.2,1.2
6256167476,02120769,8/6/2014,1.4,1.0,1.1,1.1,0.8,1.2,0.8,0.9,0.8,1.3,0.8,1.2,1.4,1.6,1.5,1.8,1.8,1.4,1.4,1.2,1.6,1.2,1.5,1.2,1.4,1.2,1.1,1.2,1.2,1.3,1.0,1.2,1.3,1.4,1.2,1.2,1.2,1.7,1.6,1.2,1.7,1.9,1.1,1.7,1.2,1.2,1.2,1.1
6256167476,02120769,8/5/2014,1.2,0.7,1.1,1.0,0.8,0.9,1.1,1.1,0.8,1.1,1.0,1.2,1.6,1.1,1.8,1.8,1.6,1.6,1.7,1.7,1.2,1.5,1.1,1.4,1.5,1.1,1.1,1.5,1.1,1.2,0.9,1.2,1.1,1.2,1.1,1.2,1.2,1.8,1.1,1.9,1.7,1.5,1.7,1.1,1.4,1.2,1.5,1.1
6256167476,02120769,8/4/2014,0.7,1.2,0.8,1.1,0.8,1.2,0.7,0.8,1.2,0.6,1.2,1.4,1.2,1.7,1.5,1.7,1.7,1.6,1.2,1.5,1.2,1.6,1.1,1.1,1.2,1.4,0.9,1.5,1.0,1.5,1.1,1.1,1.2,1.1,1.2,1.1,1.6,1.1,1.6,1.6,1.6,1.3,1.8,1.2,1.5,1.2,1.5,1.1
6256167476,02120769,8/3/2014,1.1,1.4,0.8,1.1,0.8,1.2,1.0,0.8,1.0,1.0,0.6,1.2,1.2,0.8,1.2,1.3,1.3,1.7,1.5,1.7,1.7,1.7,1.3,1.5,1.6,1.2,1.2,1.6,1.2,1.8,1.2,1.2,1.5,1.1,1.6,1.6,1.2,1.7,1.1,1.6,1.7,1.7,1.5,1.2,1.2,1.8,1.6,1.2
6256167476,02120769,8/2/2014,1.2,1.1,1.1,0.9,1.1,0.6,1.2,1.0,0.7,1.0,0.8,1.1,0.8,1.2,1.1,1.3,1.4,1.2,1.5,1.7,2.0,1.5,1.3,1.7,1.5,1.2,1.5,1.3,1.1,1.2,1.2,1.7,1.1,1.2,1.6,1.4,1.5,1.2,1.2,1.7,1.1,1.2,1.6,1.1,1.2,1.2,1.2,1.2
6256167476,02120769,8/1/2014,1.2,0.8,1.2,0.8,0.8,1.0,0.8,0.8,1.2,0.8,0.8,1.0,1.4,1.6,1.5,1.9,1.3,1.6,1.6,1.2,1.6,1.2,1.1,1.5,1.2,1.1,1.2,1.2,1.2,1.2,1.2,1.2,1.1,1.1,1.2,1.6,1.2,1.2,1.5,1.2,1.1,1.8,1.2,1.1,1.1,1.3,1.4,0.9
6256167476,02120769,7/31/2014,1.3,0.8,1.1,0.8,1.0,0.8,0.8,1.0,0.8,0.8,1.1,0.7,1.5,1.5,1.9,1.5,1.5,1.6,1.4,1.1,1.1,1.5,1.2,1.5,1.4,1.2,1.2,1.1,1.4,1.2,1.1,1.2,1.1,1.2,1.2,1.1,1.2,1.6,1.1,1.6,1.2,1.5,1.2,1.2,1.6,1.4,1.1,1.1
6256167476,02120769,7/30/2014,1.1,0.7,1.1,0.8,0.8,1.1,0.8,0.8,0.8,1.1,0.8,1.1,1.6,1.5,1.8,1.6,1.6,1.6,1.6,1.2,1.2,1.0,1.3,1.1,1.0,0.7,1.3,1.1,1.0,1.1,1.1,1.2,1.1,1.4,1.2,1.4,1.2,1.2,1.6,1.2,1.5,1.1,1.5,1.2,1.6,1.1,1.0,1.1
6256167476,02120769,7/29/2014,1.1,1.1,0.8,1.2,0.8,1.3,0.7,1.1,0.8,0.8,1.1,1.2,1.1,1.6,1.9,1.6,1.7,1.3,1.4,1.7,1.4,1.1,1.1,1.2,1.4,1.1,1.1,1.1,1.1,1.1,1.1,1.1,1.2,1.0,1.1,1.6,1.2,1.1,1.6,1.5,1.5,1.2,1.4,1.3,1.2,1.4,1.2,1.4
6256167476,02120769,7/28/2014,1.2,0.8,1.1,0.8,1.2,0.9,0.8,1.1,0.8,1.2,1.2,1.2,1.2,1.5,2.0,1.7,1.8,1.8,1.5,1.3,1.7,1.5,1.1,1.4,1.1,1.6,1.0,1.1,1.5,1.1,1.1,1.2,1.0,1.4,1.1,1.4,1.6,1.5,1.6,1.5,1.6,1.4,1.5,1.2,1.5,1.5,1.1,1.1
6256167476,02120769,7/27/2014,1.2,1.2,0.8,1.3,0.8,1.1,0.8,0.8,1.1,0.8,1.1,0.8,1.1,0.8,1.2,1.2,1.5,1.6,1.7,1.5,1.6,1.5,1.5,1.5,1.8,1.3,1.4,1.4,1.3,1.5,1.2,1.6,1.0,1.6,1.6,1.7,1.6,1.6,1.4,1.7,1.5,1.5,1.4,1.5,1.1,1.5,1.1,1.3
6256167476,02120769,7/26/2014,1.2,0.8,1.3,0.7,1.1,0.8,1.1,0.8,1.2,0.8,0.7,1.1,0.8,1.2,1.2,1.2,1.5,1.5,1.7,1.7,1.6,1.5,1.2,1.6,1.6,1.1,1.6,1.2,1.1,1.5,1.2,1.2,1.5,1.7,1.1,1.6,1.1,1.5,1.2,1.4,1.2,1.2,1.5,1.1,1.2,1.0,1.2,1.2
6256167476,02120769,7/25/2014,0.7,1.2,0.8,1.2,0.8,1.3,0.8,1.1,0.8,1.1,0.8,1.1,1.5,1.6,1.6,1.6,1.6,1.6,1.6,1.8,1.1,1.1,1.5,1.2,1.6,1.2,1.1,1.2,1.2,1.2,1.0,1.2,1.2,1.0,1.3,1.7,1.0,1.5,1.2,1.1,1.5,1.2,1.3,1.5,1.2,1.2,1.2,1.2
6256167476,02120769,7/24/2014,1.1,1.1,0.8,1.1,0.7,1.1,0.8,1.4,0.7,0.8,1.1,1.2,1.2,1.6,1.7,2.0,1.7,1.5,1.6,1.6,1.2,1.6,1.4,1.1,1.4,1.2,1.2,1.2,1.1,1.2,1.1,1.5,1.2,1.2,1.2,1.5,1.1,1.6,1.2,1.9,1.2,1.6,1.3,1.5,1.2,1.5,1.1,1.3
6256167476,02120769,7/23/2014,1.4,0.8,1.0,0.8,0.9,1.1,0.8,0.8,1.2,0.8,1.1,1.2,1.1,1.6,1.7,1.8,1.5,1.5,1.5,1.3,1.4,1.1,1.2,1.1,1.6,1.0,1.2,1.0,1.1,1.0,1.1,1.1,1.0,1.2,1.1,1.4,1.4,1.7,1.1,1.7,1.5,1.6,1.2,1.5,1.6,1.1,1.2,1.2
6256167476,02120769,7/22/2014,0.8,1.2,0.8,1.1,0.8,1.2,0.8,0.8,1.2,0.8,1.1,1.1,1.2,1.6,1.8,1.8,1.7,1.6,1.1,1.2,1.2,1.2,1.3,1.2,1.2,1.1,1.1,1.1,1.1,1.1,1.4,1.4,1.2,1.2,1.1,1.2,1.2,1.5,1.1,1.6,1.6,1.6,1.2,1.5,1.1,1.2,1.2,1.2
6256167476,02120769,7/21/2014,1.1,0.9,1.3,0.9,0.9,0.8,1.1,0.8,0.6,1.1,0.8,1.2,1.7,1.3,2.0,1.6,1.9,1.2,1.7,1.2,1.6,1.2,1.1,1.2,1.2,1.2,1.2,1.1,1.2,1.2,1.2,1.3,1.2,1.2,1.1,1.5,1.2,1.7,1.6,1.2,1.7,1.5,1.2,1.6,1.2,1.5,1.2,1.4
6256167476,02120769,7/20/2014,1.2,1.2,0.8,1.1,0.8,1.4,0.8,0.7,0.8,1.1,0.8,1.1,0.8,1.1,1.0,1.4,1.2,1.6,1.7,1.7,1.6,1.6,1.6,1.4,1.4,1.6,1.1,1.5,1.2,1.2,1.6,1.2,1.6,1.5,1.2,1.8,1.2,1.6,1.6,1.4,1.5,1.6,1.6,1.5,1.2,1.5,1.1,1.2
6256167476,02120769,7/19/2014,0.9,1.1,0.8,1.1,1.1,0.9,1.1,0.8,1.0,1.1,0.8,1.1,0.9,1.0,1.6,1.2,1.5,1.3,1.6,1.5,1.7,1.4,1.7,1.4,1.5,1.5,1.2,1.6,1.2,1.4,1.2,1.5,1.2,1.5,1.5,1.2,1.6,1.2,1.6,1.2,1.6,1.2,1.5,1.2,1.2,1.2,1.2,1.2
6256167476,02120769,7/18/2014,1.1,0.8,1.1,0.8,1.2,0.8,0.8,1.1,0.8,0.9,1.1,1.1,1.2,1.7,2.0,1.6,1.6,1.6,1.6,1.2,1.6,1.2,1.5,1.2,1.2,1.3,1.5,1.1,1.2,0.8,1.0,1.2,1.2,1.1,1.5,1.2,1.6,1.1,1.3,1.5,1.5,1.6,1.2,1.2,1.5,1.2,1.2,1.2
6256167476,02120769,7/17/2014,1.1,1.0,1.1,0.8,0.8,1.2,0.8,0.8,1.1,0.8,1.1,1.2,1.2,1.6,2.2,1.7,1.6,1.6,1.6,1.1,1.6,1.1,1.1,1.2,1.2,1.2,1.1,1.1,1.2,1.4,1.1,1.1,1.2,1.2,1.2,1.1,1.6,1.2,1.6,1.1,1.6,1.3,1.4,1.2,1.7,1.3,1.2,1.2
6256167476,02120769,7/16/2014,1.0,1.2,0.8,1.2,1.0,0.8,1.1,0.8,1.0,0.8,1.1,1.1,1.3,1.4,2.1,1.7,1.5,1.7,1.7,1.3,1.5,1.1,1.6,1.1,1.2,2.1,1.1,1.1,1.2,1.2,1.2,1.1,1.2,1.2,1.4,1.6,1.2,1.4,1.2,1.6,1.4,1.4,1.6,1.2,1.6,1.5,1.2,1.1
6256167476,02120769,7/15/2014,0.8,1.2,0.8,1.3,0.8,1.2,0.8,1.1,0.8,1.1,0.8,1.5,1.2,1.6,2.0,1.5,1.7,1.6,1.6,1.3,1.6,1.1,1.2,1.2,1.1,1.2,1.1,1.4,1.1,1.1,1.6,1.2,1.5,1.2,1.1,1.4,1.1,1.8,1.6,1.6,2.2,1.7,1.6,1.6,1.6,1.2,1.6,1.0
6256167476,02120769,7/14/2014,1.2,1.1,0.8,1.2,0.8,0.8,1.1,0.8,0.8,1.1,1.1,1.1,1.2,1.7,1.8,2.1,1.6,1.5,1.2,1.6,1.6,1.5,1.1,1.5,1.2,1.1,1.6,1.2,1.4,1.2,1.5,1.1,1.1,1.4,1.5,1.2,1.5,1.6,1.6,1.6,1.4,1.3,1.6,1.2,1.6,1.1,1.5,1.2
6256167476,02120769,7/13/2014,1.2,1.2,0.8,1.1,1.1,0.8,1.1,1.0,0.8,1.2,0.8,1.2,0.8,1.2,1.2,1.1,1.6,1.6,1.6,1.7,1.6,1.5,1.6,1.6,1.5,1.3,1.5,1.6,1.5,1.5,1.1,1.5,1.6,1.1,1.6,1.1,1.6,1.4,2.0,1.5,1.4,1.5,1.4,1.6,1.2,1.7,1.2,1.2
6256167476,02120769,7/12/2014,1.2,1.2,0.8,1.2,0.8,1.4,0.8,0.8,1.2,0.8,1.2,0.8,1.2,0.8,1.5,1.2,1.6,1.6,1.6,1.6,1.8,1.6,1.6,1.5,1.2,1.6,1.1,1.6,1.1,1.6,1.1,1.6,1.1,1.1,1.6,1.5,1.2,1.4,1.4,1.6,1.1,1.5,1.2,1.2,1.1,1.6,1.1,1.2
6256167476,02120769,7/11/2014,1.1,1.2,0.8,1.1,0.8,0.8,1.2,0.8,0.7,1.1,1.1,1.2,1.3,1.6,1.7,1.7,1.7,1.6,1.6,1.3,1.6,1.5,1.7,1.2,1.2,1.2,1.5,1.2,1.2,1.1,1.2,1.4,1.2,1.3,1.4,1.4,1.1,1.2,1.7,1.6,1.2,1.2,1.2,1.5,1.1,1.2,1.2,1.2
6256167476,02120769,7/10/2014,1.2,1.0,0.8,0.8,1.2,0.8,0.9,1.1,0.8,0.8,1.2,1.1,1.2,1.6,1.7,2.1,1.5,1.2,1.8,1.2,1.4,1.2,1.2,1.2,1.1,1.5,1.2,1.1,1.2,1.1,1.2,1.1,1.2,1.4,1.1,1.2,1.5,1.2,2.2,1.7,1.5,1.5,1.2,1.6,1.5,1.1,1.4,1.2
6256167476,02120769,7/9/2014,1.2,0.7,1.1,1.0,0.8,1.2,0.8,1.0,0.8,1.1,0.7,1.6,1.3,1.6,1.7,2.1,1.2,1.6,1.6,1.2,1.5,1.2,1.6,1.1,1.2,1.2,1.3,1.2,1.1,1.2,1.1,1.2,1.1,1.2,1.2,1.5,1.2,1.7,1.2,1.6,1.5,1.4,1.6,1.2,1.5,1.3,1.2,1.1
6256167476,02120769,7/8/2014,1.1,0.8,1.1,0.8,0.7,1.1,0.8,0.7,1.2,0.7,0.8,1.3,1.6,1.7,1.6,1.7,1.7,1.5,1.7,1.1,1.2,1.1,1.2,1.2,1.1,1.2,1.1,1.1,1.2,1.1,1.4,1.1,1.1,1.1,1.1,1.6,1.1,1.1,1.6,1.7,1.6,1.7,1.5,1.5,1.3,1.4,1.0,1.3
6256167476,02120769,7/7/2014,1.1,0.8,1.2,0.7,1.2,0.8,0.8,1.1,0.8,1.4,0.7,1.2,1.1,1.6,1.8,1.9,1.7,1.3,1.6,1.5,1.6,1.2,1.1,1.8,1.3,1.1,1.2,1.1,1.6,0.8,1.2,1.3,1.2,1.2,1.1,1.2,1.1,1.6,1.2,1.7,1.5,1.1,1.6,1.3,1.7,1.1,1.2,1.1
6256167476,02120769,7/6/2014,0.9,1.2,1.1,0.8,0.7,1.1,0.8,1.0,0.8,0.8,0.8,1.1,1.0,1.1,1.1,1.5,1.2,1.6,1.4,1.6,1.7,1.6,1.5,1.2,1.7,1.8,1.1,1.6,1.2,1.4,1.2,1.2,1.5,1.1,1.7,1.3,1.5,1.5,1.6,1.1,1.6,1.5,1.5,1.5,1.4,1.3,1.1,1.2
6256167476,02120769,7/5/2014,1.2,1.1,0.8,1.1,0.9,1.1,0.8,1.1,0.8,1.0,1.1,0.8,1.2,1.1,1.1,1.2,1.6,1.4,1.6,1.7,1.2,1.8,1.5,1.2,1.6,1.2,1.1,1.6,1.2,1.6,1.2,1.2,1.5,1.1,1.2,1.1,1.4,1.6,1.1,1.7,1.1,1.2,1.2,1.5,1.2,1.2,1.0,1.2
6256167476,02120769,7/4/2014,1.1,1.1,0.8,1.1,1.2,1.2,0.9,0.8,1.2,0.8,1.1,0.8,1.1,1.1,1.2,1.1,1.5,1.5,1.5,1.7,1.5,2.0,1.4,1.4,1.5,1.6,1.6,1.2,1.5,1.2,1.3,1.6,1.6,1.3,1.5,1.2,1.3,1.5,1.1,1.5,1.2,1.6,1.1,1.2,1.2,1.2,1.7,1.1
6256167476,02120769,7/3/2014,1.0,1.2,0.8,1.1,0.8,1.1,0.8,0.8,1.1,0.8,0.9,1.3,1.2,1.8,1.8,1.3,1.8,1.7,1.7,1.3,1.6,1.3,1.1,1.2,1.6,1.3,1.3,1.2,1.2,1.2,1.1,1.2,1.2,1.2,1.3,1.3,1.4,1.2,1.3,1.6,1.3,1.6,1.2,1.4,1.2,1.4,1.1,1.1
6256167476,02120769,7/2/2014,1.1,0.8,1.3,0.8,1.1,0.8,0.7,1.2,0.7,1.2,0.8,1.1,1.2,1.6,1.7,1.6,1.7,1.2,1.6,1.2,1.8,1.2,1.1,1.1,1.2,1.1,1.2,1.1,1.5,1.2,1.1,1.2,1.2,1.1,1.1,1.2,1.3,1.4,1.3,1.6,1.2,1.4,1.4,1.5,1.2,1.2,1.1,1.3
6256167476,02120769,7/1/2014,0.7,1.2,0.7,1.2,0.8,1.1,0.8,0.7,0.8,1.1,0.8,1.0,1.8,1.3,1.9,1.6,1.7,1.1,1.6,1.6,1.1,1.7,1.2,1.1,1.2,1.1,1.2,1.1,1.6,1.3,1.2,1.1,1.2,1.1,1.1,1.3,1.2,1.2,1.5,1.6,1.2,1.6,1.1,1.6,1.1,1.2,1.1,1.2
6256167476,02120769,6/30/2014,1.2,1.2,1.0,1.2,1.0,1.0,1.2,1.0,1.4,0.8,1.0,1.4,1.2,2.0,1.8,1.7,1.8,1.8,1.8,1.2,1.8,1.4,1.2,1.8,1.3,1.4,1.3,1.2,1.3,1.1,1.3,1.1,1.2,1.1,1.4,1.1,1.5,1.1,1.7,1.5,1.3,1.4,1.4,1.1,1.4,1.3,1.4,1.2
6256167476,02120769,6/29/2014,1.3,1.4,1.0,1.3,1.2,1.0,1.3,0.9,1.0,1.4,0.8,1.4,1.0,1.3,1.3,1.4,2.1,1.7,1.5,1.9,2.0,1.7,1.9,1.8,1.4,1.5,1.6,1.4,1.8,1.3,1.4,1.4,1.8,1.3,1.8,1.3,1.5,1.5,1.8,1.3,1.8,1.4,1.7,1.4,1.7,1.3,1.2,1.4
6256167476,02120769,6/28/2014,1.0,1.3,1.0,1.3,0.9,1.0,1.3,0.8,1.0,1.6,0.8,1.0,1.4,1.3,1.3,1.4,1.4,1.8,1.8,1.8,2.0,2.0,1.5,1.8,1.4,2.0,1.3,1.8,1.3,1.4,1.3,1.4,1.3,1.4,1.3,1.9,1.3,1.9,1.5,1.5,1.7,1.4,1.4,1.2,1.8,0.8,1.4,1.4
6256167476,02120769,6/27/2014,1.2,0.8,0.8,1.2,0.8,1.2,0.8,0.8,1.2,0.8,1.2,1.2,1.3,1.7,1.8,1.8,1.8,1.7,1.7,1.3,1.7,1.5,1.5,1.7,1.4,1.3,1.4,1.4,1.3,1.6,1.2,1.3,1.3,1.4,1.3,1.9,1.4,1.8,1.5,1.9,1.4,1.6,1.4,1.3,1.4,1.9,1.3,1.4
6256167476,02120769,6/26/2014,0.8,1.2,0.8,1.2,0.8,1.2,0.8,0.8,1.2,0.8,1.4,1.2,1.2,1.8,1.8,1.7,1.9,1.6,1.5,1.7,1.2,1.2,1.3,1.6,1.1,1.2,1.4,1.2,1.1,1.2,1.3,1.1,1.2,1.2,1.1,1.2,1.7,1.2,1.2,1.7,1.3,1.6,1.3,1.3,1.6,1.4,1.3,1.2
6256167476,02120769,6/25/2014,0.8,1.2,0.8,1.1,0.8,1.2,0.7,1.3,0.8,0.9,1.1,1.2,1.6,1.6,1.9,2.0,1.7,1.6,1.6,1.2,1.5,1.1,1.2,1.8,1.0,1.2,1.2,1.0,1.6,1.1,1.2,1.0,1.2,1.2,1.0,1.1,1.5,1.1,1.7,1.6,1.5,1.6,1.4,1.6,2.0,1.3,1.2,1.5
6256167476,02120769,6/24/2014,0.8,1.2,0.8,1.2,0.8,1.1,0.8,0.8,1.2,1.0,1.1,1.1,1.5,1.9,1.7,1.8,2.0,1.4,1.4,1.4,1.3,1.4,1.4,1.1,1.1,1.4,1.0,1.1,1.2,1.1,1.2,1.2,1.1,1.5,1.3,1.1,1.5,1.5,1.7,1.8,1.6,1.6,1.5,1.1,1.6,1.2,1.1,1.6
6256167476,02120769,6/23/2014,1.2,1.2,0.8,0.8,1.1,0.8,1.2,0.8,0.8,1.2,0.8,1.1,1.8,1.6,2.1,1.7,1.7,1.6,1.3,1.5,1.2,1.4,1.4,1.1,1.4,1.4,1.4,1.1,1.2,1.2,1.1,1.5,1.4,1.2,1.1,1.2,1.2,1.6,1.3,1.6,1.7,1.6,1.4,1.7,1.4,1.2,1.5,1.2
6256167476,02120769,6/22/2014,1.2,1.2,1.2,0.8,1.0,1.2,0.8,0.9,1.1,0.8,1.1,0.8,1.1,1.2,1.1,1.1,1.5,1.5,1.7,1.7,1.7,1.7,2.2,1.7,1.4,1.7,1.5,1.2,1.6,1.3,1.6,1.2,1.6,1.4,1.2,1.7,1.7,1.3,1.7,1.7,1.7,1.7,1.6,1.3,1.7,1.2,1.2,1.2
6256167476,02120769,6/21/2014,1.2,1.2,0.8,1.2,0.9,1.3,1.2,0.8,1.2,0.8,1.2,0.9,1.3,1.1,1.1,1.6,1.6,1.6,1.6,1.8,2.1,1.7,1.6,1.6,1.6,1.8,1.6,1.2,1.4,1.2,1.5,1.2,1.6,1.1,1.6,1.6,1.2,1.5,1.2,1.9,1.1,1.4,1.4,1.2,1.2,1.2,1.2,1.2
6256167476,02120769,6/20/2014,0.8,1.2,0.8,1.2,0.8,1.2,0.8,0.8,1.1,0.9,1.2,1.1,1.2,1.7,2.3,1.9,1.8,1.5,1.6,1.6,1.2,1.6,1.2,1.2,1.6,1.2,1.2,1.1,1.4,1.6,1.2,1.2,1.4,1.3,1.2,1.6,1.1,1.6,1.5,1.4,1.7,1.5,1.3,1.6,1.2,1.8,1.2,1.2
6256167476,02120769,6/19/2014,1.2,1.2,0.8,1.2,1.1,0.8,1.1,0.8,1.0,0.9,1.1,1.0,1.5,1.9,2.2,1.7,1.7,1.6,1.7,1.3,1.4,1.2,1.2,1.2,1.3,1.3,1.2,1.2,1.2,1.1,1.2,1.4,1.2,1.2,1.3,1.4,1.6,1.3,1.6,1.6,1.7,1.2,1.6,1.3,1.5,1.2,1.6,1.4
6256167476,02120769,6/18/2014,1.2,0.8,1.0,1.4,0.8,0.8,1.2,0.8,1.2,0.8,1.1,1.2,1.2,2.1,1.7,1.7,1.6,1.6,1.6,1.2,1.1,1.3,1.2,1.5,1.2,1.1,1.2,1.5,1.1,1.2,1.1,1.2,1.0,1.2,1.1,1.4,1.2,1.5,1.6,1.3,1.5,1.5,1.6,1.3,1.6,1.6,1.1,1.2
6256167476,02120769,6/17/2014,1.2,1.1,0.8,1.2,0.8,0.8,1.2,0.8,0.8,1.3,0.8,1.2,1.6,1.9,2.1,1.7,1.7,1.6,1.2,1.6,1.2,1.2,1.5,1.1,1.2,1.1,1.2,1.1,1.2,1.1,1.2,1.2,1.1,1.2,1.3,1.4,1.1,1.5,1.5,1.3,1.6,1.3,1.4,1.6,1.2,1.5,1.2,1.2
6256167476,02120769,6/16/2014,1.1,1.4,1.2,0.8,1.2,0.8,0.8,1.2,0.8,1.2,0.8,1.2,1.6,1.7,2.4,1.6,1.8,1.5,1.6,1.6,1.2,1.6,1.2,1.2,1.1,1.2,1.1,1.6,1.4,1.1,1.2,1.1,1.2,1.1,1.1,1.2,1.5,1.3,1.6,1.6,1.6,1.2,1.5,1.6,1.2,1.4,1.4,0.9
6256167476,02120769,6/15/2014,1.0,1.0,1.1,0.8,1.2,0.8,1.0,1.1,0.8,1.0,1.2,0.8,1.0,1.2,1.2,1.6,1.1,1.6,1.7,1.9,1.7,1.8,1.6,1.6,1.7,1.5,1.2,1.6,1.2,1.6,1.4,1.5,1.5,1.3,1.6,1.8,1.5,1.2,1.7,1.6,1.8,1.6,1.6,1.6,1.5,1.4,1.2,1.2
6256167476,02120769,6/14/2014,1.2,1.2,1.1,0.8,1.1,1.0,1.2,0.9,1.0,0.8,1.1,1.2,0.9,1.5,1.0,1.7,1.5,1.7,1.9,1.7,1.9,1.7,1.5,1.5,1.5,1.6,1.3,1.5,1.7,1.2,1.6,1.4,1.2,1.5,1.5,1.6,1.5,1.2,1.4,1.5,1.5,1.5,1.6,1.1,1.4,1.5,1.4,1.2
6256167476,02120769,6/13/2014,1.2,1.2,1.2,0.8,1.1,0.7,1.2,0.8,1.2,0.8,1.2,1.1,1.4,1.8,1.9,1.6,2.0,1.5,1.6,1.2,1.5,1.3,1.6,1.2,1.5,1.2,1.4,1.4,1.8,1.2,1.1,1.6,1.2,1.5,1.2,1.2,1.7,1.2,1.6,1.7,1.5,1.6,1.2,1.6,1.2,1.2,1.5,0.9
6256167476,02120769,6/12/2014,1.0,1.2,0.8,1.1,0.8,1.2,0.9,1.1,0.7,1.1,0.8,1.2,1.6,1.9,1.8,2.1,1.5,1.5,1.3,1.6,1.2,1.8,1.2,1.2,1.2,1.2,1.2,1.1,1.1,1.5,1.2,1.2,1.2,1.2,1.8,1.2,1.5,1.6,1.5,1.7,1.5,1.6,1.5,1.5,1.5,1.2,1.2,1.2
6256167476,02120769,6/11/2014,1.1,0.8,1.2,1.4,0.8,1.2,0.8,1.2,0.8,1.2,1.2,1.2,1.7,1.6,1.9,1.8,1.9,1.8,1.5,1.2,1.5,1.3,1.2,1.6,1.0,1.2,1.3,1.3,1.2,1.2,1.1,1.2,1.3,1.5,1.2,1.2,1.5,1.3,1.8,1.7,1.6,1.8,1.7,1.6,1.2,1.6,1.2,1.2
6256167476,02120769,6/10/2014,0.8,1.2,0.7,1.2,0.8,1.2,1.0,1.1,0.8,1.1,0.8,1.2,1.7,1.7,2.0,2.1,1.7,1.7,1.2,1.6,1.3,1.2,1.3,1.2,2.2,1.3,1.6,1.2,1.0,1.2,1.2,1.4,1.2,1.2,1.1,1.6,1.4,1.4,1.7,1.7,1.6,1.5,1.6,1.6,1.3,1.3,1.6,1.2
6256167476,02120769,6/9/2014,1.1,1.2,1.2,0.8,1.2,1.2,0.8,0.7,1.2,1.1,1.1,1.2,1.4,2.0,1.7,2.2,1.8,1.6,1.2,1.7,1.2,1.2,1.5,1.4,1.7,1.0,1.3,1.2,1.2,1.2,1.1,1.3,1.3,1.3,1.2,1.5,1.3,1.6,1.6,1.8,1.3,1.5,1.6,1.2,1.5,1.1,1.5,1.2
6256167476,02120769,6/8/2014,1.3,0.8,1.2,0.8,1.0,0.7,1.2,0.8,0.8,0.8,1.1,0.8,1.1,1.4,1.2,1.5,1.7,1.5,1.2,1.7,1.8,1.4,1.7,1.6,1.6,1.2,1.7,1.2,1.6,1.1,1.7,1.2,1.5,1.3,1.5,1.6,1.4,1.4,1.8,1.9,1.5,1.5,1.6,1.7,1.4,1.2,1.2,1.5
6256167476,02120769,6/7/2014,1.1,1.0,1.2,0.7,0.9,1.2,0.8,1.0,1.2,0.7,0.8,1.1,1.1,1.1,1.2,1.6,1.5,1.5,1.4,1.9,1.8,1.2,1.6,1.5,1.7,1.1,1.6,1.3,1.3,1.4,1.2,1.6,1.7,1.2,1.5,1.5,1.5,1.5,1.7,1.5,1.3,1.4,1.3,1.3,1.5,1.2,1.2,1.2
6256167476,02120769,6/6/2014,1.2,0.8,1.1,1.0,0.9,1.0,0.8,1.1,0.8,0.9,1.0,1.2,1.6,1.6,1.9,1.8,1.7,1.7,1.6,1.1,1.6,1.1,1.3,1.1,1.0,1.1,1.3,1.4,1.1,1.2,1.3,1.1,1.4,1.5,1.2,1.1,1.5,1.5,1.6,1.3,1.3,1.6,1.5,1.5,1.4,1.3,1.1,1.2
6256167476,02120769,6/5/2014,1.1,1.2,0.9,1.2,0.7,1.2,0.9,0.8,1.1,0.9,1.2,1.2,1.4,1.7,2.0,2.0,1.8,1.5,1.3,1.5,1.2,1.2,1.4,1.3,1.1,1.2,1.3,1.4,1.1,1.2,1.0,1.2,1.2,1.1,1.2,1.3,1.2,1.8,1.5,1.3,1.7,1.5,1.6,1.2,1.1,1.7,1.2,1.2
6256167476,02120769,6/4/2014,1.2,1.1,0.9,1.2,0.9,0.7,1.2,0.8,1.2,0.7,1.2,1.2,1.1,2.1,2.1,1.7,1.7,1.7,1.1,1.6,1.2,1.5,1.2,1.3,1.3,1.2,0.9,1.2,1.0,1.3,1.3,1.2,1.0,1.2,1.1,1.6,1.3,1.3,1.5,1.7,1.5,1.3,1.7,1.8,1.7,1.6,1.2,1.2
6256167476,02120769,6/3/2014,1.1,1.1,0.7,1.2,0.7,0.8,1.1,0.7,1.1,1.0,1.2,1.1,1.2,2.0,1.5,2.2,1.5,1.7,1.0,1.7,1.0,1.2,1.4,1.0,1.2,1.0,1.3,1.6,1.1,1.2,1.2,0.9,1.1,1.4,1.1,1.3,1.8,1.3,1.4,1.5,1.7,1.6,1.3,1.5,1.7,1.2,1.1,1.3
6256167476,02120769,6/2/2014,1.1,1.1,0.8,1.1,1.0,1.0,1.2,0.7,1.2,0.8,1.1,1.1,1.7,1.7,2.1,1.8,1.6,1.7,1.5,1.5,1.2,1.3,1.2,1.5,1.0,1.5,1.1,1.2,1.1,1.4,1.4,1.1,1.2,1.1,1.4,1.2,1.5,1.5,1.5,1.7,1.5,1.6,1.6,1.5,1.5,1.5,1.1,1.2
6256167476,02120769,6/1/2014,1.1,0.7,1.1,1.1,0.8,1.3,0.8,0.9,0.8,1.1,0.6,1.2,1.0,1.2,1.5,1.0,2.0,1.6,1.8,1.8,1.8,1.7,1.2,1.7,1.7,1.6,1.1,1.6,1.5,1.2,1.6,1.4,1.6,1.6,1.4,1.3,1.5,1.7,1.9,1.7,1.6,1.9,1.7,1.4,1.6,1.3,1.3,1.2
6256167476,02120769,5/31/2014,1.2,1.2,0.9,1.4,1.0,0.8,1.1,0.6,1.1,1.1,0.8,0.9,1.1,1.4,1.0,1.8,1.2,1.5,2.0,1.5,1.7,1.6,1.6,1.6,1.6,1.4,1.7,1.3,1.6,1.2,1.2,1.5,1.2,1.4,1.7,1.4,1.5,1.6,1.5,1.2,1.7,1.8,1.3,1.5,1.2,1.1,1.2,1.4
6256167476,02120769,5/30/2014,0.9,1.1,1.0,0.8,1.3,0.7,1.0,0.8,0.9,0.8,1.1,1.0,1.5,1.5,2.0,1.7,1.7,1.9,1.3,1.4,1.5,1.4,1.6,1.1,1.1,1.1,1.2,1.6,1.2,1.2,1.0,1.2,1.0,1.3,1.5,1.0,1.7,1.2,1.4,1.6,1.1,1.3,1.5,1.1,1.5,1.2,1.1,1.0
6256167476,02120769,5/29/2014,1.2,1.1,1.3,1.1,1.1,1.5,1.0,1.3,0.9,1.4,0.8,1.7,1.8,1.6,2.2,1.9,2.1,1.9,1.6,1.7,1.2,1.9,1.1,1.6,1.0,1.2,1.5,1.2,1.0,1.4,1.1,1.4,1.1,1.4,1.1,1.5,1.1,1.4,1.5,1.4,1.8,1.3,1.5,1.4,1.3,1.2,1.2,1.2
6256167476,02120769,5/28/2014,0,0,0,0,0,0,0,0,0,0,0,0,0,0,0,0,0,0,0,0,0,0,0,0,1.6,1.2,1.2,1.2,1.1,1.2,1.1,1.2,1.1,1.4,1.8,1.2,1.8,1.2,1.9,1.6,1.8,2.0,1.8,1.7,1.3,1.8,1.4,1.4
