6256167476,02120769,10/30/2014,1.1,1.4
6256167476,02120769,10/29/2014,1.1,1.1,1.1,0.7,1.1,1.1,0.8,1.1,1.3,0.8,1.1,1.1,1.5,1.8,1.9,1.8,2.0,1.4,1.4,1.4,1.5,1.5,1.3,1.2,1.1,1.5,1.4,1.2,1.1,1.1,1.1,1.1,1.4,1.3,1.5,1.2,1.3,1.5,1.5,1.5,1.8,1.7,1.4,1.3,1.5,1.1,1.2,1.2
6256167476,02120769,10/28/2014,1.2,1.2,1.1,0.8,1.1,0.7,1.1,0.8,1.1,0.9,1.2,1.1,1.6,1.5,1.8,1.9,2.4,1.8,1.3,1.4,1.5,1.1,1.2,1.4,1.1,1.4,1.2,1.4,1.2,1.1,1.1,1.5,1.2,1.2,1.5,1.1,1.6,1.7,1.7,1.6,1.5,1.5,1.5,1.4,1.5,1.5,1.3,1.3
6256167476,02120769,10/27/2014,1.2,0.8,1.1,1.0,1.0,0.9,1.6,0.8,1.1,0.7,1.1,1.1,1.7,1.7,1.7,1.6,2.1,1.7,1.6,1.6,1.2,1.7,1.1,1.1,1.4,1.2,1.4,1.1,1.4,1.2,1.3,1.3,1.2,1.5,1.2,1.6,1.1,1.6,1.4,1.8,1.6,1.3,1.4,1.5,1.2,1.1,1.0,1.3
6256167476,02120769,10/26/2014,1.2,1.1,0.8,1.2,0.8,1.2,0.9,1.1,0.7,1.1,0.8,1.1,1.1,0.9,1.1,1.7,1.2,1.6,1.7,1.7,2.2,1.7,1.7,1.3,1.9,1.5,1.6,1.1,1.7,1.2,1.6,1.4,1.1,1.5,1.7,1.4,1.6,1.6,1.7,1.5,1.6,1.6,1.3,1.5,1.6,1.3,1.0,1.3
6256167476,02120769,10/25/2014,1.2,0.7,1.1,1.1,0.8,1.8,0.7,1.1,0.9,1.0,0.8,1.1,0.7,1.1,1.2,1.4,1.3,2.5,2.1,1.7,1.8,1.6,1.7,1.2,1.5,1.6,1.8,1.2,1.6,1.2,1.2,1.6,1.1,1.5,1.2,1.7,1.3,1.6,1.6,1.2,1.6,1.2,1.2,1.6,1.1,1.4,1.2,1.2
6256167476,02120769,10/24/2014,1.2,0.8,1.3,1.1,1.4,1.2,0.8,1.1,0.8,1.1,1.1,1.4,1.2,1.6,1.9,1.9,1.6,1.6,2.2,1.5,1.5,1.6,1.2,1.6,1.2,1.2,1.1,1.3,1.4,1.3,1.1,1.2,1.2,1.2,1.1,1.2,1.6,1.2,1.9,1.1,1.3,1.4,1.2,1.1,1.6,1.2,1.2,1.4
6256167476,02120769,10/23/2014,1.1,0.8,1.2,1.1,0.8,1.2,0.9,1.4,0.8,1.7,1.1,1.3,1.2,1.6,1.9,1.9,1.7,1.6,1.5,2.2,1.7,1.2,1.2,1.9,1.4,1.2,1.2,1.2,1.2,1.2,1.3,1.2,1.4,1.2,1.2,1.2,1.7,1.2,1.8,1.2,1.7,1.4,1.7,1.2,1.4,1.4,1.2,1.2
6256167476,02120769,10/22/2014,1.1,0.8,1.2,1.0,1.2,1.2,0.8,1.3,0.8,1.2,1.1,1.5,1.8,1.7,2.1,2.1,2.1,2.4,1.6,1.7,1.7,1.5,1.4,1.5,1.1,1.2,1.6,1.2,1.2,1.4,1.2,1.2,1.2,1.2,1.8,1.6,1.1,1.8,1.5,1.5,1.6,1.4,1.6,1.5,1.1,1.6,1.4,1.8
6256167476,02120769,10/21/2014,0.8,1.1,0.8,1.1,1.0,0.9,1.1,1.0,0.8,1.1,0.9,1.2,1.7,2.0,1.8,2.0,1.6,1.6,1.7,1.1,1.1,1.4,1.0,1.5,1.2,1.0,1.2,1.1,1.1,1.4,1.2,1.1,1.1,1.8,1.3,1.2,1.6,1.3,1.5,1.7,1.7,1.5,1.5,1.7,1.2,1.6,1.4,1.4
6256167476,02120769,10/20/2014,1.3,1.8,0.7,1.2,0.8,1.1,0.7,1.1,0.9,1.5,1.2,1.2,1.1,1.6,1.9,1.8,1.6,2.5,1.6,1.6,1.1,1.4,1.4,1.0,1.5,1.2,1.3,1.1,1.3,1.3,1.1,1.1,1.1,1.1,1.1,1.6,1.4,1.5,1.4,1.6,1.6,1.5,1.1,1.4,1.4,1.5,1.1,1.4
6256167476,02120769,10/19/2014,1.1,0.8,1.1,1.8,0.9,1.1,0.8,1.1,0.7,1.2,0.8,1.1,1.1,0.9,1.1,2.0,1.5,1.6,1.7,1.7,1.8,2.0,1.7,1.6,1.6,2.1,1.5,1.6,1.6,1.2,1.7,1.2,1.7,1.2,1.1,1.7,1.5,1.6,1.6,2.4,1.5,1.6,1.2,1.6,1.2,1.5,1.0,1.1
6256167476,02120769,10/18/2014,0.9,1.0,1.1,1.1,0.8,1.4,0.8,0.8,1.1,0.8,1.1,0.7,1.1,1.1,1.3,1.3,1.5,1.6,1.6,1.6,1.7,1.6,1.5,1.5,1.7,1.6,1.3,1.4,1.6,1.4,1.4,1.2,1.5,1.4,1.6,1.4,1.4,1.5,1.2,1.6,1.6,1.2,1.2,1.3,1.5,1.1,1.1,1.2
6256167476,02120769,10/17/2014,1.4,1.1,0.8,1.1,1.3,1.1,0.8,1.1,1.0,0.8,1.2,1.2,1.5,1.7,1.8,2.0,1.6,1.7,1.2,1.5,1.5,1.5,1.4,1.3,1.5,1.2,1.4,1.1,1.3,1.2,1.3,1.1,1.2,1.4,1.2,1.6,1.1,1.4,1.5,1.5,1.6,1.2,1.4,1.6,1.2,1.1,1.5,1.1
6256167476,02120769,10/16/2014,1.2,1.1,0.8,1.1,1.3,0.8,1.1,0.8,1.1,1.1,1.1,1.1,1.2,1.6,2.4,2.0,1.7,1.6,1.8,1.4,1.4,1.2,1.4,1.5,1.3,1.2,1.5,1.1,1.2,1.1,1.2,1.1,1.5,1.4,1.1,1.5,1.1,1.5,1.6,1.6,1.7,1.4,1.6,1.6,1.4,1.4,1.1,1.1
6256167476,02120769,10/15/2014,0.8,1.2,1.2,0.8,1.1,0.8,1.2,1.1,0.8,1.1,1.3,1.1,1.5,1.6,1.9,1.9,1.7,2.0,1.3,1.6,1.2,1.8,1.2,1.2,1.5,2.0,1.4,1.6,1.2,1.2,1.5,1.6,1.7,1.2,1.3,1.6,1.7,1.2,2.0,1.6,1.6,1.6,1.8,1.2,1.6,1.2,1.2,1.2
6256167476,02120769,10/14/2014,1.2,1.1,0.8,1.2,1.3,0.9,1.1,0.8,1.1,0.7,1.1,1.1,1.5,1.6,2.3,1.8,1.6,1.6,1.7,1.2,1.2,1.6,1.2,1.4,1.4,1.2,1.1,1.0,1.2,1.1,1.1,1.1,1.5,1.2,1.2,1.7,1.3,1.5,1.5,1.5,1.6,1.6,1.6,1.2,1.6,1.2,1.2,1.7
6256167476,02120769,10/13/2014,1.2,0.9,1.0,1.1,1.2,0.8,1.2,0.8,0.8,1.1,0.7,1.0,1.1,1.5,1.4,1.7,1.8,1.4,1.4,2.0,1.3,1.6,1.6,1.9,1.5,1.6,1.2,1.6,1.2,1.4,1.2,1.5,1.6,1.2,1.5,1.6,1.6,1.2,1.7,1.6,1.6,1.6,1.6,1.3,1.6,1.2,1.2,1.2
6256167476,02120769,10/12/2014,1.1,1.1,1.1,1.1,0.8,1.0,1.3,0.8,1.1,0.7,1.0,1.0,1.7,1.1,1.1,1.3,1.5,1.4,1.7,1.8,1.8,1.5,1.6,1.5,1.8,1.5,1.6,1.3,1.2,1.5,1.5,1.3,1.2,1.7,1.6,1.3,1.4,1.5,1.6,1.5,1.5,1.4,1.5,1.5,1.4,1.2,1.3,1.2
6256167476,02120769,10/11/2014,1.2,0.8,1.1,0.8,1.1,1.1,0.8,1.1,1.2,0.9,1.1,0.8,1.2,1.5,1.1,1.6,1.8,1.8,2.0,1.5,1.6,1.5,2.0,1.2,1.5,1.6,1.5,1.8,1.5,1.4,1.4,1.5,1.1,1.5,1.1,1.5,1.8,1.1,1.6,1.5,1.6,1.1,1.5,1.2,1.1,1.6,1.1,1.7
6256167476,02120769,10/10/2014,1.2,1.1,0.8,1.1,0.8,1.1,1.1,0.8,1.3,0.8,1.1,1.1,1.5,1.5,1.9,1.7,1.5,1.6,1.8,1.6,1.5,1.2,1.5,1.1,1.2,1.5,1.1,1.1,1.7,1.1,1.3,1.3,1.5,1.2,1.5,1.2,1.6,1.1,1.8,1.5,1.5,1.5,1.4,1.1,1.5,1.2,1.1,1.7
6256167476,02120769,10/09/2014,1.2,0.8,1.1,1.1,1.1,1.0,1.1,1.1,1.1,1.0,0.9,1.4,1.5,1.5,1.9,2.2,1.6,1.5,1.4,1.7,1.2,1.2,1.6,1.2,1.1,1.7,1.2,1.1,1.2,1.1,1.2,1.6,1.1,1.2,1.2,1.5,1.3,1.6,1.5,1.5,1.8,1.4,1.5,1.4,1.2,1.5,1.3,1.1
6256167476,02120769,10/08/2014,1.1,1.2,1.0,1.1,1.1,0.8,1.1,1.1,0.8,1.1,1.1,1.1,1.6,1.8,1.8,1.8,1.9,1.4,1.4,1.4,1.5,1.5,1.2,1.4,1.1,1.4,1.1,1.4,1.5,1.1,1.5,1.2,1.3,1.1,1.4,1.1,1.4,1.7,1.6,1.6,1.5,1.5,1.2,1.7,1.1,1.4,1.1,1.4
6256167476,02120769,10/07/2014,1.3,1.1,1.2,0.7,1.1,0.8,1.1,1.1,0.8,1.1,1.3,1.1,1.5,1.5,1.8,1.9,1.5,1.5,1.5,1.6,1.3,1.4,1.1,1.2,1.4,1.1,1.1,1.4,1.2,1.4,1.3,1.1,1.1,1.3,1.3,1.2,1.5,1.5,1.5,1.7,1.7,1.5,1.4,1.4,1.4,1.4,1.4,1.1
6256167476,02120769,10/06/2014,1.3,1.5,1.5,1.3,1.5,2.1,1.2,1.4,1.2,1.7,1.6,1.6,1.7,2.3,2.3,2.2,1.9,1.9,2.5,1.7,1.3,1.2,1.4,1.2,1.1,1.4,1.1,1.6,1.1,1.5,1.2,1.2,1.1,1.5,1.2,1.4,1.5,1.5,1.5,1.7,1.6,1.6,1.4,1.5,1.3,1.4,1.1,1.1
6256167476,02120769,10/05/2014,1.6,1.6,1.3,1.8,1.3,1.6,1.1,1.5,1.3,1.5,1.5,1.4,1.8,1.6,2.3,1.6,1.9,2.0,2.1,2.0,2.0,2.2,2.0,2.1,2.0,1.9,1.9,2.0,1.9,1.7,2.0,1.9,1.8,1.5,1.9,1.9,1.9,2.2,1.9,2.5,2.0,2.0,2.0,1.9,1.6,1.8,1.6,1.8
6256167476,02120769,10/04/2014,1.6,1.7,1.6,1.5,1.5,1.5,1.6,1.6,1.3,1.5,1.6,1.9,1.5,1.7,1.5,1.9,2.0,2.0,2.5,2.1,2.1,2.3,2.1,1.9,2.0,2.0,1.9,2.0,1.9,1.8,2.0,2.2,2.0,2.0,2.0,1.9,1.9,2.0,1.9,1.7,2.0,1.9,1.6,2.0,1.6,1.6,1.6,1.5
6256167476,02120769,10/03/2014,1.2,1.3,0.8,1.2,0.8,1.2,1.0,1.2,0.7,1.3,1.2,1.3,1.2,1.7,1.6,2.2,1.8,1.6,1.5,1.5,1.4,1.2,1.3,1.4,1.6,1.6,1.9,1.8,1.6,1.9,1.7,1.6,1.9,1.6,1.9,1.6,1.9,1.9,2.0,2.1,1.7,1.9,1.9,1.9,1.9,1.6,2.0,1.6
6256167476,02120769,10/02/2014,1.2,1.5,1.5,1.3,1.4,1.4,1.4,1.4,1.4,1.4,1.4,1.8,1.6,1.9,2.2,2.1,2.3,1.9,1.4,1.5,1.9,1.1,1.0,1.0,1.2,1.1,1.2,1.2,1.2,1.2,1.2,1.1,1.4,1.3,1.5,1.2,1.3,1.3,1.6,1.7,1.7,1.6,1.3,1.7,1.4,1.2,1.2,1.2
6256167476,02120769,10/01/2014,1.6,1.1,1.6,1.2,1.6,1.4,1.3,1.7,1.2,1.5,1.5,1.6,1.6,2.0,2.3,2.2,2.0,2.1,2.0,2.0,1.8,1.6,1.8,1.5,1.6,1.7,1.7,1.6,1.5,1.5,1.6,1.6,1.8,1.5,1.6,1.7,1.9,1.6,1.9,2.1,2.1,1.8,1.8,2.1,1.8,1.9,1.7,1.6
6256167476,02120769,09/30/2014,1.6,1.6,1.6,1.1,1.8,1.2,1.6,1.1,1.5,1.5,1.4,1.5,2.2,2.2,2.3,2.1,2.0,2.0,1.9,1.6,2.0,1.6,1.4,1.6,1.6,1.5,1.9,1.6,1.5,1.6,1.6,1.5,1.4,1.9,1.6,1.9,1.9,1.6,1.9,2.0,2.0,2.0,1.9,1.9,1.9,1.9,1.6,1.6
6256167476,02120769,09/29/2014,1.2,1.6,1.5,1.3,1.6,1.2,1.5,1.5,1.2,1.3,1.6,1.5,1.8,2.0,2.3,2.7,2.0,2.0,1.9,2.0,1.8,1.7,1.6,1.5,1.6,1.6,1.6,1.7,1.6,1.6,1.6,1.6,1.5,1.6,1.6,1.9,1.8,2.0,2.1,2.0,2.1,1.8,2.0,2.0,1.7,1.6,1.5,1.6
6256167476,02120769,09/28/2014,1.5,1.7,1.5,1.2,1.4,1.5,1.2,1.5,1.1,1.3,1.4,1.5,1.2,1.6,1.6,1.5,2.0,2.3,1.8,2.0,1.9,2.1,2.3,2.2,2.0,1.9,1.9,1.8,1.9,1.4,1.9,2.0,1.5,2.0,2.1,1.6,2.0,2.2,2.5,2.2,2.1,1.9,2.0,1.8,1.8,1.5,1.9,1.6
6256167476,02120769,09/27/2014,1.8,1.6,1.3,1.2,1.5,1.3,1.2,1.6,1.2,1.4,1.5,1.6,1.4,1.4,1.6,2.1,1.9,1.7,2.1,2.1,2.0,2.4,1.5,2.3,1.9,1.6,2.2,1.6,1.7,1.6,2.0,1.6,1.8,1.5,2.1,1.5,2.2,1.6,1.8,1.9,1.5,1.9,1.7,2.0,1.6,1.6,1.6,1.6
6256167476,02120769,09/26/2014,1.5,1.4,1.6,1.2,1.6,1.3,1.4,1.6,1.2,1.6,1.1,1.6,2.2,2.0,1.9,2.1,2.3,2.1,1.5,2.0,1.6,1.6,2.0,1.8,1.5,1.5,1.6,2.0,1.6,1.5,1.7,1.5,1.7,1.5,1.6,1.9,1.9,1.5,2.1,1.6,1.9,1.6,1.6,1.5,2.0,1.3,1.7,1.5
6256167476,02120769,09/25/2014,1.5,1.2,1.5,1.4,1.6,1.6,1.2,1.5,1.6,1.6,1.6,1.6,1.9,2.0,2.3,2.5,1.8,2.1,1.9,1.9,1.7,2.0,1.6,2.0,1.6,1.6,1.8,1.7,1.7,1.6,1.6,1.6,1.6,1.6,1.6,1.7,1.9,2.2,1.6,2.1,2.0,2.0,1.6,1.6,2.0,1.6,1.6,1.6
6256167476,02120769,09/24/2014,1.6,1.4,1.2,1.6,1.3,1.5,1.2,1.6,1.2,1.5,1.1,1.5,1.9,2.0,2.1,2.5,2.1,2.0,2.0,1.7,1.6,1.6,1.5,1.5,1.6,1.5,1.5,1.9,1.4,1.8,1.5,1.5,1.5,1.6,1.6,1.4,1.9,1.6,1.9,2.3,2.1,1.7,2.0,1.5,1.6,1.9,1.6,1.4
6256167476,02120769,09/23/2014,1.5,1.2,1.5,1.4,1.2,1.3,1.6,1.2,1.6,1.0,1.5,1.6,1.7,2.3,1.9,2.3,2.1,2.2,2.0,1.6,1.8,1.4,1.9,1.6,1.6,1.5,1.8,1.4,1.5,1.6,1.7,1.4,1.6,1.6,1.8,1.5,1.9,2.0,2.0,1.9,1.6,2.0,1.5,1.8,2.0,1.5,1.5,1.4
6256167476,02120769,09/22/2014,1.6,1.2,1.6,1.4,1.2,1.5,1.2,1.6,1.2,1.1,1.5,1.5,1.9,1.9,2.2,2.3,2.1,2.0,2.0,1.9,1.7,1.6,1.5,1.7,1.6,1.6,1.5,1.4,1.9,1.6,1.5,1.6,1.5,1.7,1.8,1.6,1.9,1.6,2.0,1.9,2.3,1.7,1.9,1.9,1.6,1.7,1.5,1.5
6256167476,02120769,09/21/2014,1.6,1.2,1.4,1.6,1.2,1.2,1.5,1.2,1.6,1.4,1.6,1.1,1.5,1.2,1.6,1.6,2.0,2.0,2.0,2.0,2.3,2.2,2.0,1.9,2.1,2.0,1.8,1.9,1.9,1.6,1.9,2.1,2.0,1.5,1.9,2.0,2.1,2.0,2.1,2.3,2.2,1.8,1.9,2.0,1.9,1.8,1.6,1.5
6256167476,02120769,09/20/2014,1.2,1.6,1.4,1.2,1.6,1.4,1.1,1.6,1.2,1.6,1.1,1.5,1.5,1.5,1.5,1.9,1.9,2.2,2.1,1.8,2.1,1.7,2.0,1.9,2.1,2.1,1.5,2.1,1.6,1.8,1.9,2.0,1.7,2.0,1.5,2.0,1.7,2.0,2.0,1.6,1.7,1.7,1.6,1.6,2.2,1.5,1.6,1.6
6256167476,02120769,09/19/2014,1.5,1.6,1.4,1.6,1.2,1.4,1.3,1.1,1.5,1.2,1.6,1.5,1.6,2.2,2.2,2.1,2.3,2.0,1.5,1.8,1.9,1.6,1.9,1.5,1.5,1.6,1.6,2.1,1.5,1.6,1.6,1.5,1.6,1.6,1.6,1.5,1.8,1.8,2.1,1.4,1.8,2.0,1.6,1.5,1.9,1.6,1.6,1.6
6256167476,02120769,09/18/2014,1.7,1.1,1.5,1.2,1.6,1.2,1.5,1.2,1.2,1.6,1.4,1.3,2.2,1.8,2.5,2.0,2.2,2.0,1.4,2.0,1.7,1.4,1.9,1.9,1.3,1.6,1.6,1.9,1.3,1.5,1.6,1.6,1.5,1.6,1.6,2.0,1.6,1.9,1.8,2.0,2.1,2.0,1.5,2.0,1.6,1.6,1.6,1.5
6256167476,02120769,09/17/2014,1.6,1.2,1.6,1.2,1.1,1.5,1.2,1.2,1.5,1.4,1.6,1.6,1.6,1.9,2.5,2.1,2.0,2.0,1.6,1.9,1.6,1.8,1.6,1.5,1.6,1.6,1.6,1.5,1.6,1.6,1.6,1.5,1.6,1.6,1.6,1.7,2.0,1.6,2.0,1.9,1.6,2.0,1.6,1.9,1.6,1.6,1.6,1.6
6256167476,02120769,09/16/2014,1.1,0.7,1.1,0.7,0.7,1.2,1.0,0.8,1.1,0.8,1.1,1.1,1.1,1.6,2.1,1.6,1.6,1.4,1.5,1.5,1.2,1.1,1.2,1.2,1.2,1.0,1.2,1.3,1.6,1.6,1.2,1.6,1.8,1.6,1.6,2.0,1.6,2.1,2.0,1.7,2.1,2.0,1.6,1.9,1.7,1.8,1.6,1.6
6256167476,02120769,09/15/2014,1.1,0.6,1.1,0.7,1.3,0.7,0.7,1.1,0.7,0.7,1.0,1.1,1.2,1.5,1.7,1.9,1.6,1.6,1.2,1.4,1.1,1.5,1.0,1.1,1.2,1.2,1.0,1.2,1.4,1.0,1.2,1.2,1.1,0.7,1.3,1.4,1.1,1.5,1.6,1.3,1.6,1.8,1.0,1.6,1.2,1.2,1.1,1.1
6256167476,02120769,09/14/2014,1.2,0.7,1.0,1.2,0.8,0.8,1.1,0.6,1.1,0.8,0.8,1.0,0.8,1.1,1.1,1.6,1.4,1.3,1.6,1.8,1.8,1.6,1.6,1.6,1.2,1.6,1.0,1.8,1.2,1.1,1.5,1.2,1.2,1.6,1.5,1.6,1.2,1.6,1.5,1.5,1.8,1.2,1.5,1.6,1.2,1.1,1.1,1.1
6256167476,02120769,09/13/2014,1.3,0.7,1.1,0.6,1.1,0.8,0.8,1.1,0.8,1.1,0.7,1.1,0.6,1.3,1.5,1.1,1.5,1.6,1.6,1.5,1.5,1.6,1.6,1.5,1.6,1.1,1.7,1.6,1.6,1.5,1.3,1.4,1.1,1.6,1.2,1.6,1.6,1.2,1.5,1.4,1.4,1.5,1.1,1.5,1.1,1.0,1.1,1.2
6256167476,02120769,09/12/2014,1.2,0.8,1.2,1.2,0.8,1.1,1.0,1.0,0.8,1.1,1.1,1.2,1.2,1.7,2.2,1.7,1.7,1.6,1.6,1.2,1.7,1.2,1.0,1.6,1.2,1.2,1.6,1.1,1.1,1.2,1.2,1.2,1.6,1.2,1.4,1.4,1.3,1.3,1.6,1.2,1.6,1.1,1.5,1.2,1.2,1.5,1.2,1.2
6256167476,02120769,09/11/2014,1.2,1.1,0.9,0.9,1.1,0.7,1.1,0.8,0.9,1.1,1.1,0.9,1.4,1.6,1.8,2.0,1.6,1.4,1.4,1.5,1.6,1.1,1.2,1.2,1.2,1.1,1.2,1.2,1.1,1.2,1.1,0.9,0.9,1.1,1.5,1.2,1.1,1.6,1.3,1.7,1.5,1.5,1.4,1.2,1.5,1.0,1.1,1.2
6256167476,02120769,09/10/2014,1.0,1.1,0.8,1.1,0.8,1.1,0.6,1.1,0.8,1.1,0.8,1.1,1.7,1.5,2.1,1.6,1.6,1.6,1.5,1.0,1.6,1.2,1.1,1.0,1.3,1.3,1.4,1.1,1.0,1.1,1.2,1.2,1.1,0.9,1.4,1.2,1.4,1.3,1.6,1.6,1.6,1.4,1.6,1.6,1.0,1.2,1.3,1.1
6256167476,02120769,09/09/2014,1.1,1.1,0.7,1.1,0.8,1.1,1.0,1.1,0.8,1.1,0.7,1.1,1.5,1.6,1.6,1.6,1.5,1.6,1.5,1.4,1.1,1.5,1.1,1.2,1.1,1.1,1.2,1.4,1.3,0.9,0.9,1.1,1.2,1.4,1.0,1.6,1.2,1.6,1.6,1.2,1.5,1.6,1.5,1.0,1.6,1.2,1.2,1.4
6256167476,02120769,09/08/2014,0.8,1.1,0.8,1.0,0.8,1.2,0.8,1.2,0.8,0.8,1.1,1.0,1.8,1.5,1.9,1.6,1.5,1.6,1.2,1.6,1.2,1.6,1.2,1.2,1.2,1.2,1.3,1.1,1.2,1.2,1.1,1.2,1.2,1.2,1.2,1.5,1.2,1.6,1.6,1.5,1.8,1.5,1.3,1.2,1.4,1.2,1.2,1.1
6256167476,02120769,09/07/2014,1.1,1.1,1.1,0.8,1.1,0.8,1.2,0.8,1.2,0.8,1.2,0.8,1.2,1.1,1.4,1.2,1.6,1.2,1.7,1.6,1.7,1.6,1.4,1.5,1.4,1.7,1.2,1.6,1.2,1.6,1.2,1.2,1.6,1.1,1.6,1.7,1.2,1.8,1.7,1.7,1.5,1.7,1.3,1.6,1.2,1.6,1.2,1.2
6256167476,02120769,09/06/2014,1.2,0.8,1.2,0.7,1.2,0.8,0.8,1.0,1.0,0.8,1.1,0.8,1.0,1.1,1.2,1.6,1.2,1.5,1.6,1.6,1.5,1.5,1.7,1.2,1.5,1.5,1.6,1.5,1.5,1.1,1.4,1.1,1.5,1.1,1.5,1.1,1.7,1.1,1.6,1.4,1.5,1.5,1.2,1.1,1.3,1.2,1.4,1.2
6256167476,02120769,09/05/2014,0.9,1.1,1.1,0.8,1.0,0.7,1.1,0.8,1.1,0.8,1.1,1.2,1.2,1.5,1.7,1.8,1.5,1.5,1.2,1.6,1.5,1.0,1.2,1.4,1.2,1.1,1.2,1.1,1.2,1.1,1.1,1.2,1.5,1.2,1.0,1.6,1.1,1.4,1.5,1.2,1.1,1.5,1.1,1.1,1.1,1.6,0.8,1.0
6256167476,02120769,09/04/2014,1.2,0.8,1.0,0.8,1.2,0.8,0.8,1.2,0.6,0.8,1.1,1.2,1.1,1.8,2.1,1.5,1.3,1.4,1.2,1.5,1.6,1.1,1.2,1.1,1.0,0.8,1.1,1.1,1.0,1.2,1.2,1.2,0.7,1.2,1.4,1.2,1.2,1.5,1.3,1.6,1.5,1.2,1.6,1.2,1.5,1.3,1.3,1.2
6256167476,02120769,09/03/2014,1.1,0.7,1.2,0.8,1.0,0.8,0.8,1.2,0.7,1.1,0.8,1.4,1.1,1.6,1.7,1.7,1.7,1.1,1.7,1.2,1.2,1.0,1.2,1.2,1.1,1.1,1.2,1.1,1.4,1.2,1.0,1.2,1.2,1.0,1.2,1.1,1.1,1.6,1.7,1.1,1.6,1.6,1.2,1.5,1.0,1.6,1.4,0.8
6256167476,02120769,09/02/2014,1.0,1.1,0.7,1.4,0.8,1.1,0.7,1.2,0.8,0.8,1.1,1.0,1.2,1.7,1.8,2.0,1.5,1.2,1.6,1.0,1.6,1.2,1.2,1.1,1.2,1.0,1.2,1.1,1.0,1.2,1.0,1.1,1.2,1.0,1.2,1.4,1.1,1.6,1.2,1.5,1.6,1.3,1.6,1.2,1.2,1.1,1.2,1.2
6256167476,02120769,09/01/2014,1.4,0.8,1.1,1.1,0.7,0.9,1.1,0.8,1.2,0.8,0.7,1.0,0.8,1.1,1.1,1.3,1.5,1.3,1.4,1.6,1.6,1.5,1.6,1.4,1.6,1.0,1.6,1.2,1.5,1.2,1.5,1.2,1.5,1.9,1.4,1.6,1.2,1.6,1.6,1.4,1.6,1.6,1.4,1.6,1.2,1.5,1.0,0.9
6256167476,02120769,08/31/2014,1.4,1.2,0.8,1.1,0.8,0.8,1.1,0.8,0.8,1.2,0.8,0.8,1.2,0.7,1.4,1.1,1.6,1.2,1.6,1.6,1.3,1.6,1.2,1.6,1.4,1.2,1.3,1.4,1.0,1.2,1.4,1.3,1.1,1.0,1.6,1.0,1.5,1.2,1.4,1.6,1.2,1.3,1.2,1.2,1.7,1.2,1.1,1.1
6256167476,02120769,08/30/2014,1.1,1.1,0.8,1.2,0.8,1.1,0.8,1.0,0.7,0.8,1.1,0.7,1.1,1.1,1.0,1.3,1.3,1.5,1.5,1.5,1.5,1.1,1.6,1.5,1.5,1.3,1.3,1.6,1.2,1.0,1.2,1.7,1.1,1.2,1.3,1.3,1.5,1.1,1.5,1.2,1.5,1.2,1.1,1.2,1.5,0.8,1.4,0.8
6256167476,02120769,08/29/2014,1.2,1.1,0.7,0.7,1.0,0.8,1.1,0.8,1.3,0.8,1.0,1.0,1.1,1.4,1.5,1.5,1.5,1.5,1.4,1.5,1.1,1.7,1.1,1.4,1.2,1.4,1.2,1.1,1.1,1.1,1.2,1.2,1.4,1.1,1.2,1.6,1.2,1.3,1.6,1.2,1.2,1.5,1.1,1.1,1.5,1.0,1.2,0.8
6256167476,02120769,08/28/2014,1.1,0.7,1.2,0.8,1.1,0.7,0.8,1.0,1.0,1.1,0.8,1.0,1.6,1.4,1.9,1.6,1.6,1.4,1.2,1.4,1.3,1.5,1.0,1.1,1.3,1.1,1.0,1.2,1.2,1.0,1.1,1.1,1.1,1.2,1.1,1.1,1.2,1.5,1.1,1.6,1.2,1.6,1.2,1.2,1.5,1.0,1.1,1.1
6256167476,02120769,08/27/2014,1.2,0.8,1.1,0.8,0.8,1.1,0.6,1.2,1.0,1.1,0.6,1.2,1.4,1.5,1.8,1.4,1.9,1.2,1.4,1.4,1.5,1.1,1.5,1.2,1.1,1.1,1.1,1.1,1.0,1.4,1.0,1.2,1.1,1.1,1.5,1.1,1.2,1.1,1.6,1.4,1.4,1.5,1.2,1.2,1.2,1.3,1.0,1.1
6256167476,02120769,08/26/2014,1.0,0.7,1.1,1.1,0.8,0.8,0.9,0.8,1.1,0.8,1.0,1.0,1.5,1.4,1.8,1.5,1.4,1.4,1.5,1.3,1.3,1.2,1.0,1.2,1.1,1.1,1.4,1.0,1.1,1.2,1.0,1.1,1.0,1.1,1.1,1.4,1.2,1.2,1.5,1.3,1.5,1.5,1.6,1.2,1.2,1.4,1.0,1.1
6256167476,02120769,08/25/2014,0.8,1.1,0.7,1.1,0.8,1.3,0.8,0.7,1.0,0.8,1.1,1.1,1.2,1.7,1.5,1.5,1.5,1.4,1.6,1.5,1.1,1.4,1.0,1.5,1.0,1.1,1.4,1.2,1.1,1.2,1.4,1.1,1.4,1.1,1.1,1.2,1.5,1.0,1.5,1.4,1.5,1.5,1.5,1.0,1.4,1.2,1.2,1.1
6256167476,02120769,08/24/2014,1.1,1.1,0.7,1.0,0.8,1.1,0.8,0.7,1.0,0.8,0.8,1.1,0.9,1.1,1.1,1.1,1.5,1.5,1.5,1.5,1.6,1.5,1.4,1.6,1.5,1.3,1.6,1.2,1.6,1.4,1.1,1.5,1.2,1.1,1.5,1.2,1.6,1.2,1.4,1.7,1.6,1.6,1.1,1.5,1.0,1.6,1.1,1.1
6256167476,02120769,08/23/2014,1.1,1.1,1.1,0.8,1.0,1.0,0.9,1.1,0.8,1.0,0.8,1.1,1.1,1.1,1.0,1.2,1.6,1.1,1.6,1.5,1.8,1.3,1.6,1.6,1.5,1.4,1.5,1.2,1.5,1.1,1.5,1.2,1.5,1.2,1.3,1.6,1.1,1.5,1.0,1.1,1.2,1.5,1.1,1.2,1.1,1.4,1.1,1.0
6256167476,02120769,08/22/2014,1.2,0.8,1.2,0.8,0.8,1.0,0.7,1.1,0.8,1.1,0.9,1.1,1.0,1.4,1.8,1.5,1.5,1.6,1.4,1.4,1.4,1.4,1.4,1.0,1.2,1.4,1.5,1.2,1.1,1.1,1.2,1.1,1.1,1.1,1.1,1.5,1.2,1.1,1.5,1.4,1.6,1.3,1.1,1.5,1.2,1.1,1.1,1.1
6256167476,02120769,08/21/2014,1.2,0.8,1.1,0.8,1.1,0.8,0.7,1.1,0.8,0.8,1.1,1.1,1.2,1.7,1.6,1.5,1.8,1.6,1.2,1.5,1.2,1.3,1.2,1.0,1.4,1.2,1.1,1.2,1.2,1.2,1.1,1.0,1.2,1.2,1.0,1.6,1.2,1.5,1.1,1.5,1.4,1.3,1.5,1.2,1.4,1.1,1.1,1.1
6256167476,02120769,08/20/2014,0.8,1.2,1.0,1.2,0.7,1.2,0.8,0.8,1.2,0.8,0.9,0.9,1.2,1.6,1.6,1.6,1.8,1.6,1.6,1.1,1.6,1.2,1.2,1.1,1.1,1.1,1.2,1.0,1.2,1.0,1.2,1.2,1.0,1.4,1.2,1.4,1.5,1.2,1.5,1.2,1.5,1.3,1.2,1.5,1.1,1.4,1.1,1.2
6256167476,02120769,08/19/2014,0.8,1.2,0.7,1.2,1.0,1.2,0.7,0.8,1.2,0.8,1.0,0.8,1.6,1.2,1.9,1.6,1.6,1.2,1.6,1.6,1.2,1.2,1.2,1.1,1.2,1.2,1.2,1.2,1.1,0.8,1.2,1.0,1.5,0.8,1.7,1.2,1.1,1.6,1.2,1.7,1.1,1.6,1.5,1.2,1.2,1.5,1.1,1.2
6256167476,02120769,08/18/2014,1.2,1.1,0.8,1.1,0.8,1.1,1.0,0.8,1.2,0.7,0.7,1.2,1.4,1.3,1.7,1.7,1.4,1.6,1.5,1.2,1.8,1.2,1.4,1.1,1.2,1.0,1.1,1.2,1.1,1.1,1.2,1.2,1.4,1.2,1.2,1.2,1.3,1.7,1.3,1.5,1.2,1.3,1.6,1.2,1.2,1.1,1.2,1.2
6256167476,02120769,08/17/2014,1.2,1.0,1.0,1.0,0.8,1.2,0.8,1.4,0.8,1.0,0.8,1.1,0.8,1.1,1.1,1.1,1.5,1.6,1.3,1.5,1.6,1.8,1.5,1.6,1.5,1.1,1.6,1.6,1.2,1.4,1.2,1.2,1.4,1.5,1.0,1.6,1.6,1.5,1.7,1.6,1.3,1.5,1.5,1.0,1.6,1.2,1.2,1.0
6256167476,02120769,08/16/2014,1.2,1.1,0.7,0.8,1.0,1.1,0.8,0.7,1.0,0.8,0.8,1.3,0.6,1.2,1.1,1.4,1.4,1.4,1.6,1.2,1.7,1.5,1.5,1.2,1.6,1.6,1.2,1.1,1.4,1.1,1.4,1.3,1.2,1.6,1.0,1.4,1.4,1.1,1.6,1.2,1.5,1.3,1.4,1.4,1.2,1.2,1.2,1.0
6256167476,02120769,08/15/2014,1.0,1.0,0.8,1.1,1.0,1.0,0.8,1.1,0.8,1.0,0.8,1.2,1.0,1.7,1.6,1.5,1.3,1.8,1.5,1.4,1.0,1.4,1.1,1.5,1.1,1.1,1.2,1.2,1.0,1.2,1.2,1.2,1.2,1.2,1.4,1.2,1.3,1.2,1.0,1.5,1.2,1.5,1.2,1.4,1.2,1.1,1.3,0.8
6256167476,02120769,08/14/2014,1.1,0.8,1.1,0.8,1.1,0.8,0.8,1.0,0.8,1.1,0.9,1.1,1.2,1.6,1.6,1.5,1.5,1.5,1.6,1.2,1.4,1.1,1.2,1.7,1.0,1.2,1.2,1.1,1.1,1.2,1.2,1.0,1.2,1.2,1.0,1.2,1.4,1.1,1.6,1.6,1.3,1.2,1.4,1.1,1.4,1.1,1.4,0.7
6256167476,02120769,08/13/2014,1.2,0.8,1.4,0.7,1.0,0.8,1.1,0.8,1.1,0.8,1.1,1.0,1.2,1.9,1.7,1.7,1.5,1.5,1.6,1.1,1.4,1.1,1.1,1.5,1.0,1.1,1.2,1.2,1.0,1.2,1.4,1.1,1.2,1.2,1.0,1.2,1.2,1.5,1.1,1.6,1.6,1.2,1.4,1.2,1.4,1.5,1.1,1.1
6256167476,02120769,08/12/2014,1.0,1.0,0.8,0.9,1.0,0.8,1.0,0.9,0.8,0.8,1.1,1.1,1.2,1.5,1.6,1.5,1.6,1.5,1.1,1.5,1.5,1.6,1.2,1.5,1.2,1.0,1.5,1.3,1.8,1.6,1.4,1.1,1.1,1.1,1.5,1.3,1.2,1.5,1.2,1.6,1.3,1.4,1.6,1.2,1.2,1.5,1.0,1.2
6256167476,02120769,08/11/2014,0.8,1.1,0.8,1.1,0.8,0.7,1.1,0.8,0.8,1.0,1.1,1.4,1.1,1.4,1.6,1.5,1.7,1.5,1.5,1.1,1.5,1.2,1.1,1.1,1.6,1.4,1.1,1.1,1.2,1.1,1.1,0.9,1.5,1.0,1.2,1.5,1.2,1.4,1.3,1.5,1.6,1.7,1.1,1.5,1.2,1.5,1.1,0.9
6256167476,02120769,08/10/2014,1.2,1.1,0.7,1.1,0.8,1.2,0.8,1.0,0.8,0.8,1.1,0.8,1.1,0.9,1.1,1.6,1.3,1.5,1.5,1.9,1.4,1.4,1.7,1.5,1.4,1.6,1.0,1.6,1.8,1.1,1.5,1.5,1.2,1.6,1.5,1.2,1.6,1.4,1.7,1.6,1.5,1.2,1.5,1.6,1.2,1.3,1.1,1.5
6256167476,02120769,08/09/2014,1.2,1.0,0.9,1.1,0.8,1.1,0.8,0.8,1.1,0.7,1.1,0.8,1.1,1.0,1.2,1.5,1.4,1.4,1.6,1.6,1.6,1.4,1.2,1.6,1.6,1.1,1.6,1.2,1.5,1.6,1.2,1.7,1.1,1.6,1.6,1.2,1.5,1.2,1.6,1.3,1.5,1.1,1.5,1.2,1.2,1.2,1.2,1.4
6256167476,02120769,08/08/2014,0.7,1.1,0.8,1.2,0.8,1.3,0.8,0.8,1.2,0.8,0.9,1.0,1.0,1.6,1.6,1.7,2.0,1.2,1.6,1.6,1.6,1.2,1.5,1.2,1.0,1.5,1.2,1.2,1.0,1.2,1.2,1.2,1.0,1.2,1.2,1.7,1.1,1.1,1.6,1.2,1.4,1.2,1.5,1.2,1.1,1.1,1.2,1.2
6256167476,02120769,08/07/2014,1.2,0.8,1.2,0.8,1.2,0.7,0.8,1.2,1.0,1.1,0.7,1.2,1.2,1.6,1.8,1.8,1.7,1.5,1.2,1.4,1.5,1.2,1.4,1.5,1.2,1.2,1.5,1.7,1.2,1.2,1.0,1.2,1.1,1.2,1.2,1.1,1.2,1.7,1.6,1.6,1.3,1.6,1.5,1.1,1.6,1.2,1.2,1.2
6256167476,02120769,08/06/2014,1.4,1.0,1.1,1.1,0.8,1.2,0.8,0.9,0.8,1.3,0.8,1.2,1.4,1.6,1.5,1.8,1.8,1.4,1.4,1.2,1.6,1.2,1.5,1.2,1.4,1.2,1.1,1.2,1.2,1.3,1.0,1.2,1.3,1.4,1.2,1.2,1.2,1.7,1.6,1.2,1.7,1.9,1.1,1.7,1.2,1.2,1.2,1.1
6256167476,02120769,08/05/2014,1.2,0.7,1.1,1.0,0.8,0.9,1.1,1.1,0.8,1.1,1.0,1.2,1.6,1.1,1.8,1.8,1.6,1.6,1.7,1.7,1.2,1.5,1.1,1.4,1.5,1.1,1.1,1.5,1.1,1.2,0.9,1.2,1.1,1.2,1.1,1.2,1.2,1.8,1.1,1.9,1.7,1.5,1.7,1.1,1.4,1.2,1.5,1.1
6256167476,02120769,08/04/2014,0.7,1.2,0.8,1.1,0.8,1.2,0.7,0.8,1.2,0.6,1.2,1.4,1.2,1.7,1.5,1.7,1.7,1.6,1.2,1.5,1.2,1.6,1.0,1.1,1.2,1.4,0.9,1.5,1.0,1.5,1.1,1.1,1.2,1.0,1.2,1.1,1.6,1.1,1.6,1.6,1.6,1.3,1.8,1.2,1.5,1.2,1.5,1.1
6256167476,02120769,08/03/2014,1.1,1.4,0.8,1.1,0.8,1.2,1.0,0.8,1.0,1.0,0.6,1.2,1.2,0.8,1.2,1.3,1.3,1.7,1.5,1.7,1.7,1.7,1.3,1.5,1.6,1.2,1.2,1.6,1.2,1.8,1.2,1.2,1.5,1.1,1.6,1.6,1.2,1.7,1.1,1.6,1.7,1.6,1.5,1.2,1.2,1.8,1.6,1.2
6256167476,02120769,08/02/2014,1.2,1.1,1.1,0.9,1.1,0.6,1.2,1.0,0.7,1.0,0.8,1.1,0.8,1.2,1.1,1.3,1.4,1.2,1.5,1.6,2.0,1.5,1.3,1.7,1.5,1.2,1.5,1.3,1.1,1.2,1.2,1.7,1.1,1.2,1.6,1.4,1.5,1.2,1.2,1.7,1.1,1.2,1.6,1.1,1.2,1.2,1.2,1.2
6256167476,02120769,08/01/2014,1.2,0.8,1.2,0.8,0.8,1.0,0.8,0.8,1.2,0.8,0.8,1.0,1.4,1.6,1.5,1.9,1.3,1.6,1.6,1.2,1.6,1.2,1.1,1.5,1.2,1.1,1.2,1.2,1.2,1.2,1.2,1.2,1.1,1.1,1.2,1.6,1.2,1.2,1.5,1.2,1.1,1.8,1.2,1.0,1.1,1.3,1.4,0.9
6256167476,02120769,07/31/2014,1.3,0.8,1.1,0.8,1.0,0.8,0.8,1.0,0.8,0.8,1.1,0.7,1.5,1.5,1.9,1.5,1.5,1.6,1.4,1.1,1.1,1.5,1.2,1.5,1.4,1.2,1.2,1.1,1.4,1.2,1.1,1.2,1.1,1.2,1.2,1.1,1.2,1.6,1.1,1.6,1.2,1.5,1.2,1.2,1.6,1.4,1.1,1.1
6256167476,02120769,07/30/2014,1.1,0.7,1.1,0.8,0.8,1.1,0.8,0.8,0.8,1.1,0.8,1.1,1.6,1.5,1.8,1.6,1.6,1.6,1.6,1.2,1.2,1.0,1.3,1.1,1.0,0.7,1.3,1.1,1.0,1.1,1.1,1.2,1.1,1.4,1.2,1.4,1.2,1.2,1.6,1.2,1.5,1.1,1.5,1.2,1.6,1.1,1.0,1.1
6256167476,02120769,07/29/2014,1.1,1.1,0.8,1.2,0.8,1.3,0.7,1.1,0.8,0.8,1.1,1.2,1.1,1.6,1.9,1.6,1.7,1.3,1.4,1.7,1.4,1.1,1.1,1.2,1.4,1.1,1.1,1.1,1.1,1.1,1.1,1.1,1.2,1.0,1.1,1.6,1.2,1.1,1.6,1.5,1.5,1.2,1.4,1.3,1.2,1.4,1.2,1.4
6256167476,02120769,07/28/2014,1.2,0.8,1.1,0.8,1.2,0.9,0.8,1.1,0.8,1.2,1.2,1.2,1.2,1.5,2.0,1.6,1.8,1.8,1.5,1.3,1.7,1.5,1.1,1.4,1.1,1.6,1.0,1.1,1.5,1.1,1.1,1.2,1.0,1.4,1.1,1.4,1.6,1.5,1.6,1.5,1.6,1.4,1.5,1.2,1.5,1.5,1.1,1.1
6256167476,02120769,07/27/2014,1.2,1.2,0.8,1.3,0.8,1.1,0.8,0.8,1.1,0.8,1.1,0.8,1.1,0.8,1.2,1.2,1.5,1.6,1.7,1.5,1.6,1.5,1.5,1.5,1.8,1.3,1.4,1.4,1.3,1.5,1.2,1.6,1.0,1.6,1.6,1.7,1.6,1.6,1.4,1.7,1.5,1.5,1.4,1.5,1.1,1.5,1.1,1.3
6256167476,02120769,07/26/2014,1.2,0.8,1.3,0.7,1.1,0.8,1.1,0.8,1.2,0.8,0.7,1.1,0.8,1.2,1.2,1.2,1.5,1.5,1.7,1.7,1.6,1.5,1.2,1.6,1.6,1.1,1.6,1.2,1.1,1.5,1.2,1.2,1.5,1.7,1.1,1.6,1.1,1.5,1.2,1.4,1.2,1.2,1.5,1.1,1.2,1.0,1.2,1.2
6256167476,02120769,07/25/2014,0.7,1.2,0.8,1.2,0.8,1.3,0.8,1.1,0.8,1.1,0.8,1.1,1.5,1.6,1.6,1.6,1.6,1.6,1.6,1.8,1.1,1.1,1.5,1.2,1.6,1.2,1.0,1.2,1.2,1.2,1.0,1.2,1.2,1.0,1.3,1.7,1.0,1.5,1.2,1.1,1.5,1.2,1.3,1.5,1.2,1.2,1.2,1.2
6256167476,02120769,07/24/2014,1.1,1.1,0.8,1.1,0.7,1.1,0.8,1.4,0.7,0.8,1.1,1.2,1.2,1.6,1.7,2.0,1.7,1.5,1.6,1.6,1.2,1.6,1.4,1.1,1.4,1.2,1.2,1.2,1.1,1.2,1.1,1.5,1.2,1.2,1.2,1.5,1.1,1.6,1.2,1.9,1.2,1.6,1.3,1.5,1.2,1.5,1.1,1.3
6256167476,02120769,07/23/2014,1.4,0.8,1.0,0.8,0.9,1.1,0.8,0.8,1.2,0.8,1.1,1.2,1.1,1.6,1.6,1.8,1.5,1.5,1.5,1.3,1.4,1.1,1.2,1.1,1.6,1.0,1.2,1.0,1.1,1.0,1.1,1.1,1.0,1.2,1.1,1.4,1.4,1.7,1.0,1.7,1.5,1.6,1.2,1.5,1.6,1.1,1.2,1.2
6256167476,02120769,07/22/2014,0.8,1.2,0.8,1.1,0.8,1.2,0.8,0.8,1.2,0.8,1.1,1.1,1.2,1.6,1.8,1.8,1.7,1.6,1.1,1.2,1.2,1.2,1.3,1.2,1.2,1.1,1.1,1.1,1.1,1.1,1.4,1.4,1.2,1.2,1.1,1.2,1.2,1.5,1.1,1.6,1.6,1.6,1.2,1.5,1.1,1.2,1.2,1.2
6256167476,02120769,07/21/2014,1.1,0.9,1.3,0.9,0.9,0.8,1.1,0.8,0.6,1.1,0.8,1.2,1.6,1.3,2.0,1.6,1.9,1.2,1.7,1.2,1.6,1.2,1.1,1.2,1.2,1.2,1.2,1.1,1.2,1.2,1.2,1.3,1.2,1.2,1.1,1.5,1.2,1.7,1.6,1.2,1.7,1.5,1.2,1.6,1.2,1.5,1.2,1.4
6256167476,02120769,07/20/2014,1.2,1.2,0.8,1.1,0.8,1.4,0.8,0.7,0.8,1.1,0.8,1.1,0.8,1.1,1.0,1.4,1.2,1.6,1.7,1.7,1.6,1.6,1.6,1.4,1.4,1.6,1.1,1.5,1.2,1.2,1.6,1.2,1.6,1.5,1.2,1.8,1.2,1.6,1.6,1.4,1.5,1.6,1.6,1.5,1.2,1.5,1.1,1.2
6256167476,02120769,07/19/2014,0.9,1.0,0.8,1.1,1.1,0.9,1.1,0.8,1.0,1.1,0.8,1.1,0.9,1.0,1.6,1.2,1.5,1.3,1.6,1.5,1.7,1.4,1.7,1.4,1.5,1.5,1.2,1.6,1.2,1.4,1.2,1.5,1.2,1.5,1.5,1.2,1.6,1.2,1.6,1.2,1.6,1.2,1.5,1.2,1.2,1.2,1.2,1.2
6256167476,02120769,07/18/2014,1.1,0.8,1.1,0.8,1.2,0.8,0.8,1.1,0.8,0.9,1.1,1.1,1.2,1.7,2.0,1.6,1.6,1.6,1.6,1.2,1.6,1.2,1.5,1.2,1.2,1.3,1.5,1.0,1.2,0.8,1.0,1.2,1.2,1.1,1.5,1.2,1.6,1.1,1.3,1.5,1.5,1.6,1.2,1.2,1.5,1.2,1.2,1.2
6256167476,02120769,07/17/2014,1.1,1.0,1.1,0.8,0.8,1.2,0.8,0.8,1.1,0.8,1.1,1.2,1.2,1.6,2.2,1.6,1.6,1.6,1.6,1.1,1.6,1.1,1.1,1.2,1.2,1.2,1.1,1.1,1.2,1.4,1.1,1.1,1.2,1.2,1.2,1.1,1.6,1.2,1.6,1.1,1.6,1.3,1.4,1.2,1.7,1.3,1.2,1.2
6256167476,02120769,07/16/2014,1.0,1.2,0.8,1.2,1.0,0.8,1.1,0.8,1.0,0.8,1.1,1.0,1.3,1.4,2.1,1.7,1.5,1.7,1.7,1.3,1.5,1.1,1.6,1.1,1.2,2.1,1.1,1.1,1.2,1.2,1.2,1.1,1.2,1.2,1.4,1.6,1.2,1.4,1.2,1.6,1.4,1.4,1.6,1.2,1.6,1.5,1.2,1.1
6256167476,02120769,07/15/2014,0.8,1.2,0.8,1.3,0.8,1.2,0.8,1.1,0.8,1.1,0.8,1.5,1.2,1.6,2.0,1.5,1.7,1.6,1.6,1.3,1.6,1.1,1.2,1.2,1.1,1.2,1.1,1.4,1.1,1.1,1.6,1.2,1.5,1.2,1.1,1.4,1.1,1.8,1.6,1.6,2.2,1.7,1.6,1.6,1.6,1.2,1.6,1.0
6256167476,02120769,07/14/2014,1.2,1.1,0.8,1.2,0.8,0.8,1.1,0.8,0.8,1.1,1.1,1.1,1.2,1.7,1.8,2.1,1.6,1.5,1.2,1.6,1.6,1.5,1.1,1.5,1.2,1.1,1.6,1.2,1.4,1.2,1.5,1.1,1.1,1.4,1.5,1.2,1.5,1.6,1.6,1.6,1.4,1.3,1.6,1.2,1.6,1.1,1.5,1.2
6256167476,02120769,07/13/2014,1.2,1.2,0.8,1.1,1.1,0.8,1.1,1.0,0.8,1.2,0.8,1.2,0.8,1.2,1.2,1.1,1.6,1.6,1.6,1.7,1.6,1.5,1.6,1.6,1.5,1.3,1.5,1.6,1.5,1.5,1.1,1.5,1.6,1.1,1.6,1.1,1.6,1.4,2.0,1.5,1.4,1.5,1.4,1.6,1.2,1.7,1.2,1.2
6256167476,02120769,07/12/2014,1.2,1.2,0.8,1.2,0.8,1.4,0.8,0.8,1.2,0.8,1.2,0.8,1.2,0.8,1.5,1.2,1.6,1.6,1.6,1.6,1.8,1.6,1.6,1.5,1.2,1.6,1.1,1.6,1.1,1.6,1.1,1.6,1.1,1.1,1.6,1.5,1.2,1.4,1.4,1.6,1.1,1.5,1.2,1.2,1.1,1.6,1.0,1.2
6256167476,02120769,07/11/2014,1.1,1.2,0.8,1.1,0.8,0.8,1.2,0.8,0.7,1.1,1.1,1.2,1.3,1.6,1.7,1.7,1.7,1.6,1.6,1.3,1.6,1.5,1.7,1.2,1.2,1.2,1.5,1.2,1.2,1.1,1.2,1.4,1.2,1.3,1.4,1.4,1.1,1.2,1.7,1.6,1.2,1.2,1.2,1.5,1.1,1.2,1.2,1.2
6256167476,02120769,07/10/2014,1.2,1.0,0.8,0.8,1.2,0.8,0.9,1.1,0.8,0.8,1.2,1.1,1.2,1.6,1.7,2.1,1.5,1.2,1.8,1.2,1.4,1.2,1.2,1.2,1.1,1.5,1.2,1.1,1.2,1.1,1.2,1.1,1.2,1.4,1.1,1.2,1.5,1.2,2.2,1.7,1.5,1.5,1.2,1.6,1.5,1.1,1.4,1.2
6256167476,02120769,07/09/2014,1.2,0.7,1.1,1.0,0.8,1.2,0.8,1.0,0.8,1.1,0.7,1.6,1.3,1.6,1.7,2.1,1.2,1.6,1.6,1.2,1.5,1.2,1.6,1.1,1.2,1.2,1.3,1.2,1.1,1.2,1.1,1.2,1.1,1.2,1.2,1.5,1.2,1.7,1.2,1.6,1.5,1.4,1.6,1.2,1.5,1.3,1.2,1.1
6256167476,02120769,07/08/2014,1.1,0.8,1.1,0.8,0.7,1.1,0.8,0.7,1.2,0.7,0.8,1.3,1.6,1.7,1.6,1.7,1.7,1.5,1.7,1.1,1.2,1.1,1.2,1.2,1.1,1.2,1.1,1.1,1.2,1.1,1.4,1.1,1.1,1.1,1.1,1.6,1.1,1.1,1.6,1.7,1.6,1.7,1.5,1.5,1.3,1.4,1.0,1.3
6256167476,02120769,07/07/2014,1.1,0.8,1.2,0.7,1.2,0.8,0.8,1.1,0.8,1.4,0.7,1.2,1.1,1.6,1.8,1.9,1.7,1.3,1.6,1.5,1.6,1.2,1.1,1.8,1.3,1.1,1.2,1.1,1.6,0.8,1.2,1.3,1.2,1.2,1.1,1.2,1.1,1.6,1.2,1.7,1.5,1.1,1.6,1.3,1.6,1.1,1.2,1.1
6256167476,02120769,07/06/2014,0.9,1.2,1.1,0.8,0.7,1.1,0.8,1.0,0.8,0.8,0.8,1.1,1.0,1.1,1.1,1.5,1.2,1.6,1.4,1.6,1.7,1.6,1.5,1.2,1.7,1.8,1.1,1.6,1.2,1.4,1.2,1.2,1.5,1.1,1.6,1.3,1.5,1.5,1.6,1.1,1.6,1.5,1.5,1.5,1.4,1.3,1.1,1.2
6256167476,02120769,07/05/2014,1.2,1.1,0.8,1.1,0.9,1.1,0.8,1.1,0.8,1.0,1.1,0.8,1.2,1.1,1.1,1.2,1.6,1.4,1.6,1.7,1.2,1.8,1.5,1.2,1.6,1.2,1.1,1.6,1.2,1.6,1.2,1.2,1.5,1.1,1.2,1.1,1.4,1.6,1.1,1.6,1.1,1.2,1.2,1.5,1.2,1.2,1.0,1.2
6256167476,02120769,07/04/2014,1.1,1.1,0.8,1.1,1.2,1.2,0.9,0.8,1.2,0.8,1.1,0.8,1.1,1.1,1.2,1.1,1.5,1.5,1.5,1.7,1.5,2.0,1.4,1.4,1.5,1.6,1.6,1.2,1.5,1.2,1.3,1.6,1.6,1.3,1.5,1.2,1.3,1.5,1.1,1.5,1.2,1.6,1.1,1.2,1.2,1.2,1.7,1.1
6256167476,02120769,07/03/2014,1.0,1.2,0.8,1.1,0.8,1.1,0.8,0.8,1.1,0.8,0.9,1.3,1.2,1.8,1.8,1.3,1.8,1.7,1.7,1.3,1.6,1.3,1.1,1.2,1.6,1.3,1.3,1.2,1.2,1.2,1.1,1.2,1.2,1.2,1.3,1.3,1.4,1.2,1.3,1.6,1.3,1.6,1.2,1.4,1.2,1.4,1.1,1.1
6256167476,02120769,07/02/2014,1.1,0.8,1.3,0.8,1.1,0.8,0.7,1.2,0.7,1.2,0.8,1.1,1.2,1.6,1.7,1.6,1.7,1.2,1.6,1.2,1.8,1.2,1.1,1.1,1.2,1.1,1.2,1.1,1.5,1.2,1.1,1.2,1.2,1.1,1.1,1.2,1.3,1.4,1.3,1.6,1.2,1.4,1.4,1.5,1.2,1.2,1.1,1.3
6256167476,02120769,07/01/2014,0.7,1.2,0.7,1.2,0.8,1.1,0.8,0.7,0.8,1.1,0.8,1.0,1.8,1.3,1.9,1.6,1.7,1.1,1.6,1.6,1.1,1.7,1.2,1.1,1.2,1.1,1.2,1.1,1.6,1.3,1.2,1.1,1.2,1.1,1.1,1.3,1.2,1.2,1.5,1.6,1.2,1.6,1.1,1.6,1.1,1.2,1.1,1.2
6256167476,02120769,06/30/2014,1.2,1.2,1.0,1.2,1.0,1.0,1.2,1.0,1.4,0.8,1.0,1.4,1.2,2.0,1.8,1.7,1.8,1.8,1.8,1.2,1.8,1.4,1.2,1.8,1.3,1.4,1.3,1.2,1.3,1.1,1.3,1.1,1.2,1.1,1.4,1.1,1.5,1.1,1.7,1.5,1.3,1.4,1.4,1.1,1.4,1.3,1.4,1.2
6256167476,02120769,06/29/2014,1.3,1.4,1.0,1.3,1.2,1.0,1.3,0.9,1.0,1.4,0.8,1.4,1.0,1.3,1.3,1.4,2.1,1.7,1.5,1.9,2.0,1.7,1.9,1.8,1.4,1.5,1.6,1.4,1.8,1.3,1.4,1.4,1.8,1.3,1.8,1.3,1.5,1.5,1.8,1.3,1.8,1.4,1.7,1.4,1.7,1.3,1.2,1.4
6256167476,02120769,06/28/2014,1.0,1.3,1.0,1.3,0.9,1.0,1.3,0.8,1.0,1.6,0.8,1.0,1.4,1.3,1.3,1.4,1.4,1.8,1.8,1.8,2.0,2.0,1.5,1.8,1.4,2.0,1.3,1.8,1.3,1.4,1.3,1.4,1.3,1.4,1.3,1.9,1.3,1.9,1.5,1.5,1.7,1.4,1.4,1.2,1.8,0.8,1.4,1.4
6256167476,02120769,06/27/2014,1.2,0.8,0.8,1.2,0.8,1.2,0.8,0.8,1.2,0.8,1.2,1.2,1.3,1.7,1.8,1.8,1.8,1.7,1.7,1.3,1.7,1.5,1.5,1.7,1.4,1.3,1.4,1.4,1.3,1.6,1.2,1.3,1.3,1.4,1.3,1.9,1.4,1.8,1.5,1.9,1.4,1.6,1.4,1.3,1.4,1.9,1.3,1.4
6256167476,02120769,06/26/2014,0.8,1.2,0.8,1.2,0.8,1.2,0.8,0.8,1.2,0.8,1.4,1.2,1.2,1.8,1.8,1.7,1.9,1.6,1.5,1.7,1.2,1.2,1.3,1.6,1.1,1.2,1.4,1.2,1.1,1.2,1.3,1.1,1.2,1.2,1.1,1.2,1.7,1.2,1.2,1.7,1.3,1.6,1.3,1.3,1.6,1.4,1.3,1.2
6256167476,02120769,06/25/2014,0.8,1.2,0.8,1.1,0.8,1.2,0.7,1.3,0.8,0.9,1.1,1.2,1.6,1.6,1.9,2.0,1.7,1.6,1.6,1.2,1.5,1.1,1.2,1.8,1.0,1.2,1.2,1.0,1.6,1.1,1.2,1.0,1.2,1.2,1.0,1.1,1.5,1.1,1.6,1.6,1.5,1.6,1.4,1.6,2.0,1.3,1.2,1.5
6256167476,02120769,06/24/2014,0.8,1.2,0.8,1.2,0.8,1.1,0.8,0.8,1.2,1.0,1.1,1.1,1.5,1.9,1.7,1.8,2.0,1.4,1.4,1.4,1.3,1.4,1.4,1.1,1.1,1.4,1.0,1.1,1.2,1.1,1.2,1.2,1.1,1.5,1.3,1.1,1.5,1.5,1.7,1.8,1.6,1.6,1.5,1.1,1.6,1.2,1.1,1.6
6256167476,02120769,06/23/2014,1.2,1.2,0.8,0.8,1.1,0.8,1.2,0.8,0.8,1.2,0.8,1.1,1.8,1.6,2.1,1.7,1.7,1.6,1.3,1.5,1.2,1.4,1.4,1.1,1.4,1.4,1.4,1.1,1.2,1.2,1.1,1.5,1.4,1.2,1.1,1.2,1.2,1.6,1.3,1.6,1.7,1.6,1.4,1.7,1.4,1.2,1.5,1.2
6256167476,02120769,06/22/2014,1.2,1.2,1.2,0.8,1.0,1.2,0.8,0.9,1.1,0.8,1.1,0.8,1.1,1.2,1.1,1.1,1.5,1.5,1.7,1.7,1.7,1.7,2.2,1.7,1.4,1.7,1.5,1.2,1.6,1.3,1.6,1.2,1.6,1.4,1.2,1.7,1.7,1.3,1.7,1.7,1.7,1.7,1.6,1.3,1.7,1.2,1.2,1.2
6256167476,02120769,06/21/2014,1.2,1.2,0.8,1.2,0.9,1.3,1.2,0.8,1.2,0.8,1.2,0.9,1.3,1.1,1.1,1.6,1.6,1.6,1.6,1.8,2.1,1.7,1.6,1.6,1.6,1.8,1.6,1.2,1.4,1.2,1.5,1.2,1.6,1.1,1.6,1.6,1.2,1.5,1.2,1.9,1.1,1.4,1.4,1.2,1.2,1.2,1.2,1.2
6256167476,02120769,06/20/2014,0.8,1.2,0.8,1.2,0.8,1.2,0.8,0.8,1.1,0.9,1.2,1.1,1.2,1.6,2.3,1.9,1.8,1.5,1.6,1.6,1.2,1.6,1.2,1.2,1.6,1.2,1.2,1.1,1.4,1.6,1.2,1.2,1.4,1.3,1.2,1.6,1.1,1.6,1.5,1.4,1.7,1.5,1.3,1.6,1.2,1.8,1.2,1.2
6256167476,02120769,06/19/2014,1.2,1.2,0.8,1.2,1.1,0.8,1.1,0.8,1.0,0.9,1.1,1.0,1.5,1.9,2.2,1.7,1.7,1.6,1.7,1.3,1.4,1.2,1.2,1.2,1.3,1.3,1.2,1.2,1.2,1.1,1.2,1.4,1.2,1.2,1.3,1.4,1.6,1.3,1.6,1.6,1.6,1.2,1.6,1.3,1.5,1.2,1.6,1.4
6256167476,02120769,06/18/2014,1.2,0.8,1.0,1.4,0.8,0.8,1.2,0.8,1.2,0.8,1.1,1.2,1.2,2.1,1.7,1.7,1.6,1.6,1.6,1.2,1.1,1.3,1.2,1.5,1.2,1.1,1.2,1.5,1.1,1.2,1.1,1.2,1.0,1.2,1.1,1.4,1.2,1.5,1.6,1.3,1.5,1.5,1.6,1.3,1.6,1.6,1.1,1.2
6256167476,02120769,06/17/2014,1.2,1.1,0.8,1.2,0.8,0.8,1.2,0.8,0.8,1.3,0.8,1.2,1.6,1.9,2.1,1.7,1.7,1.6,1.2,1.6,1.2,1.2,1.5,1.1,1.2,1.1,1.2,1.1,1.2,1.1,1.2,1.2,1.1,1.2,1.3,1.4,1.1,1.5,1.5,1.3,1.6,1.3,1.4,1.6,1.2,1.5,1.2,1.2
6256167476,02120769,06/16/2014,1.1,1.4,1.2,0.8,1.2,0.8,0.8,1.2,0.8,1.2,0.8,1.2,1.6,1.7,2.4,1.6,1.8,1.5,1.6,1.6,1.2,1.6,1.2,1.2,1.1,1.2,1.1,1.6,1.4,1.1,1.2,1.1,1.2,1.1,1.1,1.2,1.5,1.3,1.6,1.6,1.6,1.2,1.5,1.6,1.2,1.4,1.4,0.9
6256167476,02120769,06/15/2014,1.0,1.0,1.1,0.8,1.2,0.8,1.0,1.1,0.8,1.0,1.2,0.8,1.0,1.2,1.2,1.6,1.1,1.6,1.7,1.9,1.7,1.8,1.6,1.6,1.7,1.5,1.2,1.6,1.2,1.6,1.4,1.5,1.5,1.3,1.6,1.8,1.5,1.2,1.7,1.6,1.8,1.6,1.6,1.6,1.5,1.4,1.2,1.2
6256167476,02120769,06/14/2014,1.2,1.2,1.1,0.8,1.0,1.0,1.2,0.9,1.0,0.8,1.1,1.2,0.9,1.5,1.0,1.7,1.5,1.7,1.9,1.7,1.9,1.7,1.5,1.5,1.5,1.6,1.3,1.5,1.6,1.2,1.6,1.4,1.2,1.5,1.5,1.6,1.5,1.2,1.4,1.5,1.5,1.5,1.6,1.0,1.4,1.5,1.4,1.2
6256167476,02120769,06/13/2014,1.2,1.2,1.2,0.8,1.1,0.7,1.2,0.8,1.2,0.8,1.2,1.1,1.4,1.8,1.9,1.6,2.0,1.5,1.6,1.2,1.5,1.3,1.6,1.2,1.5,1.2,1.4,1.4,1.8,1.2,1.1,1.6,1.2,1.5,1.2,1.2,1.7,1.2,1.6,1.7,1.5,1.6,1.2,1.6,1.2,1.2,1.5,0.9
6256167476,02120769,06/12/2014,1.0,1.2,0.8,1.1,0.8,1.2,0.9,1.1,0.7,1.1,0.8,1.2,1.6,1.9,1.8,2.1,1.5,1.5,1.3,1.6,1.2,1.8,1.2,1.2,1.2,1.2,1.2,1.1,1.1,1.5,1.2,1.2,1.2,1.2,1.8,1.2,1.5,1.6,1.5,1.7,1.5,1.6,1.5,1.5,1.5,1.2,1.2,1.2
6256167476,02120769,06/11/2014,1.1,0.8,1.2,1.4,0.8,1.2,0.8,1.2,0.8,1.2,1.2,1.2,1.7,1.6,1.9,1.8,1.9,1.8,1.5,1.2,1.5,1.3,1.2,1.6,1.0,1.2,1.3,1.3,1.2,1.2,1.1,1.2,1.3,1.5,1.2,1.2,1.5,1.3,1.8,1.7,1.6,1.8,1.7,1.6,1.2,1.6,1.2,1.2
6256167476,02120769,06/10/2014,0.8,1.2,0.7,1.2,0.8,1.2,1.0,1.1,0.8,1.1,0.8,1.2,1.7,1.7,2.0,2.1,1.7,1.7,1.2,1.6,1.3,1.2,1.3,1.2,2.2,1.3,1.6,1.2,1.0,1.2,1.2,1.4,1.2,1.2,1.1,1.6,1.4,1.4,1.7,1.7,1.6,1.5,1.6,1.6,1.3,1.3,1.6,1.2
6256167476,02120769,06/09/2014,1.1,1.2,1.2,0.8,1.2,1.2,0.8,0.7,1.2,1.1,1.1,1.2,1.4,2.0,1.7,2.2,1.8,1.6,1.2,1.7,1.2,1.2,1.5,1.4,1.7,1.0,1.3,1.2,1.2,1.2,1.1,1.3,1.3,1.3,1.2,1.5,1.3,1.6,1.6,1.8,1.3,1.5,1.6,1.2,1.5,1.1,1.5,1.2
6256167476,02120769,06/08/2014,1.3,0.8,1.2,0.8,1.0,0.7,1.2,0.8,0.8,0.8,1.1,0.8,1.1,1.4,1.2,1.5,1.7,1.5,1.2,1.7,1.8,1.4,1.7,1.6,1.6,1.2,1.7,1.2,1.6,1.1,1.7,1.2,1.5,1.3,1.5,1.6,1.4,1.4,1.8,1.9,1.5,1.5,1.6,1.7,1.4,1.2,1.2,1.5
6256167476,02120769,06/07/2014,1.1,1.0,1.2,0.7,0.9,1.2,0.8,1.0,1.2,0.7,0.8,1.1,1.1,1.1,1.2,1.6,1.5,1.5,1.4,1.9,1.8,1.2,1.6,1.5,1.7,1.1,1.6,1.3,1.3,1.4,1.2,1.6,1.7,1.2,1.5,1.5,1.5,1.5,1.7,1.5,1.3,1.4,1.3,1.3,1.5,1.2,1.2,1.2
6256167476,02120769,06/06/2014,1.2,0.8,1.1,1.0,0.9,1.0,0.8,1.1,0.8,0.9,1.0,1.2,1.6,1.6,1.9,1.8,1.7,1.7,1.6,1.1,1.6,1.0,1.3,1.1,1.0,1.1,1.3,1.4,1.1,1.2,1.3,1.1,1.4,1.5,1.2,1.1,1.5,1.5,1.6,1.3,1.3,1.6,1.5,1.5,1.4,1.3,1.1,1.2
6256167476,02120769,06/05/2014,1.1,1.2,0.9,1.2,0.7,1.2,0.9,0.8,1.1,0.9,1.2,1.2,1.4,1.7,2.0,2.0,1.8,1.5,1.3,1.5,1.2,1.2,1.4,1.3,1.1,1.2,1.3,1.4,1.1,1.2,1.0,1.2,1.2,1.1,1.2,1.3,1.2,1.8,1.5,1.3,1.6,1.5,1.6,1.2,1.1,1.7,1.2,1.2
6256167476,02120769,06/04/2014,1.2,1.1,0.9,1.2,0.9,0.7,1.2,0.8,1.2,0.7,1.2,1.2,1.0,2.1,2.1,1.7,1.7,1.7,1.1,1.6,1.2,1.5,1.2,1.3,1.3,1.2,0.9,1.2,1.0,1.3,1.3,1.2,1.0,1.2,1.1,1.6,1.3,1.3,1.5,1.7,1.5,1.3,1.7,1.8,1.7,1.6,1.2,1.2
6256167476,02120769,06/03/2014,1.1,1.1,0.7,1.2,0.7,0.8,1.1,0.7,1.1,1.0,1.2,1.1,1.2,2.0,1.5,2.2,1.5,1.7,1.0,1.7,1.0,1.2,1.4,1.0,1.2,1.0,1.3,1.6,1.0,1.2,1.2,0.9,1.1,1.4,1.1,1.3,1.8,1.3,1.4,1.5,1.7,1.6,1.3,1.5,1.6,1.2,1.1,1.3
6256167476,02120769,06/02/2014,1.1,1.1,0.8,1.1,1.0,1.0,1.2,0.7,1.2,0.8,1.1,1.1,1.7,1.6,2.1,1.8,1.6,1.7,1.5,1.5,1.2,1.3,1.2,1.5,1.0,1.5,1.1,1.2,1.1,1.4,1.4,1.1,1.2,1.1,1.4,1.2,1.5,1.5,1.5,1.7,1.5,1.6,1.6,1.5,1.5,1.5,1.1,1.2
6256167476,02120769,06/01/2014,1.1,0.7,1.1,1.1,0.8,1.3,0.8,0.9,0.8,1.1,0.6,1.2,1.0,1.2,1.5,1.0,2.0,1.6,1.8,1.8,1.8,1.7,1.2,1.7,1.6,1.6,1.1,1.6,1.5,1.2,1.6,1.4,1.6,1.6,1.4,1.3,1.5,1.7,1.9,1.7,1.6,1.9,1.6,1.4,1.6,1.3,1.3,1.2
6256167476,02120769,05/31/2014,1.2,1.2,0.9,1.4,1.0,0.8,1.1,0.6,1.1,1.1,0.8,0.9,1.1,1.4,1.0,1.8,1.2,1.5,2.0,1.5,1.7,1.6,1.6,1.6,1.6,1.4,1.7,1.3,1.6,1.2,1.2,1.5,1.2,1.4,1.7,1.4,1.5,1.6,1.5,1.2,1.7,1.8,1.3,1.5,1.2,1.1,1.2,1.4
6256167476,02120769,05/30/2014,0.9,1.1,1.0,0.8,1.3,0.7,1.0,0.8,0.9,0.8,1.1,1.0,1.5,1.5,2.0,1.7,1.7,1.9,1.3,1.4,1.5,1.4,1.6,1.1,1.1,1.1,1.2,1.6,1.2,1.2,1.0,1.2,1.0,1.3,1.5,1.0,1.7,1.2,1.4,1.6,1.1,1.3,1.5,1.1,1.5,1.2,1.1,1.0
6256167476,02120769,05/29/2014,1.2,1.1,1.3,1.1,1.1,1.5,1.0,1.3,0.9,1.4,0.8,1.7,1.8,1.6,2.2,1.9,2.1,1.9,1.6,1.7,1.2,1.9,1.1,1.6,1.0,1.2,1.5,1.2,1.0,1.4,1.1,1.4,1.1,1.4,1.1,1.5,1.1,1.4,1.5,1.4,1.8,1.3,1.5,1.4,1.3,1.2,1.2,1.2
6256167476,02120769,05/28/2014,1.2,1.2,0.8,1.2,0.7,1.2,0.9,0.8,1.0,0.9,1.2,1.1,1.8,1.9,1.6,2.3,1.5,1.5,1.7,1.1,1.5,1.6,1.1,1.2,1.6,1.2,1.2,1.2,1.1,1.2,1.0,1.2,1.1,1.4,1.8,1.2,1.8,1.2,1.9,1.6,1.8,2.0,1.8,1.7,1.3,1.8,1.4,1.4
6256167476,02120769,05/27/2014,1.2,1.2,0.7,1.2,0.8,0.8,1.4,0.8,1.1,0.8,1.2,1.1,1.4,1.8,2.0,1.6,1.7,1.6,1.8,1.6,1.3,1.6,1.1,1.3,1.1,1.6,1.1,1.3,1.1,1.2,1.0,1.1,1.7,1.1,1.4,1.1,1.7,1.5,2.0,2.1,1.6,1.6,1.2,1.6,1.6,1.2,1.5,0.9
6256167476,02120769,05/26/2014,1.2,1.4,1.2,0.9,0.7,1.2,0.8,1.2,0.8,1.1,0.7,1.1,1.2,1.0,1.5,1.1,1.5,1.6,1.5,1.6,2.1,1.4,1.7,1.4,1.7,1.6,1.8,1.2,1.4,1.6,1.3,1.5,1.4,1.7,1.4,1.4,1.4,1.8,1.8,1.7,1.5,1.7,1.7,1.7,1.6,1.1,1.3,1.2
6256167476,02120769,05/25/2014,1.2,0.8,1.3,0.7,1.2,0.6,1.0,1.2,0.6,1.3,0.8,1.0,1.0,1.2,1.2,1.1,1.4,1.4,1.8,1.6,1.5,1.7,1.9,1.5,1.3,1.5,1.2,1.5,1.5,1.3,1.0,1.7,1.1,1.2,1.6,1.1,1.5,1.3,1.5,1.3,1.2,1.6,1.2,1.1,1.5,1.2,1.2,1.2
6256167476,02120769,05/24/2014,1.2,0.8,1.1,0.6,1.3,0.6,0.9,1.1,0.8,1.2,0.8,0.8,1.2,1.1,1.3,1.2,1.7,1.3,1.5,1.8,1.3,1.7,1.8,1.2,1.6,1.3,1.6,1.1,1.2,1.2,1.5,1.2,1.2,1.5,1.4,1.1,1.6,1.6,1.5,1.3,1.4,1.4,1.2,1.2,1.1,1.4,1.3,1.2
6256167476,02120769,05/23/2014,0.9,1.3,0.8,1.1,0.9,1.2,0.7,0.8,1.2,0.9,1.2,1.3,1.2,1.8,1.6,2.1,1.5,1.5,1.8,1.2,1.2,1.9,1.3,1.2,1.2,1.1,1.6,1.2,1.1,1.3,1.2,1.1,1.4,1.3,1.6,1.3,1.8,1.1,1.3,1.3,1.5,1.2,1.3,1.3,1.3,1.2,1.2,1.4
6256167476,02120769,05/22/2014,1.0,0.9,1.2,0.7,0.9,1.2,1.0,0.8,1.1,0.8,0.8,1.2,1.5,1.8,2.2,1.6,1.7,1.6,1.8,1.1,1.6,1.1,1.6,1.4,1.1,1.3,1.1,1.2,1.2,1.2,1.3,1.3,1.3,1.2,1.3,1.2,1.2,1.7,1.3,1.9,1.5,1.3,1.8,1.1,1.3,2.0,1.2,1.1
6256167476,02120769,05/21/2014,0.8,1.1,0.8,1.1,0.8,1.1,0.9,0.9,1.2,0.8,1.2,1.0,1.6,1.7,2.1,2.0,1.6,1.4,1.8,1.5,1.4,1.4,1.8,1.2,1.3,1.1,1.2,1.1,1.5,1.2,1.0,1.0,1.0,1.0,1.0,1.1,1.1,1.6,1.6,1.1,1.7,1.4,1.5,1.6,1.1,1.7,1.0,1.3
6256167476,02120769,05/20/2014,1.5,1.7,1.1,1.2,1.3,1.2,1.5,1.1,1.4,1.5,1.0,1.5,1.9,2.1,2.2,2.1,2.2,1.7,2.1,1.9,1.4,1.5,1.5,1.5,1.7,1.7,1.6,1.5,1.2,1.5,1.9,1.6,1.9,1.4,1.8,1.9,1.7,2.3,1.8,2.2,2.1,2.2,1.9,2.1,1.8,2.1,1.7,1.5
6256167476,02120769,05/19/2014,0.9,1.1,0.8,1.2,0.8,1.2,0.7,1.1,0.8,0.8,1.0,1.2,1.5,1.8,2.4,1.9,2.3,2.0,2.4,2.4,1.9,1.9,1.9,2.1,1.9,1.9,1.8,1.7,1.7,1.7,1.7,1.6,1.8,1.6,1.8,2.1,1.7,1.8,2.0,2.2,2.2,2.1,1.7,2.1,1.7,1.9,1.9,1.5
6256167476,02120769,05/18/2014,1.1,1.0,1.1,0.8,1.1,0.9,0.9,0.9,1.2,0.8,1.1,1.1,0.8,1.1,1.6,1.1,1.6,1.5,2.1,1.9,1.6,1.9,1.7,1.6,1.3,1.6,1.6,1.0,1.6,1.4,1.2,1.6,1.1,1.6,1.2,1.6,1.2,1.7,1.5,1.5,1.8,1.7,1.6,1.2,1.5,1.2,1.2,1.2
6256167476,02120769,05/17/2014,1.2,1.1,1.1,0.8,1.2,0.7,1.1,0.8,1.1,1.0,1.2,0.6,1.2,1.2,1.5,1.4,1.6,1.6,1.6,1.9,1.9,1.6,2.0,1.4,1.3,1.4,1.5,1.2,1.6,1.3,1.4,1.2,1.5,1.5,1.5,1.3,1.3,1.5,1.3,1.5,1.5,1.4,1.7,1.1,1.7,1.0,1.1,1.1
6256167476,02120769,05/16/2014,0.8,0.9,1.1,1.0,1.1,1.0,0.8,1.3,1.0,0.9,1.3,1.4,2.0,2.2,1.9,2.2,1.6,1.7,1.6,1.4,1.8,1.1,1.6,1.2,1.5,1.1,1.1,1.2,1.1,1.1,1.0,1.5,1.2,1.3,1.3,1.4,1.6,1.0,1.6,1.2,1.6,1.1,1.6,1.2,1.3,1.2,1.3,1.2
6256167476,02120769,05/15/2014,1.0,1.2,1.1,0.8,0.8,1.0,0.8,1.2,0.7,1.1,0.8,1.1,1.6,2.2,1.8,1.8,1.8,1.4,1.6,1.2,1.5,1.1,1.5,1.1,1.6,1.3,1.3,1.3,1.3,1.2,1.2,1.2,1.3,1.1,1.3,1.5,1.3,1.5,2.0,1.4,1.6,1.7,1.4,1.4,1.2,1.6,1.2,1.4
6256167476,02120769,05/14/2014,1.2,1.2,0.8,1.1,0.8,1.0,0.8,1.3,0.9,1.1,0.9,1.2,1.6,1.5,2.1,2.0,1.5,1.4,1.5,1.7,1.5,1.3,1.5,1.3,1.1,1.1,1.2,1.2,1.2,0.9,1.2,1.0,1.5,1.1,1.0,1.4,1.3,1.4,1.9,1.3,1.6,1.5,1.4,1.6,1.2,1.2,1.3,1.2
6256167476,02120769,05/13/2014,0.9,1.2,0.9,1.0,1.3,0.9,0.9,1.3,0.9,1.3,0.8,1.3,2.0,1.7,2.2,1.7,1.6,1.5,1.2,1.6,1.1,1.2,1.2,1.5,1.4,1.5,1.3,1.4,1.4,1.3,1.4,1.3,1.4,1.3,1.4,1.7,1.4,1.3,2.1,1.6,1.8,1.8,1.4,1.7,1.1,1.4,1.4,0.8
6256167476,02120769,05/12/2014,0.9,1.2,1.2,0.9,1.3,0.9,0.9,1.2,1.3,0.8,1.2,1.3,1.6,1.7,2.1,2.1,1.5,2.0,1.6,1.5,1.4,1.6,1.5,1.2,1.1,1.5,1.3,1.2,1.2,1.1,1.3,1.2,1.2,1.8,1.2,1.2,1.4,1.6,1.7,1.6,1.7,2.0,1.5,1.5,1.3,1.6,1.2,1.4
6256167476,02120769,05/11/2014,1.2,1.3,1.3,0.8,1.3,0.9,1.4,0.8,1.3,0.8,0.9,1.0,1.3,1.0,1.5,1.3,1.8,1.3,2.0,2.0,2.0,1.6,1.4,1.7,1.7,1.3,1.6,1.3,1.3,1.7,1.5,1.5,1.4,1.5,1.5,1.3,1.6,1.7,1.8,1.7,1.7,1.7,1.7,1.4,1.8,1.2,1.5,1.3
6256167476,02120769,05/10/2014,0.9,1.2,1.1,0.8,1.3,0.8,1.1,1.3,0.7,1.3,0.9,1.0,1.2,1.3,1.1,1.5,1.7,1.8,1.8,1.5,1.9,1.4,1.6,1.7,1.8,1.3,1.7,1.2,1.7,1.3,1.5,1.2,1.6,1.3,1.7,1.4,1.6,1.2,1.8,1.3,1.7,1.7,1.4,1.4,1.3,1.2,1.2,1.5
6256167476,02120769,05/09/2014,1.2,1.2,1.2,1.0,1.3,0.9,1.3,1.4,0.8,1.3,1.2,1.2,1.6,2.1,1.8,2.3,1.7,1.7,1.9,1.6,1.3,1.5,1.6,1.1,1.2,1.3,1.5,1.2,1.1,1.7,1.1,1.4,1.4,1.3,1.3,1.8,1.3,1.3,1.7,1.3,1.6,1.3,1.8,1.3,1.3,1.4,1.4,1.3
6256167476,02120769,05/08/2014,1.2,1.1,1.4,1.4,1.7,1.3,1.7,1.5,1.5,1.9,1.4,2.1,1.9,2.5,2.5,2.4,2.3,2.4,1.8,2.3,2.1,1.7,2.2,1.7,1.2,1.1,1.4,1.1,1.2,1.3,1.8,1.0,1.2,1.3,1.3,1.5,1.3,1.7,1.6,1.8,1.7,1.6,1.5,1.9,1.3,1.7,1.4,1.4
6256167476,02120769,05/07/2014,1.2,1.1,0.8,1.0,0.8,1.1,0.8,1.3,0.8,0.8,1.2,1.2,1.7,1.7,2.2,1.8,1.7,1.8,1.4,1.5,1.4,1.7,1.6,1.6,1.5,1.6,1.7,1.8,1.4,1.4,1.4,1.4,1.4,1.4,1.4,1.9,1.7,1.7,1.8,1.7,1.8,1.5,1.6,1.4,1.7,1.5,1.1,1.4
6256167476,02120769,05/06/2014,1.1,1.2,1.2,0.8,1.2,1.2,0.8,1.2,0.8,1.2,1.1,1.2,1.7,1.7,2.5,1.7,1.7,1.6,1.6,1.6,1.3,1.2,1.5,1.4,1.6,1.3,1.3,1.1,1.1,1.4,1.4,1.2,1.2,1.3,1.3,1.6,1.2,1.6,1.6,1.6,1.6,1.6,1.6,1.2,1.6,1.3,1.1,1.1
6256167476,02120769,05/05/2014,1.5,1.1,1.5,1.4,1.5,1.2,1.5,1.2,1.5,1.1,1.5,1.5,1.8,2.2,2.5,2.0,2.3,2.0,1.8,2.0,1.6,2.0,1.6,1.7,1.2,1.7,1.2,1.2,1.2,1.2,1.6,1.3,1.6,1.4,1.2,1.6,1.2,1.6,1.6,1.7,1.6,1.4,1.9,1.9,1.2,1.5,1.2,1.2
6256167476,02120769,05/04/2014,1.5,1.5,1.0,1.5,1.2,1.5,1.1,1.4,1.2,1.4,1.5,1.1,1.4,1.5,1.9,1.8,1.8,1.9,1.9,2.5,1.9,1.9,1.9,2.1,1.9,1.6,1.9,1.6,2.1,1.6,1.7,2.0,1.6,2.1,1.5,2.1,1.7,2.2,2.1,2.2,2.1,1.9,2.0,2.0,1.7,1.9,1.6,1.5
6256167476,02120769,05/03/2014,1.5,1.5,1.5,1.3,1.6,1.1,1.6,1.3,1.3,1.5,1.1,1.5,1.6,1.8,1.5,1.7,1.9,2.4,2.2,2.0,1.9,1.9,1.9,1.9,1.7,1.9,1.6,1.7,1.8,1.9,1.4,1.6,1.9,1.7,2.0,1.5,1.7,1.8,1.9,1.9,1.4,2.0,1.6,1.6,1.5,1.6,1.8,1.6
6256167476,02120769,05/02/2014,1.5,1.2,1.5,1.2,1.6,1.1,1.6,1.3,1.7,1.5,1.6,1.7,2.1,2.4,2.4,2.2,1.9,2.3,2.0,1.7,2.0,1.8,1.6,1.5,1.9,1.6,1.6,1.5,1.6,2.1,1.7,1.6,1.4,2.0,1.5,1.6,2.0,1.6,2.0,1.6,2.1,1.8,1.8,1.6,2.0,1.6,1.6,1.6
6256167476,02120769,05/01/2014,1.2,1.2,0.8,1.2,0.8,1.2,1.2,1.2,1.0,1.2,0.8,1.2,1.7,1.8,1.9,1.9,1.7,1.6,1.6,1.2,1.2,1.6,1.2,1.2,1.2,1.5,1.1,1.4,1.2,1.2,1.2,1.2,1.2,1.2,1.5,1.1,1.2,1.8,1.6,1.5,1.2,1.7,1.6,1.6,1.5,2.0,1.5,1.6
6256167476,02120769,04/30/2014,1.3,1.2,1.7,1.6,1.5,1.6,1.3,1.6,1.2,0.9,1.1,1.3,1.7,1.7,2.3,2.0,2.0,1.6,1.7,1.4,1.5,1.6,1.6,1.6,1.3,1.9,1.2,1.5,1.2,1.7,1.1,1.5,1.2,1.6,1.6,1.5,1.6,1.6,2.2,1.5,1.5,1.5,1.6,1.2,1.6,1.2,1.2,1.4
6256167476,02120769,04/29/2014,1.4,0.8,1.2,0.9,1.1,0.8,1.1,0.8,0.8,1.3,1.1,1.1,1.4,1.9,2.0,2.1,1.7,1.6,2.0,1.8,2.2,1.8,2.2,1.8,1.9,2.0,2.1,1.8,1.4,1.1,1.1,1.1,1.4,1.1,1.5,1.5,1.1,1.6,1.5,1.6,1.6,1.6,1.6,1.7,1.9,1.6,1.2,1.2
6256167476,02120769,04/28/2014,1.6,1.4,1.6,1.6,1.2,1.1,0.8,1.1,1.1,0.8,1.4,1.2,1.4,1.8,2.2,1.7,1.6,1.7,1.6,1.7,1.4,1.5,1.1,1.2,1.3,1.4,1.1,1.5,1.1,1.4,1.1,1.3,1.1,1.4,1.1,1.4,1.1,1.6,1.6,1.9,1.8,1.6,1.1,1.7,1.4,1.2,1.2,1.2
6256167476,02120769,04/27/2014,1.6,1.3,1.9,1.3,1.6,1.2,1.7,1.2,1.6,1.2,1.7,1.5,1.7,1.7,1.7,1.9,1.4,1.7,1.9,1.8,2.2,1.5,1.7,1.4,1.6,1.6,1.4,1.2,1.6,1.4,1.5,1.4,1.6,1.4,1.4,1.4,1.8,1.6,1.5,2.1,1.4,1.7,2.3,1.7,1.7,1.7,1.9,1.6
6256167476,02120769,04/26/2014,1.1,1.2,1.1,1.0,1.2,0.9,0.8,1.1,0.8,1.1,0.8,1.2,1.4,1.3,1.2,1.7,1.6,1.7,2.0,1.7,1.9,1.9,1.5,1.5,1.5,1.5,1.1,1.6,1.2,1.7,1.4,1.5,1.3,1.2,1.2,1.8,1.2,1.7,1.3,1.7,1.5,1.8,1.2,1.8,1.8,1.6,1.6,1.6
6256167476,02120769,04/25/2014,1.1,1.1,0.8,1.1,0.8,1.1,1.0,1.2,1.1,1.0,1.1,1.1,1.2,1.7,1.9,2.0,1.7,1.7,1.5,1.5,1.3,1.3,1.3,1.3,1.4,1.1,1.2,1.4,1.2,1.2,1.1,1.3,1.3,1.4,1.3,1.6,1.7,1.7,1.5,1.3,1.5,1.4,1.6,1.5,1.1,1.1,1.3,1.1
6256167476,02120769,04/24/2014,1.4,0.8,1.2,0.9,1.4,0.9,0.8,1.2,0.9,1.3,1.3,1.2,1.9,1.9,2.5,1.7,1.9,1.6,1.6,1.2,2.0,1.6,1.5,1.5,1.2,1.3,1.1,1.2,1.4,1.2,1.2,1.2,1.2,1.2,1.5,1.3,1.3,1.8,1.3,1.6,1.6,1.2,1.5,1.2,1.4,1.5,1.4,1.1
6256167476,02120769,04/23/2014,0.9,1.1,1.3,0.8,1.2,0.8,1.2,0.8,1.3,0.8,1.1,1.3,1.2,1.7,2.3,2.1,1.7,1.4,1.2,2.8,1.6,1.5,1.8,2.3,1.1,1.1,2.4,1.2,1.4,2.1,3.2,1.6,1.0,1.6,1.4,1.8,1.6,1.7,2.0,1.8,2.1,1.6,2.1,1.4,2.0,1.4,1.5,1.4
6256167476,02120769,04/22/2014,1.2,1.2,1.0,1.1,1.1,0.8,1.1,0.8,1.1,0.8,1.0,1.4,1.6,1.6,1.9,1.9,1.6,1.6,1.6,1.2,1.7,1.3,1.2,1.2,1.2,1.2,1.2,1.5,1.2,1.2,1.4,1.1,1.2,1.1,1.1,1.2,1.1,1.6,1.6,1.6,1.7,1.3,1.6,1.5,1.3,1.6,1.1,1.2
6256167476,02120769,04/21/2014,1.1,0.8,1.2,0.8,1.2,1.0,1.1,0.8,1.1,0.8,1.2,1.2,1.2,1.7,2.3,1.6,1.6,1.9,1.3,1.6,1.7,1.1,1.7,1.2,1.2,1.5,1.2,1.2,1.4,1.2,1.1,1.0,1.3,1.2,1.1,1.5,1.2,1.6,1.4,1.6,1.7,1.5,1.4,1.5,1.2,1.2,1.3,0.9
6256167476,02120769,04/20/2014,1.4,1.0,1.2,1.2,0.9,1.1,0.8,1.1,1.2,1.0,1.2,0.8,1.5,1.3,1.2,1.5,1.7,1.8,1.6,2.0,1.7,1.6,1.6,1.7,1.7,1.4,1.8,1.4,1.5,1.6,1.2,1.6,1.2,1.7,1.2,1.8,1.3,1.6,1.4,1.5,1.5,1.6,1.6,1.6,1.4,1.6,1.1,1.2
6256167476,02120769,04/19/2014,1.3,0.8,1.2,0.8,1.2,1.4,0.9,1.2,0.9,1.2,0.8,1.1,0.8,1.2,1.4,1.7,1.7,1.6,1.6,1.7,1.6,1.6,2.2,1.3,1.6,1.1,1.7,1.5,1.1,1.4,1.5,1.3,1.6,1.2,1.6,1.2,1.6,1.4,1.5,1.7,1.5,1.1,1.6,1.5,1.2,1.5,1.2,1.3
6256167476,02120769,04/18/2014,1.4,0.9,1.2,0.8,1.2,0.8,1.3,1.6,0.8,1.3,0.8,1.2,1.2,1.7,1.9,2.5,1.6,1.6,1.6,1.5,1.4,1.6,1.6,1.2,1.5,1.2,2.2,1.2,1.2,1.2,1.4,1.3,1.5,1.3,1.2,1.3,1.7,1.2,1.9,1.1,1.6,1.2,1.3,1.2,1.5,1.2,1.3,1.3
6256167476,02120769,04/17/2014,0.8,1.5,1.2,0.8,0.8,1.2,1.5,1.2,1.0,1.0,1.0,1.2,1.6,2.4,1.9,1.7,2.2,1.7,1.7,1.2,2.4,1.3,1.5,1.6,1.3,1.2,1.3,1.2,1.5,1.1,1.2,1.3,1.2,1.1,2.2,1.1,1.5,1.5,1.7,1.3,1.8,1.3,1.7,1.2,1.7,1.2,1.8,1.2
6256167476,02120769,04/16/2014,1.2,0.9,1.2,0.8,2.0,1.0,1.3,0.9,1.2,0.9,1.3,1.1,2.1,2.4,1.9,3.3,1.8,2.3,1.3,2.4,1.2,1.7,1.2,1.2,1.1,1.1,1.5,2.3,1.2,1.2,1.0,1.2,1.2,1.4,0.9,1.2,1.8,2.1,1.3,1.6,1.7,2.0,1.4,1.2,1.6,1.3,1.8,1.2
6256167476,02120769,04/15/2014,0.7,0.8,0.3,0.8,0.3,0.6,0.8,0.4,0.3,0.8,0.3,0.7,1.1,1.4,1.4,1.3,1.5,1.4,1.6,1.4,1.4,1.4,1.3,1.2,1.1,1.2,1.2,1.4,1.2,1.2,1.3,1.2,1.4,1.6,1.3,1.3,1.7,2.0,1.7,1.8,1.8,1.3,1.7,1.3,1.7,1.3,1.5,1.2
6256167476,02120769,04/14/2014,0.8,0.3,0.8,0.7,0.3,0.4,0.8,0.3,0.9,0.4,0.6,0.8,0.9,1.2,1.6,1.5,1.3,1.3,1.3,1.3,0.8,0.7,1.2,0.8,0.8,0.7,0.8,0.8,0.7,0.7,1.0,0.8,0.6,0.8,0.8,0.7,0.8,1.2,0.9,1.1,1.4,1.0,1.2,1.1,0.7,0.8,0.8,0.6
6256167476,02120769,04/13/2014,1.3,0.7,0.6,0.8,0.2,0.4,0.8,0.4,0.3,0.8,0.4,1.3,0.6,0.8,0.8,1.0,1.4,1.0,1.3,1.4,1.3,1.0,2.1,1.2,1.3,1.0,0.9,1.2,0.8,1.1,1.0,0.8,0.8,1.4,0.9,1.1,0.8,1.3,1.1,1.3,1.2,1.3,0.8,1.1,1.0,1.2,0.7,0.8
6256167476,02120769,04/12/2014,0.7,0.4,0.8,0.4,0.4,0.8,0.3,0.8,1.0,0.6,0.6,0.4,0.8,0.9,0.9,0.9,1.2,1.5,1.6,1.4,1.8,1.2,1.2,0.8,1.2,1.1,1.0,0.8,1.2,1.1,1.2,0.8,0.7,0.8,0.9,1.2,0.7,1.3,0.9,1.3,1.3,0.8,1.0,0.9,0.8,0.8,0.8,0.7
6256167476,02120769,04/11/2014,1.1,1.2,0.8,0.8,1.0,1.3,0.8,0.8,1.3,0.7,0.9,1.1,1.6,1.6,1.7,2.1,1.4,1.9,1.5,1.4,1.0,1.1,0.6,0.6,0.7,0.9,0.7,0.8,0.8,0.9,0.6,0.8,1.0,0.5,1.2,1.0,0.7,1.2,1.2,0.8,1.1,0.9,1.2,0.6,0.7,1.1,0.8,1.0
6256167476,02120769,04/10/2014,1.2,0.8,1.2,1.0,1.2,0.8,0.9,1.2,0.8,0.8,1.2,1.4,1.2,2.7,1.9,1.7,1.7,1.7,1.2,2.0,1.2,1.3,1.2,1.2,1.2,1.2,1.2,1.2,1.4,1.3,1.2,1.2,1.2,1.1,1.2,1.2,1.2,1.8,1.2,1.6,1.6,1.2,1.5,1.6,1.2,1.3,1.7,0.7
6256167476,02120769,04/09/2014,1.1,1.3,0.8,1.2,0.9,0.8,1.2,0.8,1.2,1.0,1.2,1.3,1.3,2.5,2.0,1.9,2.0,1.9,1.2,1.4,1.5,1.3,1.2,1.2,1.2,1.4,1.3,1.2,1.4,1.0,1.1,1.4,1.2,1.4,1.2,1.2,1.2,1.6,1.3,1.6,1.7,1.2,1.8,1.3,1.6,1.2,1.2,1.2
6256167476,02120769,04/08/2014,1.4,1.2,0.8,1.2,0.8,0.8,1.2,1.0,1.2,0.8,1.2,1.2,1.7,1.8,1.7,2.4,1.7,2.5,1.6,1.2,1.3,1.5,1.2,1.4,1.2,1.2,1.3,1.2,1.1,1.2,1.2,1.3,1.4,1.2,1.5,1.3,1.6,1.2,1.6,1.6,1.8,1.6,1.2,1.6,1.2,1.6,1.1,0.9
6256167476,02120769,04/07/2014,1.3,0.9,1.2,0.8,1.3,0.9,1.6,1.0,1.0,1.3,0.8,1.3,1.7,1.7,2.4,1.7,1.9,1.5,2.0,1.8,1.2,1.7,1.2,1.3,1.9,1.3,1.3,1.3,1.8,1.3,1.3,1.6,1.5,1.1,1.2,1.3,1.3,1.8,1.8,1.7,1.6,1.4,1.6,1.3,1.5,1.3,1.2,1.5
6256167476,02120769,04/06/2014,1.2,1.2,1.1,1.2,0.9,1.2,0.8,0.9,1.2,1.4,1.1,1.1,0.9,1.2,1.3,1.6,1.4,2.7,1.8,1.3,2.0,1.9,1.9,1.3,2.0,1.3,1.7,1.2,1.7,1.2,1.7,1.2,1.8,1.2,1.2,1.6,1.6,1.6,1.7,1.7,2.1,2.0,1.3,1.6,1.2,1.6,1.3,1.2
6256167476,02120769,04/05/2014,1.2,1.2,1.0,1.2,0.8,1.3,0.8,0.8,1.2,1.0,1.0,1.2,0.9,1.1,1.6,1.3,1.6,1.7,2.1,2.1,1.7,1.4,2.0,1.3,1.8,1.4,1.6,1.6,1.3,1.2,1.3,1.5,1.6,1.3,1.9,1.6,1.3,1.4,1.9,1.3,1.4,1.3,1.6,1.3,1.3,1.6,1.4,1.6
6256167476,02120769,04/04/2014,1.2,0.8,1.3,0.9,0.8,0.8,1.2,0.8,1.0,1.2,0.8,1.3,1.2,1.8,1.9,1.9,1.6,1.8,1.3,1.9,1.4,1.2,1.4,1.2,1.8,1.3,1.2,1.2,1.3,1.4,1.0,1.3,1.5,1.4,1.2,1.3,1.5,1.7,1.3,1.6,1.2,1.4,1.6,1.2,1.2,1.3,1.2,1.3
6256167476,02120769,04/03/2014,0.8,1.2,0.8,1.2,0.8,1.4,0.9,1.2,0.8,0.8,1.2,1.2,1.3,2.0,2.2,1.8,1.8,1.6,1.4,1.8,1.3,1.8,1.3,1.7,1.2,1.2,1.2,1.3,1.2,1.6,1.4,1.2,1.0,1.1,1.4,1.4,1.2,1.2,1.7,1.9,1.3,1.8,1.2,1.6,1.3,1.2,1.2,1.4
6256167476,02120769,04/02/2014,1.1,1.1,1.1,1.2,0.8,2.0,0.8,1.2,0.8,1.2,1.3,1.2,1.2,1.9,2.4,1.8,1.8,2.4,1.6,1.6,1.4,1.2,1.7,1.4,1.1,1.2,1.2,1.2,1.4,1.3,1.4,1.2,1.2,1.2,1.2,1.2,1.6,1.4,1.6,1.7,1.6,1.4,1.5,1.5,1.5,1.4,1.4,1.2
6256167476,02120769,04/01/2014,1.6,1.2,0.8,1.3,0.8,1.1,1.3,1.0,1.1,1.6,1.2,1.3,1.3,2.0,2.1,1.8,2.5,1.6,1.8,1.2,1.6,1.4,2.0,1.3,1.2,1.5,1.2,1.2,1.3,1.4,1.2,1.1,1.2,1.6,1.2,1.2,1.2,1.8,1.6,1.6,1.6,1.6,1.2,1.7,1.3,1.6,1.1,1.2
6256167476,02120769,03/31/2014,1.2,1.5,1.4,0.8,1.5,0.9,1.9,0.9,1.2,1.0,1.2,2.1,1.3,2.0,2.5,2.5,2.1,1.7,2.3,1.9,1.7,1.5,1.4,1.2,1.7,2.1,1.3,1.3,1.5,1.2,1.3,1.1,1.8,1.3,1.2,1.6,1.9,1.7,1.6,1.9,1.3,1.9,1.2,1.7,1.3,1.7,1.3,1.6
6256167476,02120769,03/30/2014,1.2,1.4,1.0,1.3,1.0,0.8,1.2,1.0,0.9,1.3,0.8,2.2,1.2,1.1,1.3,1.5,1.3,1.6,2.2,1.8,2.2,2.2,2.0,2.0,2.2,2.0,1.8,1.6,2.3,1.8,1.7,1.4,1.8,1.9,2.0,1.7,1.9,1.9,1.9,2.6,1.9,1.9,1.3,1.4,2.4,1.3,1.5,1.3
6256167476,02120769,03/29/2014,0.8,1.2,1.2,0.9,1.4,0.8,0.8,1.1,0.8,1.2,0.8,1.4,0.8,1.1,1.2,1.5,1.5,1.5,1.6,2.1,1.8,1.7,1.7,1.7,1.5,1.6,1.2,1.9,1.8,1.3,1.7,1.5,1.4,1.6,1.7,1.7,1.6,1.6,1.5,1.3,1.7,1.2,1.6,1.4,1.7,1.2,1.1,1.1
6256167476,02120769,03/28/2014,1.0,1.9,1.3,0.8,1.2,0.9,1.9,0.8,1.5,0.8,2.0,1.2,1.2,1.8,1.8,2.5,1.7,1.7,1.7,1.5,1.5,1.9,1.7,1.4,1.3,1.6,1.2,1.2,1.8,1.4,1.2,1.3,1.2,1.2,1.2,1.2,1.9,1.4,1.5,1.7,1.2,1.6,1.3,1.6,1.3,1.2,1.4,1.3
6256167476,02120769,03/27/2014,1.2,1.8,1.2,1.9,1.4,1.7,0.9,2.1,0.9,2.2,1.8,1.4,2.2,1.8,2.9,2.4,2.3,2.3,1.7,2.2,1.7,2.2,1.5,1.3,2.2,1.3,1.5,1.9,1.5,1.4,1.3,1.7,1.5,1.3,1.4,1.4,1.9,1.9,1.3,1.7,1.5,2.2,1.5,1.3,1.7,1.9,1.4,1.2
6256167476,02120769,03/26/2014,1.2,1.8,1.8,1.4,1.3,1.2,1.8,1.6,2.0,1.6,2.1,1.4,2.6,2.2,2.7,2.1,2.5,2.2,2.2,2.2,2.3,2.2,2.0,2.8,1.8,2.1,2.2,1.8,2.6,1.4,2.3,1.8,1.8,2.3,1.6,2.4,1.6,1.8,2.3,1.9,2.2,1.9,1.6,2.3,1.7,2.0,1.3,2.2
6256167476,02120769,03/25/2014,1.9,1.2,0.9,1.7,0.9,1.5,1.7,1.3,0.8,1.8,1.2,1.2,2.6,2.0,1.7,2.5,1.8,1.8,1.6,2.8,1.6,1.2,1.3,2.4,1.2,1.5,1.7,1.7,1.2,2.3,1.3,1.7,1.8,1.2,1.7,1.9,1.3,2.3,1.8,2.0,1.9,1.7,1.7,2.3,1.7,1.7,2.1,1.3
6256167476,02120769,03/24/2014,1.8,1.3,0.8,1.6,1.4,1.3,1.1,1.6,1.4,1.5,1.5,2.0,1.7,2.6,1.8,3.1,3.3,2.0,1.4,2.5,1.3,2.0,2.1,2.0,1.3,2.3,1.9,1.3,1.8,1.8,1.3,1.6,1.3,1.8,1.5,1.5,1.2,1.9,2.0,1.3,1.6,2.3,1.4,1.6,1.2,2.3,1.2,1.3
6256167476,02120769,03/23/2014,1.9,1.5,1.5,1.2,1.6,1.2,1.2,1.3,1.3,1.5,1.4,2.0,1.2,1.5,1.4,1.6,1.9,2.1,1.8,2.9,2.1,2.0,1.9,2.3,1.7,1.8,2.1,2.2,1.7,1.6,1.9,1.3,1.7,1.6,1.3,2.4,1.6,1.7,1.9,1.6,1.7,1.7,2.2,1.3,1.8,1.4,1.2,1.8
6256167476,02120769,03/22/2014,1.2,0.9,1.5,1.6,0.9,1.4,0.8,1.2,0.8,1.4,1.4,1.2,1.4,0.8,1.6,1.2,2.3,1.7,1.7,1.9,1.9,2.2,1.7,1.2,1.8,2.0,1.5,1.4,1.6,1.2,1.7,1.2,1.2,1.2,1.8,1.2,1.7,1.7,1.9,1.9,1.7,1.7,1.9,1.6,1.5,1.6,1.6,1.6
6256167476,02120769,03/21/2014,1.8,0.8,1.2,1.1,1.3,0.8,1.8,0.8,0.8,1.2,1.0,1.2,2.2,1.7,1.9,1.9,1.7,1.9,1.8,1.7,1.7,1.3,1.3,1.7,1.4,1.9,1.3,1.2,1.3,1.2,1.2,1.4,1.6,1.1,2.1,1.2,1.2,1.4,1.7,1.4,1.7,1.2,1.7,1.9,1.2,1.5,1.6,1.2
6256167476,02120769,03/20/2014,1.0,0.8,2.0,1.1,0.8,1.2,0.9,1.6,1.0,1.2,1.2,1.8,1.5,2.0,1.7,2.7,1.8,1.4,1.6,1.4,2.1,1.6,1.8,1.6,1.2,1.2,2.2,1.2,1.2,1.5,1.2,1.2,1.2,1.2,1.9,1.2,1.8,1.2,1.6,1.7,1.8,1.6,1.8,1.6,1.4,1.2,1.2,1.2
6256167476,02120769,03/19/2014,1.8,0.8,1.2,1.5,1.5,1.0,1.9,0.8,1.3,1.7,0.9,1.6,2.3,1.8,2.1,2.3,2.0,1.7,2.4,2.0,1.3,1.6,1.7,1.3,1.4,2.3,1.6,1.2,1.2,1.9,1.3,1.0,1.2,2.2,1.2,1.7,1.6,1.9,2.1,1.7,1.7,1.7,1.9,1.8,2.5,1.3,1.7,1.0
6256167476,02120769,03/18/2014,1.6,1.7,1.5,1.7,1.5,1.2,1.5,1.6,1.5,1.7,1.6,1.5,2.0,2.3,2.8,2.3,2.4,1.9,2.0,2.3,1.2,2.7,1.5,2.1,1.2,1.9,1.7,1.6,2.3,1.2,1.3,2.2,1.3,1.2,1.7,2.3,1.3,1.5,2.2,1.6,2.2,1.9,1.6,1.2,2.3,1.2,1.4,1.7
6256167476,02120769,03/17/2014,1.3,1.4,1.2,1.6,0.9,1.3,1.4,1.5,1.2,1.9,1.2,1.4,1.8,1.5,2.5,1.6,1.8,2.7,1.7,2.6,2.5,1.9,2.5,2.5,1.7,2.1,2.7,1.8,2.5,1.4,2.6,1.4,2.2,2.1,1.7,2.2,2.0,1.9,2.8,1.8,2.5,1.3,2.4,1.6,2.3,1.3,1.6,1.8
6256167476,02120769,03/16/2014,1.2,0.9,1.1,1.0,0.9,1.0,1.2,0.9,1.9,0.8,1.1,0.9,1.2,0.8,1.4,1.9,1.6,1.7,1.7,1.7,1.7,2.0,2.3,1.7,1.5,1.8,1.6,1.6,1.4,1.6,2.0,1.7,1.6,1.4,1.7,1.5,1.6,2.3,1.8,1.7,1.6,1.5,2.2,1.6,1.4,1.2,1.3,1.8
6256167476,02120769,03/15/2014,1.2,1.5,1.2,1.3,0.8,0.8,1.2,1.7,0.9,1.1,1.0,1.2,1.3,1.8,1.2,1.2,1.6,1.9,1.7,2.2,1.6,1.6,2.0,1.6,1.8,1.4,1.4,1.6,1.6,1.5,1.6,1.9,1.8,1.3,1.4,1.6,1.6,1.6,1.3,1.5,1.7,1.2,1.6,1.0,1.2,1.7,1.8,1.3
6256167476,02120769,03/14/2014,1.7,1.2,1.7,0.9,2.1,1.2,2.0,1.4,1.2,1.6,1.6,1.9,1.6,2.5,2.2,2.6,1.9,2.4,2.0,1.9,1.9,1.3,2.3,1.8,1.9,1.4,1.9,1.2,1.8,1.1,1.5,1.1,1.3,2.1,1.1,1.7,1.1,1.8,1.8,1.6,1.3,1.2,1.6,1.7,1.8,1.6,1.2,1.2
6256167476,02120769,03/13/2014,1.2,2.3,1.0,0.9,1.6,0.9,2.1,1.2,1.9,0.8,2.0,1.6,2.0,2.2,2.3,3.3,2.5,2.6,2.2,2.2,2.2,2.5,2.1,1.7,2.7,1.6,2.6,2.0,1.9,1.9,1.5,2.4,1.7,1.6,2.4,1.3,2.5,1.6,2.1,2.2,2.2,2.2,1.6,1.8,1.6,1.8,1.8,1.6
6256167476,02120769,03/12/2014,0.8,1.2,0.8,1.3,0.9,1.0,1.2,0.8,1.5,1.2,0.8,1.2,1.8,1.8,1.7,2.1,1.7,2.0,1.9,1.4,1.6,1.3,1.5,1.2,1.2,1.2,1.2,1.4,1.2,1.2,1.2,1.2,1.5,1.3,1.2,1.3,1.5,1.5,1.5,1.7,1.5,1.5,1.8,1.9,1.8,1.3,1.1,1.7
6256167476,02120769,03/11/2014,1.3,0.8,1.2,0.8,1.5,1.5,0.8,1.2,0.9,1.3,0.8,2.0,1.3,1.8,1.7,2.1,1.5,2.9,1.7,1.4,1.4,1.3,1.5,1.5,1.1,1.9,1.3,1.2,1.2,1.2,1.7,1.2,1.2,1.2,1.1,1.6,1.2,1.5,1.8,1.5,1.7,1.5,1.6,1.3,1.5,2.0,1.5,1.3
6256167476,02120769,03/10/2014,0.9,1.2,1.0,1.8,1.3,0.9,1.1,0.9,1.7,0.8,1.4,1.2,1.2,2.8,1.6,1.8,2.1,1.8,2.0,1.8,1.2,1.4,1.4,1.7,1.8,1.4,1.2,1.4,0.8,1.5,1.7,1.3,1.5,1.2,1.3,1.2,1.5,1.2,2.6,1.7,1.6,1.6,1.6,1.3,1.6,1.4,1.9,1.2
6256167476,02120769,03/09/2014,1.2,0.9,1.2,2.0,-,-,1.0,0.8,1.3,0.8,1.4,1.0,1.5,1.3,1.3,1.2,1.2,1.7,2.7,1.7,2.1,1.8,1.7,1.8,2.5,1.7,1.9,1.3,1.7,1.2,1.7,2.0,1.8,1.2,1.7,1.6,1.7,1.5,2.0,2.1,2.0,1.4,2.0,1.1,1.6,2.2,1.5,1.1
6256167476,02120769,03/08/2014,1.5,1.5,1.6,1.3,1.9,1.2,1.1,2.0,0.8,1.7,1.4,1.8,1.5,1.6,1.2,2.8,1.7,2.9,2.0,1.9,2.4,2.5,1.4,1.8,1.8,2.2,1.5,1.5,1.7,1.2,2.3,1.5,1.6,1.3,1.7,1.6,1.3,1.8,2.0,1.7,1.2,1.6,1.4,1.2,1.9,1.6,1.2,1.2
6256167476,02120769,03/07/2014,1.6,1.9,1.4,1.8,1.7,1.7,1.6,1.4,1.7,1.6,1.9,2.2,1.5,3.0,2.1,2.5,3.8,2.4,1.4,2.7,2.0,1.5,2.6,1.7,2.1,1.8,1.3,2.1,1.9,1.6,1.5,2.1,1.3,1.2,2.9,1.3,1.6,2.4,1.4,1.9,2.1,2.0,1.4,1.9,1.8,1.6,1.6,1.9
6256167476,02120769,03/06/2014,1.8,1.3,1.9,1.5,2.3,1.0,2.0,1.9,1.4,2.2,1.5,1.8,2.4,2.6,3.2,2.8,2.7,2.5,2.4,2.1,2.5,2.2,1.9,1.6,2.4,1.6,1.8,1.8,2.1,1.5,2.1,1.3,2.1,1.5,2.0,1.7,2.2,2.0,1.8,2.7,1.7,2.2,1.6,2.1,2.1,1.7,2.3,1.3
6256167476,02120769,03/05/2014,1.5,1.4,2.1,1.6,2.0,1.5,2.0,1.8,1.6,1.3,2.2,1.9,2.2,2.6,3.1,2.6,2.4,2.4,2.6,2.1,1.9,2.1,2.2,1.4,2.0,1.6,2.0,1.6,2.4,1.2,2.1,1.2,1.8,2.0,1.8,1.9,1.6,1.7,2.4,1.6,2.7,1.7,2.2,1.8,1.9,1.8,2.0,1.7
6256167476,02120769,03/04/2014,2.1,2.5,2.0,2.3,1.6,2.1,1.7,2.5,2.0,2.4,1.8,2.0,2.5,2.9,2.8,2.7,3.2,2.9,3.1,2.5,2.9,2.1,2.1,2.5,2.2,2.5,1.9,1.8,2.4,2.2,2.2,1.7,2.1,2.0,2.0,2.2,2.1,2.7,1.9,2.2,2.5,1.8,2.6,2.1,2.3,1.8,2.0,2.2
6256167476,02120769,03/03/2014,1.2,1.8,1.3,1.2,1.5,1.5,1.8,0.9,1.2,1.5,1.2,1.7,1.2,1.9,1.3,2.2,2.0,2.5,3.1,2.7,3.0,2.3,2.8,2.7,3.0,2.2,2.5,2.7,1.9,2.6,2.9,2.2,2.1,2.4,2.6,2.4,2.8,2.2,2.9,2.7,2.6,2.2,2.9,2.1,2.3,2.3,2.0,2.1
6256167476,02120769,03/02/2014,1.1,1.8,1.2,1.4,1.3,1.1,1.3,1.2,1.5,1.0,1.5,1.3,1.7,1.2,1.6,1.6,1.3,2.8,1.7,2.3,1.7,1.9,2.4,1.9,1.6,1.7,1.9,1.7,1.5,2.1,1.6,1.5,1.3,2.2,1.6,1.7,2.1,1.7,1.6,1.9,2.2,1.4,1.5,2.1,1.1,1.6,1.8,1.4
6256167476,02120769,03/01/2014,1.8,1.8,1.6,1.8,1.2,1.8,1.0,2.0,1.9,1.2,1.7,1.7,1.5,2.0,2.0,1.9,2.6,2.4,2.6,2.2,2.2,2.4,2.3,1.6,2.3,2.0,1.7,1.7,1.6,2.1,1.4,2.1,1.2,2.1,1.7,1.9,1.7,1.5,2.1,1.5,2.0,1.5,1.8,1.6,1.2,1.7,1.6,1.7
6256167476,02120769,02/28/2014,1.8,1.7,1.9,2.0,1.7,1.8,1.6,1.9,2.1,1.6,1.6,2.2,2.3,3.0,2.6,2.8,2.8,2.0,2.8,2.3,1.7,2.1,2.0,1.8,1.7,2.4,1.8,1.5,2.3,1.6,1.7,1.8,1.6,1.7,1.9,1.7,1.7,2.1,1.9,2.3,2.1,1.8,2.0,1.6,2.1,1.8,1.8,1.6
6256167476,02120769,02/27/2014,1.2,1.4,1.6,1.7,1.2,1.5,1.4,1.5,1.5,1.5,1.7,1.7,1.7,2.2,2.6,2.7,2.3,1.7,2.1,2.2,1.7,1.7,2.0,2.1,1.8,1.3,1.8,1.3,2.0,1.3,1.9,1.4,1.3,2.1,1.2,1.9,1.9,2.0,2.2,2.0,2.1,2.2,1.7,1.7,2.6,1.9,1.8,1.9
6256167476,02120769,02/26/2014,1.2,1.5,1.3,1.3,1.3,1.9,0.9,1.7,0.9,1.7,0.9,1.9,1.8,2.3,2.2,2.4,1.5,2.4,2.2,1.6,1.8,1.4,1.9,1.2,2.0,1.2,1.8,1.5,1.7,1.1,1.8,1.7,1.3,1.8,1.7,2.1,1.7,1.5,2.1,1.6,2.3,2.1,1.7,1.6,1.7,2.0,1.7,1.9
6256167476,02120769,02/25/2014,1.1,0.9,1.8,0.9,1.2,1.8,0.8,1.8,0.8,1.2,1.5,1.7,1.9,2.1,2.1,2.3,1.6,2.4,1.7,2.1,1.4,1.1,1.9,1.7,1.8,1.2,1.4,2.1,1.2,2.0,1.2,1.2,1.8,1.3,1.8,1.8,1.2,2.2,1.7,2.2,1.7,1.9,1.9,1.5,1.6,1.9,1.5,1.7
6256167476,02120769,02/24/2014,1.3,1.2,0.8,1.3,0.8,1.4,1.2,1.1,0.9,1.2,1.1,1.7,1.7,1.9,2.3,2.3,1.7,1.8,1.6,2.0,1.4,1.7,1.2,1.2,1.9,1.3,1.4,1.7,1.4,1.9,1.4,1.3,0.8,1.8,1.8,1.5,1.2,2.4,1.5,1.7,1.8,2.3,1.3,1.6,2.0,1.2,1.4,1.9
6256167476,02120769,02/23/2014,1.3,1.8,1.2,1.0,0.9,1.2,1.1,1.5,0.9,1.2,0.8,0.8,2.0,1.2,1.3,1.2,1.6,2.3,1.7,2.1,1.8,1.7,1.5,2.5,1.3,1.7,1.8,1.4,1.6,1.3,1.7,1.9,1.2,1.6,1.5,1.7,1.3,1.9,1.4,2.2,1.6,1.9,1.6,1.4,1.2,1.8,1.2,1.8
6256167476,02120769,02/22/2014,1.2,0.9,1.8,0.9,1.1,0.8,2.0,0.9,1.2,0.8,1.8,0.9,1.3,2.1,1.2,1.5,1.5,2.3,1.8,1.9,2.5,1.7,1.7,1.8,1.3,2.5,1.3,1.9,1.2,1.2,1.7,2.1,1.6,1.9,1.2,1.7,1.2,2.2,1.9,1.2,1.9,1.2,1.7,2.0,1.1,1.3,1.2,1.3
6256167476,02120769,02/21/2014,1.5,1.5,1.0,0.9,1.3,1.5,1.0,1.2,0.9,1.2,1.4,1.2,1.7,1.9,2.2,2.2,1.8,1.3,1.6,1.8,2.0,1.7,1.2,1.2,1.2,1.3,1.2,2.5,1.3,0.9,1.4,1.4,0.9,1.5,2.2,1.3,1.3,1.5,1.7,1.3,2.3,1.4,1.2,1.7,1.2,1.5,1.6,1.3
6256167476,02120769,02/20/2014,1.2,1.4,1.2,1.1,1.2,1.4,1.2,0.9,1.1,1.6,1.3,1.1,2.2,1.7,1.9,2.8,1.8,1.6,1.6,1.9,1.6,1.3,1.3,1.8,1.2,1.1,1.3,1.6,2.0,1.2,1.2,1.1,1.3,1.8,1.3,1.7,1.7,1.2,2.0,2.0,1.2,1.9,1.2,1.6,1.9,1.3,1.2,1.2
6256167476,02120769,02/19/2014,0.8,2.2,0.8,1.2,1.5,1.2,1.1,1.7,0.8,1.9,0.9,1.7,1.7,2.1,2.3,2.1,1.8,2.0,1.7,2.6,1.3,1.7,1.8,1.4,1.2,1.8,1.9,1.6,1.2,1.3,1.8,1.4,1.4,1.1,1.1,2.1,1.4,1.6,2.0,1.6,2.1,1.7,1.6,1.3,1.6,2.4,1.1,1.3
6256167476,02120769,02/18/2014,1.6,1.4,1.5,1.5,1.7,0.9,1.5,1.6,1.1,1.9,1.3,1.3,2.2,2.0,2.3,2.4,2.5,1.6,2.2,2.5,1.3,1.9,1.2,1.9,1.5,2.2,1.2,1.6,1.6,1.2,1.5,1.9,1.2,1.3,1.8,1.2,1.3,2.3,1.5,1.8,1.8,2.3,1.4,1.5,2.1,1.3,1.5,1.6
6256167476,02120769,02/17/2014,1.9,1.9,0.8,1.9,1.5,1.5,1.5,1.8,0.8,1.8,1.7,1.9,1.8,1.5,1.6,2.2,2.2,2.7,2.5,2.3,1.8,2.2,2.7,2.2,1.7,2.2,2.2,1.6,2.0,1.6,1.7,1.7,2.2,1.4,2.5,1.9,2.0,1.7,1.7,2.5,2.1,1.8,1.8,2.2,1.8,2.0,1.8,1.3
6256167476,02120769,02/16/2014,1.6,1.7,1.4,1.3,1.9,1.3,1.7,1.7,0.9,1.9,1.8,1.3,1.5,1.5,1.8,1.9,2.1,2.1,2.1,1.8,2.7,2.3,2.1,1.7,2.3,1.8,1.8,2.2,1.5,2.2,1.3,2.2,1.3,2.3,1.2,2.3,1.5,2.5,1.6,2.2,1.8,1.7,1.9,1.8,1.8,1.3,2.1,1.2
6256167476,02120769,02/15/2014,1.5,1.1,1.8,0.9,1.4,1.5,1.2,1.5,1.2,0.9,1.9,1.0,1.7,1.3,1.6,1.4,1.7,2.4,2.2,2.3,1.6,2.3,1.7,2.4,1.9,1.8,2.2,1.8,1.8,2.0,1.8,1.7,1.9,1.7,1.9,1.8,1.9,1.7,2.1,1.5,2.3,1.8,1.7,1.7,1.3,1.7,2.0,1.7
6256167476,02120769,02/14/2014,1.9,1.8,0.8,2.2,1.3,1.5,1.3,1.7,1.3,1.4,1.7,0.9,1.9,2.1,1.8,2.3,2.3,2.0,2.8,2.1,1.4,2.3,1.8,2.3,1.7,1.8,1.5,1.9,1.2,2.0,1.8,1.3,2.1,1.4,1.3,2.0,1.7,2.2,1.3,1.6,1.9,1.8,1.8,1.5,1.3,1.8,1.2,1.8
6256167476,02120769,02/13/2014,1.4,1.8,2.1,1.4,1.8,1.9,1.8,1.4,2.2,1.3,1.9,1.3,2.2,1.5,2.0,2.1,2.1,2.3,2.1,1.8,2.2,2.8,2.2,1.8,2.3,2.3,2.9,1.8,2.1,2.3,1.3,2.3,2.3,1.6,2.1,1.8,2.2,2.7,1.8,1.9,1.8,1.8,2.1,2.3,1.3,2.2,1.7,1.8
6256167476,02120769,02/12/2014,1.9,1.5,1.6,1.4,1.6,1.5,1.4,2.0,1.5,1.9,1.5,2.2,2.3,2.3,2.8,2.7,2.3,2.4,1.8,2.5,1.8,2.0,1.9,1.9,1.7,1.7,2.0,1.7,1.9,1.6,1.7,1.8,1.5,1.7,2.0,1.9,1.7,2.3,2.0,2.0,2.3,1.7,2.5,1.7,2.0,1.5,2.1,2.0
6256167476,02120769,02/11/2014,1.5,1.6,1.3,1.8,1.3,1.8,1.5,1.4,1.8,1.3,1.8,1.8,2.3,2.2,2.6,2.3,2.7,2.2,1.7,2.4,1.5,2.2,1.9,1.8,1.8,1.6,2.0,2.1,1.1,1.6,1.7,1.4,1.9,1.7,1.6,1.5,2.2,1.9,2.3,2.1,1.6,2.0,1.8,2.4,1.8,1.7,1.8,1.8
6256167476,02120769,02/10/2014,1.7,1.0,1.8,1.3,1.6,1.3,1.4,1.8,0.9,1.7,1.7,1.2,2.2,2.2,2.8,2.3,2.2,1.9,2.3,2.0,2.2,1.6,1.7,1.7,2.2,1.3,2.0,1.3,1.8,1.4,1.7,1.7,1.5,1.8,1.3,1.7,2.3,1.7,2.4,2.3,1.2,2.2,2.2,2.0,1.8,1.8,1.8,1.8
6256167476,02120769,02/09/2014,2.0,1.6,1.4,1.4,1.6,1.3,1.6,1.8,1.0,1.7,1.3,1.3,1.9,1.5,1.5,1.8,1.8,2.0,2.5,1.9,2.2,2.3,1.6,2.6,2.2,1.8,2.1,1.4,2.2,2.0,2.2,1.4,2.1,1.6,2.2,1.7,2.2,1.9,1.6,2.2,2.1,2.0,1.6,2.2,1.2,1.8,1.2,1.9
6256167476,02120769,02/08/2014,1.8,1.2,1.7,1.2,1.4,1.4,1.3,1.9,1.1,1.5,1.3,1.4,1.3,1.7,1.9,1.5,2.2,1.8,2.5,2.4,1.9,2.3,1.3,2.3,2.1,2.0,2.1,1.6,2.0,1.2,2.3,1.6,2.1,1.4,2.0,1.5,2.3,1.5,2.2,1.8,1.7,1.3,2.2,1.6,1.6,1.7,1.4,1.7
6256167476,02120769,02/07/2014,1.7,1.0,1.7,1.0,1.9,0.9,1.8,1.3,1.2,1.6,1.7,1.3,2.0,2.3,1.7,2.9,2.0,1.5,2.1,2.1,1.3,2.2,1.4,1.7,1.2,2.2,1.3,2.1,1.2,1.2,1.9,1.4,1.7,1.6,1.2,1.9,1.7,1.3,2.3,1.7,2.0,1.6,1.8,1.2,2.4,1.4,1.8,1.2
6256167476,02120769,02/06/2014,2.1,1.4,1.2,1.9,1.3,1.5,1.5,1.4,1.8,0.8,1.9,1.9,1.6,2.5,2.4,2.2,2.4,2.3,2.9,2.1,2.1,1.8,1.8,1.9,1.3,1.8,1.3,2.1,1.5,1.6,1.5,1.2,2.1,1.3,2.0,1.6,1.8,2.0,1.9,1.8,1.8,2.2,1.4,2.0,1.7,1.7,1.5,1.8
6256167476,02120769,02/05/2014,1.8,0.8,1.9,1.2,1.7,1.2,1.8,0.9,1.7,0.9,1.8,1.5,1.8,1.8,2.7,1.8,2.3,2.1,1.9,1.6,2.1,1.2,2.2,1.5,2.0,1.3,1.7,1.3,1.8,1.2,1.5,1.7,1.2,1.9,1.2,2.0,1.7,1.6,2.2,1.7,2.2,1.7,2.1,1.4,2.2,1.3,1.8,1.3
6256167476,02120769,02/04/2014,1.1,2.0,1.0,2.0,1.1,1.9,1.2,1.5,1.5,1.4,1.6,2.0,2.0,2.5,2.2,2.7,1.8,2.6,1.3,2.4,1.8,1.6,1.8,1.5,1.8,1.3,1.2,1.8,1.2,1.8,1.7,1.2,1.8,1.3,1.3,2.4,1.2,2.2,1.8,2.3,1.7,2.0,1.7,1.3,1.7,1.7,1.7,1.5
6256167476,02120769,02/03/2014,1.4,1.2,2.0,1.1,1.0,1.3,1.4,1.7,1.4,1.4,1.3,2.3,1.9,2.3,2.5,3.1,1.8,2.3,2.0,2.4,1.8,1.7,2.3,1.4,1.9,1.3,2.3,1.5,1.5,2.4,1.3,1.5,1.9,1.3,1.9,1.9,1.8,1.7,2.5,1.9,1.8,2.4,1.6,1.8,2.0,1.5,2.2,1.5
6256167476,02120769,02/02/2014,1.3,1.3,1.6,1.6,1.0,1.6,1.3,1.2,1.6,1.3,1.9,1.0,1.4,2.0,1.3,2.0,1.9,1.9,2.6,2.0,1.8,2.4,2.0,1.7,1.9,2.5,1.7,1.8,1.8,2.2,1.9,1.7,1.7,1.8,1.8,2.7,1.7,1.6,1.3,1.9,2.4,1.7,1.5,1.9,1.4,2.5,1.3,1.4
6256167476,02120769,02/01/2014,1.4,1.9,1.6,1.3,1.8,1.4,1.5,1.6,1.3,1.6,2.0,1.0,1.9,1.8,1.5,2.4,2.2,2.3,2.0,2.6,1.9,2.6,2.0,2.3,1.9,2.4,1.5,2.2,2.0,1.9,1.5,1.6,1.9,2.1,1.8,2.0,2.1,1.7,2.4,1.7,1.7,1.9,1.8,1.4,2.3,1.5,1.4,2.0
6256167476,02120769,01/31/2014,1.8,1.2,1.7,1.4,2.4,1.2,1.4,1.7,1.2,2.1,1.4,1.8,1.8,2.5,2.4,2.3,2.2,2.1,2.0,2.2,2.0,2.3,2.1,2.2,1.5,2.1,1.5,2.0,1.4,2.0,1.5,2.2,1.3,2.1,1.3,2.2,1.7,1.8,1.9,1.8,2.3,1.9,1.8,2.0,1.5,1.8,1.4,2.1
6256167476,02120769,01/30/2014,1.8,1.9,1.9,1.8,1.6,2.0,1.7,1.8,2.0,1.7,1.8,2.5,2.1,2.6,2.8,3.1,2.8,2.5,2.1,2.4,2.4,1.6,2.4,1.9,2.1,2.0,1.7,1.8,1.6,1.8,1.7,2.0,1.7,1.8,1.7,2.3,1.9,2.2,2.0,1.9,2.1,2.4,1.8,1.8,2.1,2.0,2.0,1.7
6256167476,02120769,01/29/2014,1.6,1.5,2.4,1.8,1.6,2.2,1.4,1.9,1.9,2.0,1.8,1.9,2.6,2.5,3.0,2.3,3.3,2.2,3.0,2.4,2.4,2.5,2.1,2.5,2.0,2.6,2.2,2.0,2.2,1.9,2.6,1.6,1.7,2.3,2.1,2.1,1.7,2.4,2.8,1.8,2.0,2.6,1.6,2.8,2.0,2.2,1.4,2.4
6256167476,02120769,01/28/2014,1.8,1.5,1.6,1.4,2.2,1.3,2.5,1.6,1.6,1.8,2.0,1.9,2.3,3.0,2.4,2.6,2.9,5.5,4.2,2.7,2.2,2.2,1.7,1.7,2.1,2.1,2.0,1.6,1.7,2.0,1.8,1.9,1.8,1.6,2.1,2.0,2.6,2.1,2.2,2.1,2.1,2.8,2.2,1.9,2.4,1.7,1.9,2.6
6256167476,02120769,01/27/2014,1.6,1.4,1.7,1.4,1.4,1.3,1.7,1.6,1.4,1.4,1.6,1.8,1.8,2.0,2.6,2.0,2.2,2.1,1.6,2.1,1.9,1.7,1.2,1.8,1.6,1.9,1.4,1.3,1.9,1.6,1.8,1.3,1.9,1.3,1.8,1.6,1.9,2.2,2.0,2.2,2.1,1.6,2.0,1.9,2.2,1.7,1.7,1.8
6256167476,02120769,01/26/2014,1.7,1.9,2.1,1.3,1.8,1.7,1.3,1.8,1.4,1.7,1.5,1.6,1.8,1.8,1.7,1.8,2.3,2.1,2.3,2.5,2.3,2.2,2.1,2.7,2.0,2.2,2.0,2.2,1.9,2.1,2.0,2.1,1.7,2.0,1.9,2.1,2.2,2.1,2.0,1.8,2.3,2.1,2.2,1.6,1.9,1.5,2.2,1.8
6256167476,02120769,01/25/2014,2.0,1.4,2.0,1.9,1.7,1.9,1.4,2.2,1.7,2.1,1.2,1.9,2.0,1.6,2.0,1.8,2.2,2.8,2.4,2.5,2.7,2.2,2.2,2.2,2.5,2.7,2.3,1.8,2.1,2.0,2.2,1.7,2.0,2.1,2.1,1.6,2.1,2.1,1.9,2.0,2.1,1.6,2.1,1.7,2.3,2.1,1.7,1.5
6256167476,02120769,01/24/2014,2.1,1.3,2.0,2.0,1.6,2.0,1.5,2.0,1.5,2.1,1.7,2.1,2.1,2.7,2.5,2.5,2.4,2.6,2.2,2.7,2.5,2.0,2.5,2.0,2.1,1.9,2.1,2.4,2.0,2.0,2.2,2.0,1.8,2.2,1.9,2.2,2.0,2.2,2.2,2.5,2.0,2.5,1.6,2.2,2.2,1.8,2.4,2.0
6256167476,02120769,01/23/2014,5.0,5.5,4.9,5.3,5.1,5.3,5.5,4.8,5.5,4.9,5.6,5.5,5.7,6.1,6.0,4.9,2.4,2.4,2.3,1.8,2.0,2.0,1.5,1.5,1.9,1.9,1.6,1.7,1.9,1.7,1.8,1.6,1.8,2.0,1.9,1.7,2.4,2.0,1.9,2.1,2.8,1.7,2.2,1.9,2.2,2.0,2.0,1.7
6256167476,02120769,01/22/2014,5.5,5.4,4.8,5.2,5.4,5.2,5.2,4.9,5.6,5.1,5.3,5.4,5.5,5.6,5.8,6.2,5.8,6.4,5.7,6.2,5.5,5.8,5.6,5.8,5.4,5.9,5.4,5.6,5.4,5.7,5.4,5.4,5.4,5.5,5.5,5.9,5.3,5.9,5.7,5.9,5.4,6.0,5.3,6.0,5.2,6.2,5.2,5.5
6256167476,02120769,01/21/2014,5.1,4.2,5.3,4.8,4.2,4.9,4.5,5.0,4.3,4.7,4.9,4.7,5.1,4.9,5.2,5.7,4.7,5.6,5.1,5.8,4.9,5.3,5.4,5.1,5.4,5.6,4.9,5.5,5.0,5.7,5.5,4.7,5.6,5.6,5.3,5.4,5.7,6.1,5.6,5.7,5.4,5.0,5.6,5.5,5.4,5.3,5.6,5.0
6256167476,02120769,01/20/2014,5.5,4.6,4.8,4.6,4.8,4.5,4.8,4.6,4.7,4.7,4.6,4.6,5.1,4.7,5.3,4.5,5.5,5.1,6.0,5.6,5.6,5.2,5.6,5.2,5.0,5.2,5.0,4.8,5.2,4.8,4.9,5.3,4.9,4.8,4.6,5.8,5.0,5.0,5.5,5.4,5.1,5.1,5.2,4.7,5.1,5.2,4.7,4.6
6256167476,02120769,01/19/2014,5.1,5.1,5.2,4.6,5.2,4.8,5.2,4.6,5.2,4.6,5.1,4.6,5.3,5.2,5.2,5.1,5.6,5.5,5.2,6.0,5.9,5.3,5.5,5.2,5.8,5.1,5.2,5.4,4.7,5.6,5.5,4.7,5.3,4.9,5.6,5.5,4.7,5.6,5.7,5.2,5.2,5.6,4.7,5.5,4.7,4.9,5.2,4.7
6256167476,02120769,01/18/2014,4.6,5.1,4.7,4.8,4.8,4.9,4.6,4.7,4.7,4.3,5.2,4.3,5.2,4.9,5.2,5.2,5.2,5.7,5.3,5.8,5.1,5.9,5.7,5.2,5.9,5.1,5.6,5.2,4.9,5.8,4.9,5.8,5.3,5.6,4.8,5.8,5.2,5.7,5.6,5.0,5.3,5.6,5.1,5.2,5.1,5.8,4.9,5.2
6256167476,02120769,01/17/2014,5.0,4.5,5.0,4.3,5.6,4.2,5.2,4.3,4.7,4.7,5.0,4.4,5.8,4.9,6.3,5.3,5.8,5.2,5.6,5.3,5.2,5.3,5.3,5.2,5.2,5.2,4.7,5.2,5.2,4.8,5.2,5.1,4.8,5.2,4.7,4.7,5.7,4.8,5.0,5.2,5.1,5.3,5.2,4.7,5.2,4.6,5.5,4.3
6256167476,02120769,01/16/2014,4.9,4.7,5.1,4.6,5.2,4.7,5.0,4.6,5.1,4.6,5.6,5.1,5.4,5.6,5.7,5.8,5.4,5.2,5.8,4.9,5.1,4.7,5.7,4.7,4.9,4.8,4.8,5.1,4.7,4.7,4.6,5.3,4.8,4.6,5.4,5.2,4.5,5.3,5.1,5.0,5.7,4.7,5.1,5.4,5.1,5.3,4.7,4.8
6256167476,02120769,01/15/2014,4.6,5.0,5.0,4.6,5.0,4.6,5.0,4.7,4.8,5.1,4.7,4.9,5.4,5.6,6.0,5.6,5.9,5.1,5.4,6.2,5.1,5.5,5.1,5.1,5.1,5.0,5.1,5.1,5.4,5.2,4.8,5.0,5.1,5.1,5.4,5.1,5.5,5.1,5.5,5.5,5.1,5.5,5.5,5.1,5.4,5.2,5.5,5.1
6256167476,02120769,01/14/2014,5.1,5.1,4.6,4.9,4.5,4.9,4.6,5.0,4.7,4.9,5.0,5.0,5.5,5.4,5.6,6.0,5.5,5.6,5.2,5.3,5.1,5.7,5.0,5.4,4.9,5.4,5.0,4.9,5.4,5.1,5.0,5.4,5.0,5.2,5.0,5.0,5.3,5.2,5.4,5.4,5.4,5.5,5.0,5.3,5.1,5.6,5.1,5.1
6256167476,02120769,01/13/2014,4.7,5.0,4.8,5.8,4.5,4.6,5.0,4.6,5.1,4.6,5.1,5.9,5.5,5.6,5.6,5.6,5.6,5.5,5.6,5.9,5.1,5.7,5.0,5.1,5.0,5.5,5.0,5.0,5.0,5.0,5.1,5.0,5.2,5.1,5.1,5.1,5.1,5.4,5.5,5.4,5.0,5.4,5.0,5.5,5.2,5.4,5.1,4.6
6256167476,02120769,01/12/2014,5.0,5.0,5.0,4.6,5.0,4.7,5.2,5.3,5.0,4.6,5.0,4.7,4.9,5.1,4.9,5.1,5.1,5.7,5.5,5.6,6.2,5.7,5.6,5.6,5.4,5.5,5.1,5.4,5.7,5.0,5.5,5.1,5.5,5.5,5.0,5.5,5.6,5.5,5.6,5.9,6.0,5.3,5.5,5.0,5.2,5.4,5.0,5.1
6256167476,02120769,01/11/2014,5.0,5.7,4.6,5.0,5.3,4.7,5.0,5.2,5.1,5.0,4.6,5.1,4.8,5.1,5.7,4.9,5.5,5.3,5.9,5.4,5.4,6.7,5.8,5.5,5.5,5.7,5.2,5.5,5.5,5.2,5.3,5.2,6.2,5.5,5.2,5.3,5.5,5.1,5.4,5.5,5.0,5.4,5.1,5.7,5.0,5.1,5.1,5.0
6256167476,02120769,01/10/2014,5.1,4.9,5.3,5.2,5.0,4.6,5.6,4.6,5.0,4.6,5.7,5.2,5.0,6.0,6.0,5.7,5.7,6.2,5.9,5.5,5.5,5.2,6.1,5.1,5.5,5.0,5.8,5.6,5.1,5.0,5.2,5.0,6.0,5.2,5.4,5.3,5.4,5.4,6.1,5.5,5.1,5.4,5.3,6.1,5.0,5.4,5.2,5.0
6256167476,02120769,01/09/2014,4.9,5.3,4.9,5.6,4.9,5.2,5.1,5.0,5.2,5.0,5.3,4.9,6.3,5.6,6.1,6.1,5.9,5.5,6.2,5.5,6.0,5.0,5.2,6.0,5.1,5.0,5.7,5.6,5.2,5.6,4.8,5.5,5.1,5.6,5.1,5.0,6.0,5.6,5.5,5.2,6.1,5.6,5.3,5.9,5.3,5.1,5.2,5.6
6256167476,02120769,01/08/2014,5.6,5.2,5.6,5.5,5.0,5.5,5.3,5.1,5.4,5.1,5.4,5.8,5.9,5.9,6.7,6.1,5.9,6.0,5.5,6.0,5.9,5.2,5.7,5.6,5.3,5.8,5.5,5.3,5.5,5.1,5.5,5.3,5.2,5.9,5.2,5.6,5.5,6.1,5.0,6.1,5.6,6.1,5.5,5.6,5.6,5.7,5.4,5.8
6256167476,02120769,01/07/2014,4.9,5.6,5.1,5.3,5.3,5.4,5.0,5.5,5.0,5.3,5.3,5.7,5.7,5.7,6.1,6.0,6.0,6.2,6.1,5.4,6.0,5.4,5.7,5.7,5.6,5.4,5.9,5.2,5.4,5.5,5.6,5.6,5.6,5.9,5.3,5.6,5.6,5.9,5.9,5.9,5.9,5.6,5.9,5.8,5.9,5.5,6.0,5.5
6256167476,02120769,01/06/2014,5.7,5.1,4.8,4.9,4.6,5.1,4.6,5.5,4.9,4.7,5.1,5.2,5.4,5.7,5.8,5.5,6.2,5.4,5.5,5.4,5.2,5.7,5.0,5.0,5.8,5.3,5.0,5.2,5.1,5.0,5.3,5.7,5.0,5.1,5.3,5.1,5.9,5.4,5.4,5.8,5.8,5.1,5.4,5.8,5.4,5.6,5.4,5.5
6256167476,02120769,01/05/2014,5.2,5.4,4.6,5.0,5.4,4.9,4.6,5.7,4.7,5.0,4.6,5.6,4.7,4.9,5.7,5.1,4.9,5.5,6.1,5.4,5.7,5.4,6.3,5.5,5.8,5.6,6.0,5.3,5.4,5.2,5.6,6.1,5.2,5.4,5.4,5.4,6.3,5.7,5.3,5.4,5.6,5.6,5.7,5.4,4.9,5.4,5.0,5.0
6256167476,02120769,01/04/2014,5.0,5.7,4.9,5.3,5.5,5.0,5.2,5.2,5.4,4.7,5.5,5.2,5.2,5.5,5.6,5.8,5.1,5.9,6.2,5.7,5.9,6.2,5.4,6.2,5.9,5.7,5.7,6.0,5.2,5.5,5.6,5.6,6.1,5.2,6.1,5.3,5.5,6.0,5.1,6.0,5.8,5.0,6.1,4.9,6.1,5.0,5.1,5.6
6256167476,02120769,01/03/2014,5.1,5.0,5.8,4.8,5.1,4.9,4.8,5.8,4.6,5.2,4.7,5.9,5.1,5.5,5.1,6.5,5.3,5.6,6.4,5.6,6.0,5.6,5.5,6.2,5.2,6.3,5.2,5.9,5.3,5.1,6.1,5.1,6.2,5.1,5.6,5.5,6.0,5.0,6.1,5.6,5.7,5.4,5.6,5.6,5.5,5.8,5.4,5.5
6256167476,02120769,01/02/2014,5.0,5.6,4.6,5.0,4.9,4.9,4.5,5.0,5.3,4.9,4.7,5.0,5.1,5.7,5.4,6.2,5.5,5.4,5.6,5.4,5.0,6.1,5.1,5.7,5.1,5.0,5.4,5.1,4.9,6.1,5.1,5.0,5.0,5.6,5.2,5.3,6.0,5.5,5.2,5.5,5.5,5.5,5.3,5.8,5.5,5.0,5.2,5.0
6256167476,02120769,01/01/2014,5.0,5.1,4.9,5.8,5.1,4.6,5.0,4.5,5.7,5.0,4.6,4.9,4.6,5.9,4.7,4.9,5.5,5.0,5.6,5.5,5.5,5.6,5.7,5.6,6.3,5.5,5.3,5.5,5.0,5.4,5.0,5.5,5.2,6.0,5.5,5.0,5.5,5.0,5.6,5.3,5.1,6.2,5.2,5.5,5.0,5.0,5.1,5.0
6256167476,02120769,12/31/2013,5.1,5.0,4.7,5.1,4.6,5.2,4.7,5.6,4.7,5.0,4.6,5.1,5.0,5.0,5.5,6.0,5.2,5.5,5.4,5.2,5.4,5.4,5.7,5.5,5.8,5.0,5.3,5.1,5.0,5.4,5.1,5.7,5.5,5.1,5.6,5.1,5.5,5.4,5.6,5.8,4.9,5.5,5.0,5.2,5.1,5.6,5.1,4.6
6256167476,02120769,12/30/2013,5.2,5.0,4.6,5.7,4.7,5.0,4.6,4.7,5.1,4.6,5.0,4.8,5.1,5.5,5.1,5.5,5.1,5.5,5.6,6.0,5.4,5.3,5.4,5.5,5.0,5.4,5.3,5.3,5.1,5.0,5.2,5.1,5.1,5.4,5.6,5.1,6.0,5.5,5.0,5.4,5.3,5.0,5.2,5.6,5.0,5.1,5.7,5.1
6256167476,02120769,12/29/2013,4.7,5.0,4.9,4.8,4.6,5.0,4.7,5.0,4.6,5.0,4.6,5.0,5.6,5.1,5.1,5.2,5.1,5.5,5.4,5.3,5.6,5.8,5.9,5.5,5.7,5.5,5.4,5.5,5.1,5.1,5.5,5.1,5.4,5.0,5.1,5.5,5.2,5.5,5.0,5.2,5.4,5.1,5.6,5.0,5.1,5.1,5.0,5.1
6256167476,02120769,12/28/2013,5.2,4.6,5.1,4.6,5.1,5.3,5.1,4.6,4.7,5.1,5.3,5.0,4.7,5.0,5.2,5.6,5.0,5.4,5.7,5.3,5.9,5.6,5.5,5.0,5.4,5.5,5.1,5.3,5.1,5.1,5.4,5.8,5.0,5.0,5.0,5.0,5.0,5.3,5.4,5.1,5.0,5.1,5.0,5.6,5.0,5.2,5.0,4.9
6256167476,02120769,12/27/2013,4.7,5.1,5.1,4.8,5.6,5.0,4.6,5.1,5.2,4.9,4.8,5.1,5.7,5.0,5.1,6.1,5.6,5.2,5.4,5.8,6.1,5.3,5.5,5.0,5.2,5.6,5.6,5.1,5.4,5.0,5.0,5.2,5.1,5.7,5.1,5.1,5.5,4.9,5.2,5.3,6.1,4.9,4.9,5.0,5.1,5.1,5.0,5.9
6256167476,02120769,12/26/2013,5.1,5.7,4.7,5.1,5.6,4.6,4.7,5.5,4.8,5.0,5.3,4.9,5.0,4.9,5.6,5.2,5.5,6.2,6.1,5.2,5.5,5.6,6.3,5.0,5.8,5.4,5.2,5.8,5.5,5.2,5.1,5.4,5.9,5.2,5.2,5.0,5.2,5.6,5.6,5.1,5.5,5.1,5.5,5.8,5.2,5.0,5.1,5.6
6256167476,02120769,12/25/2013,5.1,5.1,4.6,5.0,5.7,4.7,5.0,4.9,5.2,5.0,5.0,4.7,5.3,5.1,5.2,5.3,5.6,5.4,5.1,6.1,5.6,5.1,5.7,6.1,5.2,5.3,5.6,5.6,5.6,5.0,5.1,6.3,5.1,5.5,5.0,6.0,5.2,5.1,5.5,5.9,5.0,5.5,5.2,5.4,5.2,5.1,5.4,5.1
6256167476,02120769,12/24/2013,5.0,4.8,5.3,4.8,4.9,5.1,4.6,5.0,4.7,5.0,4.6,5.1,4.9,5.1,5.6,5.4,5.5,5.3,5.6,5.4,5.2,5.3,5.5,5.5,5.0,5.5,5.3,5.4,5.5,5.0,5.4,5.1,5.1,5.4,5.1,5.0,5.4,5.2,5.8,5.2,5.0,5.0,5.1,5.0,5.1,5.1,6.0,5.0
6256167476,02120769,12/23/2013,4.0,5.0,4.7,3.8,2.4,4.6,5.1,5.1,3.2,2.5,5.0,4.9,5.0,5.4,3.6,3.1,5.7,5.6,5.8,5.5,2.6,4.7,5.5,5.1,5.3,5.0,5.4,5.1,2.4,3.8,5.2,5.4,5.1,5.0,5.1,5.5,5.3,5.5,5.1,5.1,5.5,5.0,5.2,5.1,5.4,5.1,5.2,5.0
6256167476,02120769,12/22/2013,5.0,5.1,3.3,2.5,5.0,5.0,2.0,3.8,4.7,5.0,2.6,3.4,4.6,4.9,4.9,5.5,5.3,3.1,3.5,6.1,5.6,5.6,5.4,3.0,3.6,5.4,5.6,3.0,3.6,5.3,5.0,3.9,2.7,5.5,5.1,5.4,5.1,4.6,1.9,5.5,5.1,5.4,2.1,4.1,5.2,5.6,4.9,2.3
6256167476,02120769,12/21/2013,5.1,4.9,5.0,5.0,4.6,5.1,4.7,5.0,4.9,4.6,5.0,5.1,4.6,4.9,5.4,5.2,5.4,5.8,5.5,5.4,5.5,5.5,5.3,5.4,5.5,5.0,5.5,2.4,4.2,5.2,5.1,5.3,5.0,5.8,4.9,5.4,5.0,5.3,5.0,5.0,3.8,2.5,5.1,5.1,4.9,2.2,4.1,5.0
6256167476,02120769,12/20/2013,5.1,4.6,5.0,4.8,5.3,4.6,4.9,4.6,5.0,4.7,4.9,5.0,5.2,5.4,5.9,5.8,5.6,5.6,5.1,5.5,5.5,5.2,5.2,5.4,4.9,4.9,4.9,5.0,5.5,5.1,5.0,4.9,5.4,5.0,5.2,5.0,5.2,5.5,5.1,5.5,5.0,5.0,5.1,5.4,5.0,5.1,5.0,5.0
6256167476,02120769,12/19/2013,5.2,5.2,5.1,4.7,5.2,5.4,4.6,5.1,4.5,5.7,4.7,5.0,5.6,6.0,6.1,5.8,5.7,6.1,5.8,5.0,5.6,5.0,5.1,6.2,5.1,5.1,5.1,5.0,5.1,5.1,5.1,5.0,5.1,5.6,5.3,5.5,5.1,5.0,5.5,5.1,5.7,5.1,5.5,5.1,5.1,5.4,5.2,5.0
6256167476,02120769,12/18/2013,5.0,5.3,5.0,4.7,5.1,4.7,5.0,5.2,5.4,4.6,5.0,5.2,5.1,6.4,5.9,5.9,5.5,5.5,5.8,5.7,5.6,5.1,5.2,5.0,5.7,5.7,5.3,5.2,5.1,5.0,5.1,5.6,5.2,5.1,5.4,5.4,5.1,6.2,5.3,5.5,5.2,5.6,5.1,6.2,5.2,5.5,4.9,5.3
6256167476,02120769,12/17/2013,5.1,5.0,5.4,4.9,5.1,4.7,5.0,4.8,5.3,5.5,4.6,5.0,5.6,5.6,5.8,6.5,5.7,5.7,5.5,5.4,5.4,5.6,5.5,5.1,5.1,5.2,5.2,5.7,5.1,5.1,5.1,5.0,5.0,5.0,5.3,5.5,5.7,5.4,5.3,5.5,5.6,5.0,6.3,5.1,5.2,5.4,5.3,5.1
6256167476,02120769,12/16/2013,5.0,5.1,4.9,4.7,5.5,5.1,4.5,5.1,4.7,5.1,5.5,5.1,5.5,5.7,5.8,6.0,6.2,5.6,5.7,5.5,5.4,5.1,5.4,5.8,5.2,5.0,5.6,5.3,5.1,5.1,6.2,5.0,5.2,5.0,5.2,5.5,5.1,6.5,5.5,5.5,5.6,5.5,5.5,5.1,6.1,5.1,5.1,5.2
6256167476,02120769,12/15/2013,5.2,5.0,5.1,5.0,4.8,5.0,5.4,5.1,5.2,4.7,5.1,4.6,4.9,5.2,5.4,5.5,5.0,5.6,5.8,5.6,5.5,6.3,5.6,5.6,5.7,5.2,5.6,5.1,5.9,5.1,5.5,5.9,5.5,5.6,5.2,5.5,5.2,5.6,5.9,5.7,5.8,5.5,5.7,5.0,5.6,5.0,5.6,5.3
6256167476,02120769,12/14/2013,5.0,5.7,5.2,4.7,5.0,5.2,5.2,5.1,4.6,5.1,4.8,5.8,5.0,5.1,4.9,5.4,5.9,5.7,5.6,5.3,5.7,5.7,6.1,5.4,5.6,5.6,5.0,5.5,5.8,5.6,5.1,5.5,5.2,5.6,6.0,5.3,5.6,5.5,5.4,5.5,5.2,6.0,5.6,5.0,5.1,5.4,5.0,5.8
6256167476,02120769,12/13/2013,5.0,5.0,5.3,4.9,4.6,5.7,4.8,5.0,5.3,4.9,5.0,5.4,5.5,5.7,5.9,6.3,5.7,5.4,6.3,5.6,5.3,5.5,5.7,5.4,5.1,4.9,5.8,5.5,5.0,5.1,5.1,5.6,5.3,5.0,5.1,5.5,5.5,5.5,5.1,5.2,6.1,5.4,5.3,5.0,5.4,5.7,5.1,5.1
6256167476,02120769,12/12/2013,4.6,5.0,5.1,5.4,5.0,4.9,5.0,5.1,5.2,4.7,5.0,5.7,5.6,5.9,5.9,6.4,5.7,5.6,5.8,5.2,5.7,5.3,5.9,5.2,5.1,5.2,5.8,5.1,5.1,5.2,5.9,5.1,5.2,5.4,5.7,5.2,5.3,6.0,5.9,5.0,5.5,5.8,5.5,5.3,6.0,5.0,5.2,5.8
6256167476,02120769,12/11/2013,5.2,5.4,5.0,4.8,5.1,5.4,5.1,4.7,5.1,5.2,5.4,5.0,5.5,5.8,6.7,5.6,5.8,5.8,5.8,5.7,5.1,5.8,5.2,5.5,5.1,5.1,5.7,5.4,5.1,5.2,5.1,5.1,5.8,5.0,5.2,5.2,5.3,6.1,5.6,5.1,5.6,5.5,5.9,5.0,5.6,5.3,5.4,5.8
6256167476,02120769,12/10/2013,5.1,5.2,4.8,5.1,5.4,5.0,4.7,5.1,4.6,5.1,4.8,5.6,5.1,5.4,5.1,5.6,5.6,6.0,5.5,5.6,5.8,5.5,5.7,5.4,6.4,5.2,5.6,5.5,5.6,5.1,5.7,5.8,5.5,5.2,5.2,5.4,5.5,5.9,5.4,5.8,5.5,5.6,5.1,5.8,5.5,5.1,5.1,5.2
6256167476,02120769,12/09/2013,5.0,5.0,5.3,5.1,5.3,5.0,5.0,4.6,5.1,5.0,5.0,5.5,5.6,5.6,5.5,5.6,6.1,6.2,5.7,5.4,5.6,5.6,5.2,6.0,5.3,5.5,5.1,5.0,5.1,5.1,5.8,5.1,5.1,5.5,5.0,5.4,5.3,6.2,5.1,5.5,5.9,5.1,5.5,5.2,5.2,6.2,5.1,4.7
6256167476,02120769,12/08/2013,5.1,5.5,5.4,4.8,5.2,4.7,5.0,5.0,4.7,5.1,4.6,5.7,4.6,5.2,5.0,5.2,5.3,5.5,5.6,6.5,5.6,5.7,5.6,5.7,5.5,5.6,5.7,5.7,5.5,5.6,5.4,5.6,5.7,5.8,5.8,5.7,5.5,5.8,5.6,5.7,5.8,5.8,5.6,5.5,5.5,5.2,6.2,5.1
6256167476,02120769,12/07/2013,5.0,5.1,5.1,5.2,5.1,4.8,5.1,4.6,5.2,4.6,5.0,4.8,5.0,5.1,5.0,5.6,5.6,5.5,5.6,5.9,5.5,5.7,5.6,5.6,5.4,5.5,5.5,5.6,5.1,5.8,5.2,5.5,5.5,5.2,5.5,5.1,5.5,5.1,5.4,5.4,5.3,5.0,5.6,5.1,5.4,5.2,5.1,5.1
6256167476,02120769,12/06/2013,4.9,4.7,4.4,1.7,4.9,4.7,3.7,1.6,5.1,4.6,5.0,4.0,2.1,5.4,5.9,5.8,5.5,5.5,5.6,5.2,5.3,5.4,5.3,4.9,5.1,5.0,5.1,5.2,5.1,5.1,5.1,5.1,5.3,5.3,5.1,5.1,5.7,5.1,5.3,5.5,5.1,5.2,5.2,5.6,5.0,5.4,5.2,5.1
6256167476,02120769,12/05/2013,5.0,4.9,5.0,4.6,4.9,5.0,4.6,5.0,4.5,5.0,5.0,5.0,5.5,6.0,5.7,6.0,5.0,5.5,5.5,5.1,5.0,5.0,5.1,4.9,5.1,5.2,5.1,4.9,2.7,3.4,5.0,5.3,3.6,2.3,5.3,5.1,5.1,5.5,5.3,5.2,5.4,4.0,2.4,5.1,5.4,4.9,1.9,4.1
6256167476,02120769,12/04/2013,5.1,5.0,4.7,5.0,4.8,4.9,4.6,5.1,4.6,4.6,5.0,4.9,5.6,5.6,5.6,6.1,5.7,5.5,5.0,5.5,5.4,5.0,5.1,5.1,5.4,4.9,5.3,4.9,5.0,4.9,5.1,4.9,5.0,5.0,5.0,5.3,5.3,5.3,5.3,5.3,5.4,5.4,5.4,4.9,5.3,5.3,5.0,5.1
6256167476,02120769,12/03/2013,4.6,5.0,4.8,5.0,4.7,5.0,4.7,5.0,4.6,4.8,4.8,5.0,5.4,5.4,6.1,5.8,5.7,5.4,5.1,5.2,5.2,5.0,5.4,5.0,5.0,5.0,5.2,5.1,4.8,5.1,4.9,5.1,5.0,5.4,5.1,5.1,5.5,5.1,5.6,5.2,5.6,5.4,5.5,5.3,5.0,5.4,5.0,5.1
6256167476,02120769,12/02/2013,4.6,5.1,5.0,4.6,5.6,4.7,5.0,4.5,5.0,5.1,4.6,5.0,5.6,5.6,6.6,5.8,5.7,5.5,5.5,5.4,5.2,5.3,5.2,5.0,5.0,5.1,5.5,5.3,5.0,5.0,4.9,4.7,5.0,5.0,5.4,5.1,5.5,5.0,5.7,5.5,5.6,5.4,5.0,5.4,5.0,5.4,5.0,5.0
6256167476,02120769,12/01/2013,5.3,5.2,5.1,4.6,5.1,5.2,5.2,5.1,4.6,4.9,5.7,4.6,5.1,5.0,5.6,5.9,5.3,5.3,5.4,6.8,5.5,5.6,5.5,5.7,5.6,6.2,5.6,5.2,5.4,5.3,5.4,5.5,5.0,6.0,5.6,5.4,5.7,5.0,5.5,5.5,5.4,5.6,5.8,5.5,5.1,5.5,5.1,5.0
6256167476,02120769,11/30/2013,5.4,5.3,5.1,4.7,4.9,5.8,4.6,5.1,4.6,5.7,4.8,5.1,4.6,5.8,5.4,5.1,5.7,5.9,6.0,5.6,5.6,6.2,5.2,5.6,5.3,5.5,5.7,5.8,5.0,5.5,5.0,5.1,6.0,5.0,5.2,5.4,5.3,6.1,5.1,5.4,5.4,5.1,5.2,5.9,5.1,5.4,5.1,5.0
6256167476,02120769,11/29/2013,5.3,4.8,5.1,4.5,5.9,4.8,4.9,4.9,4.6,5.6,4.6,5.1,5.4,5.7,5.0,5.6,5.7,5.5,5.6,5.6,6.2,5.5,5.3,5.6,5.1,5.6,5.8,5.2,5.5,5.2,5.1,5.6,5.7,5.1,5.3,5.4,5.1,5.5,5.8,5.1,5.2,5.6,5.0,5.1,5.6,5.1,5.1,5.1
6256167476,02120769,11/28/2013,5.1,5.4,5.1,4.9,4.7,5.5,4.8,5.1,4.7,5.5,5.2,4.6,4.9,5.7,4.9,5.5,5.5,6.1,5.7,5.7,5.7,5.9,5.7,5.6,6.2,5.7,5.7,5.0,5.6,5.8,5.5,5.4,5.1,5.0,5.8,5.5,5.2,5.4,5.0,6.2,5.1,5.4,5.2,5.7,5.3,5.4,5.1,5.1
6256167476,02120769,11/27/2013,5.0,5.1,4.9,5.0,5.5,5.6,4.6,5.1,5.0,5.1,5.1,5.0,5.1,6.2,5.6,5.7,5.7,5.8,5.5,5.8,5.1,6.0,5.6,5.0,5.6,5.3,5.2,5.1,5.4,5.3,5.7,5.4,5.0,5.1,5.4,5.5,5.4,5.6,5.5,5.6,5.5,5.2,5.4,5.1,5.6,5.6,5.0,5.0
6256167476,02120769,11/26/2013,5.0,4.7,5.0,5.0,5.4,4.8,4.6,5.2,5.4,4.7,4.9,5.1,5.6,5.1,6.3,5.6,5.7,5.2,5.7,5.7,5.2,5.5,5.1,5.0,5.5,5.2,5.2,5.2,5.0,5.1,5.5,5.1,5.1,5.2,5.1,5.4,5.2,6.2,5.6,5.6,5.5,5.2,5.5,5.4,6.0,5.9,5.2,5.5
6256167476,02120769,11/25/2013,5.6,5.1,4.6,5.7,4.7,4.8,5.4,5.1,5.0,4.9,5.5,5.1,5.6,6.2,5.7,6.3,6.0,5.4,5.8,5.4,5.4,5.6,5.9,5.1,5.1,5.7,5.1,5.2,5.3,5.3,5.8,5.1,5.0,5.1,5.8,5.0,5.5,5.1,6.1,5.8,5.1,5.5,5.4,5.4,5.5,5.1,5.1,5.8
6256167476,02120769,11/24/2013,5.1,5.1,5.1,5.0,5.7,4.7,5.0,4.8,4.7,5.1,4.6,4.7,5.7,5.2,5.1,5.1,5.6,5.6,6.1,5.7,5.9,5.9,5.7,6.1,5.6,5.5,5.5,5.7,5.6,5.7,5.3,5.6,5.1,6.1,5.2,5.5,5.5,6.2,5.8,5.5,5.7,5.6,5.7,4.9,6.2,5.1,5.3,5.0
6256167476,02120769,11/23/2013,5.2,5.1,4.7,5.3,4.7,4.7,5.1,4.7,4.7,5.1,4.7,4.7,5.0,5.1,5.2,5.7,5.7,5.4,5.6,5.6,5.8,5.7,5.5,5.4,5.6,5.4,5.5,5.5,5.7,5.2,5.7,5.1,5.5,5.1,5.1,5.6,5.0,5.5,5.1,5.5,5.2,5.7,5.1,5.2,5.1,5.4,5.0,4.7
6256167476,02120769,11/22/2013,4.7,5.3,4.7,5.2,4.8,4.7,5.7,4.7,4.7,5.1,4.7,5.1,5.6,5.6,5.8,5.7,5.7,5.6,5.2,5.6,5.0,5.2,5.4,5.1,5.0,5.1,5.1,5.1,5.1,5.1,5.0,5.0,5.1,5.1,5.1,5.1,5.5,5.3,5.1,5.1,5.6,5.1,5.0,5.2,5.5,5.1,5.1,4.7
6256167476,02120769,11/21/2013,1.1,1.6,1.2,0.8,1.9,0.9,0.9,1.8,1.0,1.2,1.3,1.8,1.5,2.0,3.2,4.6,3.2,3.3,6.1,5.6,5.1,6.1,5.2,5.2,5.3,5.8,5.1,5.2,5.1,5.1,5.1,6.0,5.1,5.0,5.3,5.2,5.4,5.2,5.6,5.6,5.9,5.5,5.3,5.4,5.1,5.1,5.1,5.2
6256167476,02120769,11/20/2013,1.2,1.3,0.8,1.0,1.8,1.1,1.2,0.9,0.8,1.9,0.8,1.3,1.8,2.2,2.2,2.0,1.9,1.7,1.8,1.3,1.6,1.3,1.8,1.3,1.3,1.3,1.3,1.9,1.3,1.2,1.0,1.2,1.8,1.4,1.2,1.7,1.4,2.1,1.7,1.7,1.7,1.9,1.7,1.3,1.6,1.9,1.2,1.4
6256167476,02120769,11/19/2013,1.1,1.0,0.8,1.4,0.9,1.3,1.3,0.8,0.8,1.3,0.8,1.2,1.7,1.7,2.3,2.4,1.6,1.7,1.7,1.2,1.6,1.3,1.3,1.3,1.4,1.9,1.2,1.3,1.2,1.3,1.2,1.3,1.2,1.3,1.8,1.3,1.4,1.6,1.8,1.7,1.4,2.2,1.4,1.7,1.2,1.4,1.4,1.8
6256167476,02120769,11/18/2013,1.2,1.7,1.3,1.7,1.3,1.3,1.7,1.2,1.7,1.3,1.7,1.8,1.7,2.3,2.6,2.3,2.3,2.1,1.9,1.2,1.3,1.6,1.2,1.2,1.3,1.2,1.2,1.3,0.8,1.3,1.3,1.3,1.3,1.3,1.2,1.6,1.4,1.3,1.8,1.6,1.7,1.5,1.3,1.5,1.4,1.2,1.2,1.2
6256167476,02120769,11/17/2013,2.0,0.8,1.2,0.9,1.1,0.9,1.2,0.8,0.9,1.1,0.8,0.8,1.2,1.2,1.2,1.9,1.7,1.7,1.8,1.7,1.9,1.7,1.8,1.8,1.7,1.2,1.6,1.6,1.3,1.7,1.2,1.6,1.2,1.6,1.6,1.6,1.6,1.7,1.7,1.7,1.8,1.2,1.3,1.9,1.9,1.1,1.6,1.6
6256167476,02120769,11/16/2013,1.3,1.8,1.3,1.2,1.1,1.0,1.2,1.6,1.2,0.8,0.9,1.2,0.8,1.5,1.8,1.5,1.8,1.7,1.7,1.7,1.7,1.6,1.9,2.2,1.5,1.3,1.6,1.6,1.2,1.6,1.2,1.7,1.2,1.6,1.7,2.2,1.1,1.5,1.7,1.2,1.6,1.3,1.4,1.3,1.2,1.3,1.2,1.2
6256167476,02120769,11/15/2013,1.2,1.8,1.2,0.9,1.8,0.9,1.3,0.9,1.8,0.9,1.2,1.9,1.3,2.2,2.4,2.2,2.4,1.6,1.6,1.9,2.0,1.4,1.5,1.4,1.9,1.5,1.3,1.3,1.3,1.2,1.8,1.3,1.1,1.5,1.2,1.3,2.3,1.5,1.4,1.6,1.5,1.7,1.7,1.5,1.3,1.1,1.4,1.2
6256167476,02120769,11/14/2013,1.7,0.9,1.4,1.2,1.3,1.4,1.2,1.4,1.2,1.1,1.5,1.3,2.2,1.7,2.7,2.3,2.1,1.7,2.3,1.5,1.7,1.3,1.4,1.3,2.2,1.2,1.3,1.2,2.2,1.4,1.3,1.2,1.3,1.9,1.6,1.2,1.4,2.2,1.9,1.3,1.7,1.8,1.9,1.3,1.3,1.8,1.3,1.4
6256167476,02120769,11/13/2013,1.6,0.8,1.2,1.4,1.2,0.9,1.8,0.9,0.9,1.7,1.2,1.6,1.9,1.9,2.7,1.8,1.7,2.4,1.8,1.6,1.3,1.6,1.7,1.3,1.2,1.8,1.5,1.2,1.3,2.0,1.1,1.2,1.5,1.8,1.4,1.5,1.9,1.6,1.6,2.4,1.6,1.3,2.0,1.5,1.6,1.9,1.2,1.4
6256167476,02120769,11/12/2013,1.1,1.3,0.9,1.2,0.8,1.1,1.4,1.3,0.8,1.2,0.8,1.3,1.9,1.7,2.3,1.8,2.7,1.4,1.8,1.2,1.3,1.6,1.3,1.9,1.2,1.4,1.3,1.2,1.4,1.8,1.2,1.2,1.2,1.2,1.4,2.2,1.5,1.5,1.6,2.0,2.0,1.6,1.4,1.3,2.2,1.2,1.3,1.5
6256167476,02120769,11/11/2013,0.8,1.4,0.8,1.2,0.8,1.9,0.8,0.9,1.1,0.9,1.2,1.4,1.6,1.3,1.6,1.7,1.7,2.9,1.6,1.5,1.9,1.9,1.6,1.9,1.5,1.1,1.5,1.3,1.5,1.3,1.2,1.5,1.4,1.2,1.8,1.6,1.3,1.7,1.6,1.6,1.4,1.6,1.2,1.6,2.0,1.2,1.2,0.8
6256167476,02120769,11/10/2013,1.2,0.9,1.1,1.2,0.8,1.4,1.3,1.1,1.0,1.1,1.2,1.3,1.3,1.3,1.2,1.6,1.5,2.3,1.6,1.7,1.6,1.6,1.8,1.7,1.2,1.6,1.2,2.3,1.6,1.2,1.6,1.3,1.6,1.6,1.3,1.8,1.6,2.1,1.7,1.6,1.3,1.7,1.3,1.5,1.5,1.3,1.9,1.2
6256167476,02120769,11/09/2013,1.4,1.2,0.9,1.3,0.9,1.4,1.2,1.3,0.8,1.1,1.4,1.3,0.9,1.5,1.8,2.0,1.7,1.7,1.7,2.3,1.6,2.1,1.3,1.7,1.8,2.3,1.3,1.7,1.2,1.2,1.5,1.4,1.8,1.5,1.7,1.3,1.5,1.3,1.6,1.8,2.0,1.1,1.5,1.2,1.3,1.4,1.6,1.9
6256167476,02120769,11/08/2013,1.1,1.2,0.8,1.2,0.9,0.9,1.2,0.8,1.2,1.6,1.2,1.2,1.2,2.0,2.0,2.0,2.1,2.0,1.7,1.3,1.2,1.7,1.3,1.2,1.3,1.8,1.5,1.6,1.4,1.2,1.2,1.4,1.2,1.2,1.9,1.8,1.6,1.3,1.5,1.6,1.7,1.2,1.8,1.8,1.2,1.2,1.2,1.4
6256167476,02120769,11/07/2013,1.2,1.2,0.8,1.2,0.9,1.2,0.8,1.2,0.8,1.3,1.2,1.2,1.6,1.7,2.3,2.2,1.6,1.6,1.2,1.6,1.4,1.2,1.2,1.2,1.2,1.3,1.2,1.2,1.3,1.2,0.8,1.3,1.2,1.2,1.3,1.6,1.5,1.2,1.7,1.6,1.2,1.7,1.2,1.7,1.3,1.3,1.2,1.7
6256167476,02120769,11/06/2013,1.2,0.8,1.2,0.8,0.8,1.2,0.9,0.8,1.2,0.8,1.2,1.2,1.3,2.2,1.8,2.1,1.6,1.6,1.2,1.6,1.2,1.2,1.3,1.2,1.3,1.2,1.2,1.2,1.1,1.0,1.3,1.2,1.3,1.2,1.2,1.6,1.2,1.7,1.3,1.7,1.7,1.6,1.2,1.3,1.5,1.5,1.4,1.0
6256167476,02120769,11/05/2013,1.1,1.1,1.3,0.8,0.8,1.4,1.5,1.2,0.8,1.3,1.0,1.2,2.3,1.8,2.4,1.7,1.8,2.7,1.7,1.3,1.8,1.1,1.5,1.0,1.0,1.3,1.2,1.9,1.2,1.3,1.3,1.2,1.1,1.3,1.2,1.7,1.4,1.4,1.8,1.3,1.8,1.2,1.6,1.2,1.6,1.3,1.3,0.8
6256167476,02120769,11/04/2013,1.9,0.8,1.4,0.8,1.3,0.9,1.3,0.9,1.3,1.5,1.3,1.2,1.7,1.8,2.4,1.7,2.5,1.8,1.8,1.2,1.3,1.3,1.7,1.2,2.0,1.2,1.2,1.3,1.3,1.2,1.7,1.2,1.2,1.8,1.3,1.3,1.6,1.6,1.4,1.8,2.2,1.4,1.5,1.8,1.3,1.2,1.3,1.8
6256167476,02120769,11/03/2013,1.0,1.0,1.2,0.9,1.2,1.2,0.9,0.9,1.3,0.8,1.2,0.8,1.2,1.0,1.2,1.3,1.2,1.8,1.6,1.8,1.7,2.0,1.9,1.7,1.7,1.3,1.7,1.2,1.7,1.4,1.7,1.2,1.3,1.6,1.4,1.7,1.4,1.7,1.6,1.7,1.7,1.6,1.6,1.7,1.7,1.2,1.2,1.7,0.9,1.2
6256167476,02120769,11/02/2013,1.3,1.0,1.1,1.3,1.0,1.1,0.9,0.9,1.3,0.9,1.3,0.9,1.3,1.2,1.3,1.3,1.7,1.8,1.7,1.8,1.8,1.3,1.8,1.5,1.4,1.6,1.4,1.7,1.2,1.7,1.2,1.3,1.8,1.3,1.3,1.7,1.2,1.8,1.3,1.7,1.7,1.2,1.2,1.2,1.8,1.3,1.3,1.3
6256167476,02120769,11/01/2013,1.3,1.2,0.9,1.2,0.9,1.3,0.9,1.2,0.9,1.2,1.3,1.3,1.2,2.0,1.7,2.2,1.7,1.7,1.6,1.6,1.4,1.2,1.6,1.3,1.6,1.2,1.3,1.5,1.3,1.3,1.4,1.3,1.6,1.3,1.4,1.4,1.2,1.6,1.4,1.8,1.2,1.3,1.4,1.4,1.6,1.4,0.9,1.3
6256167476,02120769,10/31/2013,1.2,1.3,0.9,1.0,1.3,0.9,0.8,0.9,1.1,0.9,1.3,1.2,1.5,1.8,2.2,1.6,1.7,1.7,1.7,1.6,1.4,1.2,1.2,1.2,1.3,1.2,1.6,1.2,1.2,1.2,1.3,1.3,1.2,1.3,1.6,1.4,1.3,1.2,1.2,1.6,1.3,1.6,1.7,1.3,1.6,1.2,1.2,1.2
6256167476,02120769,10/30/2013,1.2,1.0,1.2,0.9,1.2,0.9,0.8,1.2,0.9,0.8,1.2,1.3,1.5,1.5,2.2,1.6,1.8,2.0,1.4,1.2,1.6,1.4,1.3,1.2,1.3,0.9,1.3,1.3,1.3,1.3,0.9,1.3,1.3,1.3,0.9,1.7,1.3,1.5,1.7,1.9,1.5,1.3,1.6,1.5,1.4,1.3,1.3,1.3
6256167476,02120769,10/29/2013,1.1,1.2,0.9,1.2,0.8,0.8,1.2,1.5,0.8,1.2,0.8,1.3,1.6,2.0,1.7,2.1,1.7,1.3,1.7,1.3,1.8,1.3,1.6,1.3,1.2,1.2,1.2,1.2,1.2,1.4,0.8,1.2,1.2,1.2,1.3,1.2,1.2,1.3,1.6,1.7,1.4,1.7,1.3,1.7,1.2,1.2,1.2,1.2
6256167476,02120769,10/28/2013,0.8,1.2,0.8,1.9,0.8,1.2,0.9,0.8,1.2,0.8,1.2,1.1,1.5,1.7,2.8,1.7,1.7,1.6,1.6,1.7,1.2,1.6,1.2,1.7,1.3,1.2,1.2,1.2,1.2,1.3,1.3,1.2,1.2,1.2,1.2,1.6,1.3,1.6,1.7,1.6,1.9,1.2,1.5,1.2,1.5,1.2,1.2,1.1
6256167476,02120769,10/27/2013,1.3,0.9,1.3,0.8,1.2,0.8,1.2,1.4,0.8,1.2,0.9,1.2,0.9,1.2,1.2,1.2,1.7,1.4,2.7,1.7,1.7,1.7,1.7,1.6,1.7,1.3,1.6,1.6,1.3,1.7,1.2,1.7,1.3,1.7,1.6,1.2,1.6,1.7,1.6,1.7,1.7,1.7,1.3,1.7,1.6,1.4,1.2,1.2
6256167476,02120769,10/26/2013,0.9,1.9,0.9,1.2,0.9,1.2,0.8,0.8,1.2,1.5,1.2,0.9,1.3,0.8,1.6,1.3,2.3,1.7,1.8,2.1,1.8,1.9,1.8,1.7,1.7,1.9,1.7,1.3,1.6,1.3,1.7,1.3,1.3,1.7,1.6,1.3,1.7,1.3,1.7,1.7,1.6,1.9,1.2,1.2,1.6,1.2,1.2,1.2
6256167476,02120769,10/25/2013,1.2,0.9,1.2,0.9,1.2,0.8,0.9,1.9,0.8,1.2,0.9,1.2,1.2,1.7,2.1,1.8,2.3,1.8,1.7,1.3,1.7,1.3,1.5,1.5,1.3,1.2,1.2,1.2,1.3,1.3,1.4,1.3,1.2,1.2,1.2,1.5,1.4,1.9,1.6,1.2,1.7,1.3,1.2,1.3,1.3,1.7,1.2,1.2
6256167476,02120769,10/24/2013,1.2,0.8,1.8,0.8,1.2,0.8,1.2,0.8,1.5,1.2,0.8,1.2,1.7,1.8,2.1,1.7,2.1,1.4,1.5,1.6,1.3,1.2,1.6,1.2,1.2,1.2,1.2,1.2,1.2,0.8,1.3,1.2,1.2,1.3,1.3,1.3,1.3,1.4,1.5,1.6,1.6,1.2,1.6,1.9,1.4,1.4,1.3,1.3
6256167476,02120769,10/23/2013,1.2,0.9,1.1,1.5,1.3,0.8,1.0,1.2,0.8,1.3,0.9,1.2,2.1,2.0,2.1,2.0,1.6,1.7,1.9,1.2,1.6,1.8,1.2,1.2,1.2,1.0,1.2,0.8,0.9,1.4,0.9,1.5,0.9,1.9,1.6,1.2,1.4,1.5,1.7,1.6,1.7,1.7,2.2,1.3,1.5,1.2,1.2,1.2
6256167476,02120769,10/22/2013,0.9,1.2,1.5,1.2,0.8,0.9,1.2,0.8,0.8,1.2,0.9,1.9,1.6,1.7,2.1,2.1,1.8,1.9,1.3,1.6,1.9,1.8,1.8,1.6,1.2,1.3,1.2,1.2,1.2,1.2,1.0,1.3,1.2,1.6,1.2,1.2,1.5,1.7,1.6,1.7,1.9,1.6,1.5,1.5,1.2,1.7,1.2,1.2
6256167476,02120769,10/21/2013,1.3,0.9,1.3,0.9,1.9,0.8,0.9,1.3,0.9,1.2,1.4,1.4,1.7,1.5,2.1,2.2,2.2,1.8,1.6,1.3,1.6,1.2,1.7,1.3,1.9,1.3,1.3,1.3,1.2,1.1,1.3,1.3,1.6,0.9,1.7,1.3,1.3,1.4,2.3,1.7,1.5,1.5,1.6,1.5,1.4,1.6,1.2,1.2
6256167476,02120769,10/20/2013,1.3,1.3,1.3,0.9,1.2,0.9,0.9,1.3,1.5,1.2,0.8,1.3,0.9,1.3,1.3,2.4,1.2,1.7,1.9,1.9,1.7,2.0,2.0,1.7,1.5,1.7,1.7,1.5,1.4,1.6,1.6,1.6,1.7,1.3,2.3,1.7,1.3,2.0,1.7,1.8,1.7,1.7,1.3,1.6,1.9,1.6,1.3,1.3
6256167476,02120769,10/19/2013,1.3,0.9,1.3,1.4,0.9,1.3,0.9,1.2,0.9,1.9,0.9,1.3,1.3,1.3,1.3,1.8,1.6,1.9,1.7,2.4,1.7,1.8,1.7,1.8,1.7,1.8,1.3,1.7,1.7,1.3,1.7,1.3,1.6,1.7,1.3,1.7,1.7,1.7,1.6,1.3,1.8,1.2,1.6,1.2,1.2,1.2,1.3,1.9
6256167476,02120769,10/18/2013,1.2,1.0,1.3,1.2,0.9,1.3,0.9,1.3,0.9,1.2,1.0,1.2,1.3,2.1,1.8,2.1,1.6,2.0,1.7,1.7,1.4,1.6,1.2,1.6,1.3,1.3,1.2,1.4,1.5,1.2,1.3,1.3,1.3,1.3,1.3,1.3,1.7,1.3,1.8,1.6,1.4,1.3,1.5,1.5,1.3,1.3,2.0,1.6
6256167476,02120769,10/17/2013,1.2,1.0,1.2,1.2,0.8,1.2,1.0,0.9,1.2,0.8,1.3,1.1,0.0,1.7,2.0,2.4,0.1,1.9,2.0,1.5,1.9,1.5,1.3,1.6,1.1,1.1,1.5,1.2,1.2,1.3,1.2,1.2,1.2,1.2,1.2,1.3,1.6,1.4,1.7,1.7,1.7,1.2,1.7,1.3,1.7,1.3,1.3,1.3
6256167476,02120769,10/16/2013,0.9,1.4,1.2,0.9,1.2,0.9,0.9,1.2,1.0,1.2,1.3,1.2,1.2,1.8,2.1,1.7,1.6,1.6,1.7,1.6,1.3,1.7,1.3,1.2,1.3,1.6,1.2,1.5,1.3,1.2,1.2,1.3,1.2,1.3,1.3,1.7,1.3,1.6,1.7,1.7,1.5,1.7,1.3,1.4,1.6,1.2,1.2,1.4
6256167476,02120769,10/15/2013,1.2,1.2,0.9,1.3,0.9,0.9,1.4,0.9,1.1,1.4,1.2,1.0,1.6,1.7,1.8,2.1,1.9,3.1,1.6,2.1,1.6,2.0,2.1,1.6,1.6,1.7,1.6,2.1,1.6,1.4,1.4,1.3,1.2,1.3,1.3,1.3,1.6,1.4,1.4,1.9,1.6,1.6,1.6,1.6,1.2,1.5,1.3,1.2
6256167476,02120769,10/14/2013,1.3,0.8,1.3,1.5,1.2,0.9,0.9,1.3,0.9,1.2,0.8,1.4,0.8,1.6,1.2,1.7,1.7,1.8,2.8,1.7,1.9,1.3,1.7,1.3,1.6,1.7,1.4,1.4,1.4,1.2,1.3,1.7,1.3,1.2,1.3,1.8,1.6,1.6,1.4,1.7,1.6,1.7,1.2,1.7,1.4,1.3,1.3,1.3
6256167476,02120769,10/13/2013,1.2,0.8,1.3,1.3,0.9,0.9,1.2,0.9,1.3,0.9,1.2,0.8,1.2,0.9,1.3,1.2,1.6,1.6,1.8,1.7,2.0,1.6,1.7,2.1,1.3,1.6,1.6,1.5,1.5,1.2,1.3,1.7,1.2,1.2,1.7,1.7,1.3,1.7,1.4,1.9,1.3,1.6,1.6,1.4,1.2,1.2,1.3,1.3
6256167476,02120769,10/12/2013,1.3,1.3,0.9,1.2,0.9,1.2,1.2,0.9,1.2,0.9,1.2,1.3,0.9,1.2,1.6,1.3,1.7,1.6,1.7,1.7,1.7,1.7,1.8,1.7,1.7,1.3,1.6,1.3,1.7,1.2,1.7,1.4,1.3,1.6,1.2,1.3,1.8,1.3,1.6,1.6,1.3,1.6,1.4,1.2,1.2,1.3,1.4,1.2
6256167476,02120769,10/11/2013,1.3,0.9,1.8,1.0,1.2,0.9,1.2,0.9,1.3,0.9,1.2,1.2,1.2,1.7,2.1,2.1,1.7,1.7,1.7,1.6,1.6,1.5,1.9,1.8,1.4,1.5,1.7,1.3,1.3,1.3,1.3,1.3,1.4,1.7,1.7,1.3,1.6,1.7,1.6,2.1,1.7,1.9,2.0,1.7,1.2,1.6,1.2,1.2
6256167476,02120769,10/10/2013,1.4,1.3,1.5,0.9,1.2,1.3,1.2,0.9,1.4,1.2,0.9,1.3,1.6,2.1,2.2,2.3,2.5,2.1,1.6,1.8,1.6,1.3,1.4,1.6,1.2,1.2,1.2,1.6,1.2,1.3,1.3,1.9,1.3,1.3,1.2,1.2,1.6,1.6,1.4,1.7,1.7,1.5,1.4,1.7,1.2,1.6,1.3,1.2
6256167476,02120769,10/09/2013,1.2,1.0,1.1,0.9,1.3,0.9,1.2,0.9,0.9,1.2,1.0,1.1,1.6,1.7,2.1,1.6,1.8,1.6,1.6,1.3,1.5,1.2,1.2,1.2,1.6,1.2,1.2,1.2,1.2,1.3,1.3,1.2,1.3,1.2,1.2,1.7,1.3,1.7,1.7,1.7,1.7,1.7,1.2,1.6,1.3,1.3,1.6,0.9
6256167476,02120769,10/08/2013,1.2,1.0,1.2,1.0,1.2,0.8,0.9,1.1,1.1,0.9,1.2,1.2,1.3,1.9,2.1,1.7,1.8,1.7,1.7,1.4,1.5,2.1,1.1,1.1,1.1,1.1,1.3,1.2,1.2,1.2,1.2,1.2,1.2,1.3,1.3,1.6,1.4,1.8,1.3,1.7,1.7,1.6,1.6,1.3,1.7,1.3,1.3,1.3
6256167476,02120769,10/07/2013,1.2,0.8,1.2,0.8,0.8,1.3,0.8,0.8,1.2,0.8,0.8,1.2,1.7,1.7,1.8,1.7,1.8,1.7,1.6,1.4,1.6,1.2,1.2,1.7,1.8,1.5,1.4,1.2,1.2,1.8,1.2,1.2,1.7,1.2,1.2,1.6,1.4,1.6,1.7,1.9,1.6,1.5,1.6,1.3,1.3,1.7,1.2,1.0
6256167476,02120769,10/06/2013,1.2,0.8,1.3,0.8,1.2,1.0,0.8,1.2,0.8,0.8,1.2,0.9,1.3,0.8,1.3,1.2,1.7,1.7,1.7,1.8,1.7,1.7,1.7,1.7,1.2,1.7,1.6,1.2,1.3,1.5,1.3,1.3,1.5,1.3,1.7,1.3,1.6,1.5,1.4,1.7,1.7,1.7,1.7,1.3,1.2,1.4,1.4,0.8
6256167476,02120769,10/05/2013,1.2,1.2,0.8,1.2,0.8,0.9,1.4,0.9,0.9,1.2,0.9,1.2,0.9,1.3,1.3,1.7,1.7,1.6,1.7,1.7,1.7,1.6,1.3,1.7,1.6,1.2,1.6,1.2,1.6,1.2,1.6,1.1,1.3,1.6,1.3,1.1,1.6,1.5,1.4,1.7,1.2,1.6,1.3,1.2,1.2,1.3,1.4,1.0
6256167476,02120769,10/04/2013,0.8,1.2,0.9,1.1,0.9,0.9,1.1,0.9,1.2,0.8,1.2,0.9,1.5,1.7,2.1,1.9,1.8,1.6,1.7,1.6,1.4,1.5,1.2,2.7,1.8,1.5,1.1,1.4,1.2,1.1,1.4,1.3,1.2,1.1,1.2,1.5,1.5,1.2,1.6,1.2,1.6,1.3,1.5,1.3,1.3,1.4,1.0,1.2
6256167476,02120769,10/03/2013,1.2,0.9,1.2,1.2,0.9,1.2,1.0,0.9,1.2,0.9,1.2,1.2,1.6,1.8,1.7,1.8,2.1,1.4,1.5,1.8,1.3,1.6,1.2,1.2,1.2,1.2,1.3,1.2,1.2,1.2,1.2,1.2,1.4,1.4,1.1,1.2,1.4,1.5,1.7,1.7,1.3,1.6,1.2,1.6,1.2,1.3,1.6,1.2
6256167476,02120769,10/02/2013,1.4,0.9,1.2,0.9,1.3,0.9,1.2,0.9,1.2,1.2,1.2,1.0,1.5,1.9,2.2,2.0,1.7,2.0,1.7,1.6,1.5,1.6,1.3,1.5,1.2,1.2,1.5,1.2,1.2,1.2,1.2,1.1,1.5,1.2,1.2,1.5,1.2,1.5,1.6,1.7,1.2,1.7,1.4,1.4,1.3,1.5,1.2,1.3
6256167476,02120769,10/01/2013,1.3,0.9,0.9,1.4,0.9,0.8,1.4,0.9,0.8,1.3,0.8,1.2,1.7,1.7,1.8,2.0,1.8,1.9,1.2,1.3,1.8,1.2,1.2,1.4,1.4,0.8,1.3,1.2,1.2,1.2,1.2,1.2,1.2,1.2,1.2,1.6,1.2,1.7,1.2,1.6,1.6,1.6,1.2,1.6,1.4,1.6,1.2,1.2
6256167476,02120769,09/30/2013,0.9,1.3,1.1,1.1,0.9,0.9,1.3,1.0,0.9,1.2,0.9,1.3,1.7,1.6,1.9,1.9,2.1,1.7,1.3,1.6,1.4,1.2,1.2,1.3,1.3,1.2,1.3,1.3,1.3,1.2,1.3,1.2,1.2,1.1,1.4,1.3,1.4,1.7,1.3,1.7,1.7,1.7,1.5,1.4,1.3,1.3,1.2,1.3
6256167476,02120769,09/29/2013,1.4,0.9,1.2,0.9,1.2,1.0,0.9,1.2,0.9,0.9,0.9,1.2,0.9,1.2,1.2,1.3,1.6,1.6,1.8,1.6,1.9,1.8,1.8,1.3,1.7,1.5,1.6,1.2,1.6,1.2,1.4,1.4,1.6,1.3,1.5,1.6,1.6,1.3,1.7,1.7,1.7,1.7,1.6,1.4,1.6,1.2,1.4,1.3
6256167476,02120769,09/28/2013,0.9,1.3,0.9,1.3,1.0,0.9,1.2,0.9,0.9,1.4,0.9,0.9,1.3,1.2,1.2,1.6,1.7,1.7,1.8,1.7,2.2,1.3,1.5,1.6,1.7,1.5,1.5,1.3,1.6,1.2,1.2,1.6,1.3,1.4,1.6,1.2,1.6,1.4,1.7,1.3,1.6,1.4,1.5,1.4,1.3,1.3,1.2,1.3
6256167476,02120769,09/27/2013,1.2,0.9,1.3,0.9,1.2,0.9,1.0,0.9,1.2,0.9,1.3,1.3,1.4,1.7,2.1,1.7,1.8,1.7,1.6,1.4,1.7,1.3,1.6,1.2,1.2,1.2,1.3,1.2,1.3,1.3,1.3,1.2,1.2,1.3,1.6,1.3,1.4,1.5,1.7,1.3,1.6,1.4,1.4,1.6,1.3,1.2,1.3,1.3
6256167476,02120769,09/26/2013,1.0,1.4,0.9,1.4,1.0,1.0,1.3,0.9,1.0,1.3,0.9,1.3,1.8,1.8,2.1,1.8,2.0,1.5,1.7,1.3,1.5,1.1,1.2,1.0,1.3,1.2,1.2,1.3,1.2,1.2,1.2,0.9,1.2,1.3,1.2,1.2,1.3,1.7,1.3,1.8,1.8,1.3,1.4,1.5,1.3,1.3,1.4,1.3
6256167476,02120769,09/25/2013,1.4,1.0,1.3,0.9,1.0,1.3,1.0,1.0,1.3,1.3,1.7,1.7,1.7,2.2,1.7,1.3,1.4,1.5,1.1,1.2,1.3,1.4,1.3,1.2,1.3,1.3,1.0,1.3,1.3,1.3,1.4,1.3,1.0,1.2,1.8,1.4,1.4,1.8,1.4,1.8,1.4,1.5,1.8,1.5,1.4,1.3
